"TOA5","Tlk_InletCR800_2","CR800","1025","CR800.Std.32.05","CPU:CR800_Tlk_inlet_v1.1.CR8","22673","Tl_intet"
"TIMESTAMP","RECORD","Cond_Avg","Cond_uS_Avg","Ct_Avg","Temp_C_Avg","Lvl_mm","enter_obs_gage_ht_mm","BattV_Min"
"TS","RN","mS/cm","uS/cm","mS/cm","Deg C","mm","","Volts"
"","","Avg","Avg","Avg","Avg","Smp","Smp","Min"
"2026-06-03 10:30:00",0,0.03781977,37.82,0.01933371,0.56,0,0,12.85
"2026-06-03 11:00:00",1,0.03767164,37.67,0.0192566,0.559,0,0,12.84
"2026-06-03 11:30:00",2,0.03741048,37.41,0.01916578,0.616,0,0,12.9
"2026-06-03 09:00:00",3,0.03677136,36.77,0.01897616,0.803,0,0,12.88
"2026-06-03 09:30:00",4,0.03666516,36.67,0.01897721,0.879,0,0,12.86
"2026-06-03 10:00:00",5,0.03673689,36.74,0.01907596,0.963,0,0,12.95
"2026-06-03 10:30:00",6,0.03716319,37.16,0.01935835,1.045,0,0,13
"2026-06-03 11:00:00",7,0.03729554,37.3,0.0195037,1.148,0,0,13.13
"2026-06-03 11:30:00",8,0.03711114,37.11,0.01952791,1.31,0,0,13.5
"2026-06-03 12:00:00",9,0.03667621,36.68,0.01930571,1.319,0,0,13.52
"2026-06-03 12:30:00",10,0.03662434,36.62,0.01932541,1.383,0,0,13.65
"2026-06-03 13:00:00",11,0.03655147,36.55,0.01926368,1.351,0,0,13.67
"2026-06-03 13:30:00",12,0.03648789,36.49,0.01931268,1.465,0,0,13.71
"2026-06-03 14:00:00",13,0.03604094,36.04,0.01921852,1.662,0,0,13.68
"2026-06-03 14:30:00",14,0.03557333,35.57,0.01894976,1.635,0,0,13.7
"2026-06-03 15:00:00",15,0.03501583,35.02,0.01869581,1.696,0,0,13.7
"2026-06-03 15:30:00",16,0.03480736,34.81,0.01857678,1.685,0,0,13.7
"2026-06-03 16:00:00",17,0.03461557,34.62,0.01856145,1.811,45,0,13.73
"2026-06-03 16:30:00",18,0.0351343,35.13,0.01868729,1.594,84.2,0,13.74
"2026-06-03 17:00:00",19,0.03474606,34.75,0.01845777,1.561,88.8,0,13.76
"2026-06-03 17:30:00",20,0.03665744,36.66,0.01940612,1.469,90,0,13.62
"2026-06-03 18:00:00",21,0.03545154,35.45,0.01862342,1.266,108.5,0,13.38
"2026-06-03 18:30:00",22,0.03527165,35.27,0.01848255,1.2,101.5,0,13.25
"2026-06-03 19:00:00",23,0.03629801,36.3,0.01899352,1.163,106.2,0,13.15
"2026-06-03 19:30:00",24,0.03509666,35.1,0.01833921,1.127,107.3,0,13.12
"2026-06-03 20:00:00",25,0.03497865,34.98,0.01825297,1.092,108.5,0,13.08
"2026-06-03 20:30:00",26,0.0363143,36.31,0.01894776,1.089,91.2,0,13.06
"2026-06-03 21:00:00",27,0.03734308,37.34,0.01946076,1.057,102.7,0,13.01
"2026-06-03 21:30:00",28,0.03817332,38.17,0.01978763,0.919,139.6,0,13
"2026-06-03 22:00:00",29,0.03275269,32.75,0.01689292,0.787,148.8,0,12.98
"2026-06-03 22:30:00",30,0.0267202,26.72,0.01377213,0.771,161.5,0,12.98
"2026-06-03 23:00:00",31,0.02654332,26.54,0.01363188,0.679,166.2,0,12.97
"2026-06-03 23:30:00",32,0.02689042,26.89,0.01377769,0.618,161.5,0,12.95
"2026-06-04 00:00:00",33,0.02665705,26.66,0.01363609,0.577,158.1,0,12.93
"2026-06-04 00:30:00",34,0.02770073,27.7,0.01418182,0.598,151.2,0,12.91
"2026-06-04 01:00:00",35,0.02776973,27.77,0.01420216,0.571,147.7,0,12.89
"2026-06-04 01:30:00",36,0.02807112,28.07,0.01433778,0.538,141.9,0,12.87
"2026-06-04 02:00:00",37,0.02782537,27.83,0.01420873,0.532,135,0,12.87
"2026-06-04 02:30:00",38,0.02855838,28.56,0.01457626,0.52,128.1,0,12.86
"2026-06-04 03:00:00",39,0.03008038,30.08,0.01535334,0.521,123.5,0,12.83
"2026-06-04 03:30:00",40,0.02995951,29.96,0.01527762,0.497,115.4,0,12.84
"2026-06-04 04:00:00",41,0.03010683,30.11,0.01533366,0.465,108.5,0,12.82
"2026-06-04 04:30:00",42,0.02980146,29.8,0.01518075,0.47,102.7,0,12.83
"2026-06-04 05:00:00",43,0.02939537,29.4,0.01497807,0.477,96.9,0,12.83
"2026-06-04 05:30:00",44,0.02952445,29.52,0.0150371,0.466,91.2,0,12.83
"2026-06-04 06:00:00",45,0.02954098,29.54,0.01504837,0.47,84.2,0,12.81
"2026-06-04 06:30:00",46,0.0296944,29.69,0.0151306,0.477,78.46,0,12.83
"2026-06-04 07:00:00",47,0.02987552,29.88,0.01522782,0.485,75,0,12.81
"2026-06-04 07:30:00",48,0.02917037,29.17,0.01487361,0.494,71.54,0,12.83
"2026-06-04 08:00:00",49,0.02869314,28.69,0.01463959,0.511,69.23,0,12.83
"2026-06-04 08:30:00",50,0.02850544,28.51,0.01455297,0.527,65.77,0,12.85
"2026-06-04 09:00:00",51,0.028507,28.51,0.01456102,0.539,63.46,0,12.86
"2026-06-04 09:30:00",52,0.02837084,28.37,0.0144968,0.549,-1.154,0,12.83
"2026-06-04 10:00:00",53,0.02809289,28.09,0.01436321,0.564,-2.308,0,12.91
"2026-06-04 10:30:00",54,0.02788297,27.88,0.01425933,0.57,-4.615,0,12.93
"2026-06-04 11:00:00",55,0.02781828,27.82,0.01424146,0.597,-8.08,0,12.95
"2026-06-04 11:30:00",56,0.02781295,27.81,0.01425233,0.622,-9.23,0,13.03
"2026-06-04 12:00:00",57,0.02775086,27.75,0.01422657,0.633,-12.69,0,13.06
"2026-06-04 12:30:00",58,0.02755903,27.56,0.01413865,0.652,-17.31,0,13.1
"2026-06-04 13:00:00",59,0.02744851,27.45,0.0140945,0.674,-34.62,0,13.19
"2026-06-04 13:30:00",60,0.02752575,27.53,0.01415072,0.704,-23.08,0,13.34
"2026-06-04 14:00:00",61,0.02758614,27.59,0.01419154,0.722,-24.23,0,13.48
"2026-06-04 14:30:00",62,0.02792827,27.93,0.01444286,0.857,-28.85,0,13.68
"2026-06-04 15:00:00",63,0.02854337,28.54,0.0148046,0.934,-32.31,0,13.66
"2026-06-04 15:30:00",64,0.02840919,28.41,0.01475569,0.97,-35.77,0,13.62
"2026-06-04 16:00:00",65,0.02825308,28.25,0.01471189,1.036,-39.23,0,13.68
"2026-06-04 16:30:00",66,0.02819158,28.19,0.01476617,1.189,-41.54,0,14.02
"2026-06-04 17:00:00",67,0.02806387,28.06,0.01471775,1.222,-42.69,0,13.75
"2026-06-04 17:30:00",68,0.02792298,27.92,0.01458448,1.115,-46.15,0,13.54
"2026-06-04 18:00:00",69,0.02768297,27.68,0.01441361,1.033,-49.62,0,13.43
"2026-06-04 18:30:00",70,0.02750641,27.51,0.01428542,0.967,-50.77,0,13.42
"2026-06-04 19:00:00",71,0.02742931,27.43,0.01423783,0.954,-53.08,0,13.38
"2026-06-04 19:30:00",72,0.02736313,27.36,0.01419011,0.929,-56.54,0,13.27
"2026-06-04 20:00:00",73,0.02736582,27.37,0.01415482,0.862,-58.85,0,13.13
"2026-06-04 20:30:00",74,0.02740511,27.41,0.01413176,0.783,-63.46,0,13.1
"2026-06-04 21:00:00",75,0.02736895,27.37,0.01406961,0.704,-64.62,0,13.05
"2026-06-04 21:30:00",76,0.02734501,27.35,0.01402639,0.647,-65.77,0,13.01
"2026-06-04 22:00:00",77,0.02728886,27.29,0.01398028,0.615,-68.08,0,12.97
"2026-06-04 22:30:00",78,0.02725405,27.25,0.01394792,0.589,-71.54,0,12.94
"2026-06-04 23:00:00",79,0.02716941,27.17,0.01387538,0.535,-73.85,0,12.88
"2026-06-04 23:30:00",80,0.02711672,27.12,0.01383575,0.511,-77.31,0,12.88
"2026-06-05 00:00:00",81,0.02710136,27.1,0.01381086,0.48,-83.1,0,12.85
"2026-06-05 00:30:00",82,0.02711304,27.11,0.01380032,0.45,-85.4,0,12.84
"2026-06-05 01:00:00",83,0.02713603,27.14,0.01379504,0.418,-88.8,0,12.83
"2026-06-05 01:30:00",84,0.02713494,27.13,0.01378687,0.404,-92.3,0,12.83
"2026-06-05 02:00:00",85,0.02714855,27.15,0.01378696,0.392,-93.5,0,12.8
"2026-06-05 02:30:00",86,0.02722168,27.22,0.01381963,0.384,-95.8,0,12.8
"2026-06-05 03:00:00",87,0.02725549,27.26,0.0138328,0.376,-98.1,0,12.81
"2026-06-05 03:30:00",88,0.02722127,27.22,0.01381226,0.37,-101.5,0,12.8
"2026-06-05 04:00:00",89,0.02725182,27.25,0.01382653,0.368,-105,0,12.82
"2026-06-05 04:30:00",90,0.02726599,27.27,0.01383076,0.363,-108.5,0,12.81
"2026-06-05 05:00:00",91,0.02729141,27.29,0.01384802,0.371,-111.9,0,12.79
"2026-06-05 05:30:00",92,0.02731107,27.31,0.0138633,0.38,-114.2,0,12.79
"2026-06-05 06:00:00",93,0.02732629,27.33,0.01387663,0.391,-117.7,0,12.81
"2026-06-05 06:30:00",94,0.02732607,27.33,0.01389433,0.423,-120,0,12.81
"2026-06-05 07:00:00",95,0.02731231,27.31,0.01389849,0.444,-122.3,0,12.81
"2026-06-05 07:30:00",96,0.02730274,27.3,0.01392654,0.504,-124.6,0,12.84
"2026-06-05 08:00:00",97,0.02731808,27.32,0.01395218,0.537,-126.9,0,12.87
"2026-06-05 08:30:00",98,0.02734097,27.34,0.01400614,0.614,-135,0,12.87
"2026-06-05 09:00:00",99,0.02741588,27.42,0.01408085,0.68,-133.8,0,12.94
"2026-06-05 09:30:00",100,0.02745231,27.45,0.01413472,0.744,-130.4,0,13
"2026-06-05 10:00:00",101,0.0274116,27.41,0.01416724,0.842,-130.4,0,13.07
"2026-06-05 10:30:00",102,0.02738828,27.39,0.01424343,1.003,-132.7,0,13.25
"2026-06-05 11:00:00",103,0.02739696,27.4,0.01429249,1.084,-133.8,0,13.46
"2026-06-05 11:30:00",104,0.02742367,27.42,0.01439587,1.247,-136.2,0,13.76
"2026-06-05 12:00:00",105,0.02745389,27.45,0.01446698,1.348,-136.2,0,13.92
"2026-06-05 12:30:00",106,0.0274921,27.49,0.01456811,1.495,-138.5,0,13.98
"2026-06-05 13:00:00",107,0.02753247,27.53,0.01467489,1.65,-139.6,0,13.99
"2026-06-05 13:30:00",108,0.02755355,27.55,0.01469477,1.666,-140.8,0,13.95
"2026-06-05 14:00:00",109,0.02887973,28.88,-0.006363361,1.797,-143.1,0,13.95
"2026-06-05 14:30:00",110,0.03879641,38.8,0.02108227,2.17,-143.1,0,13.9
"2026-06-05 15:00:00",111,0.03875448,38.75,0.02111996,2.248,-144.2,0,13.88
"2026-06-05 15:30:00",112,0.0386993,38.7,0.02116749,2.349,-145.4,0,13.87
"2026-06-05 16:00:00",113,0.03866591,38.67,0.02117813,2.386,-146.5,0,13.85
"2026-06-05 16:30:00",114,0.03869443,38.69,0.02115406,2.335,-146.5,0,13.86
"2026-06-05 17:00:00",115,0.03848868,38.49,0.02104488,2.339,-147.7,0,13.84
"2026-06-05 17:30:00",116,0.03831335,38.31,0.02094814,2.338,-148.8,0,13.86
"2026-06-05 18:00:00",117,0.0383504,38.35,0.02082442,2.15,-148.8,0,13.73
"2026-06-05 18:30:00",118,0.0383293,38.33,0.02068512,1.983,-150,0,13.48
"2026-06-05 19:00:00",119,0.03824664,38.25,0.02050706,1.809,-150,0,13.37
"2026-06-05 19:30:00",120,0.03807604,38.08,0.0203075,1.667,-151.2,0,13.32
"2026-06-05 20:00:00",121,0.03806878,38.07,0.02021785,1.554,-152.3,0,13.28
"2026-06-05 20:30:00",122,0.03806845,38.07,0.02016067,1.48,-153.5,0,13.26
"2026-06-05 21:00:00",123,0.03815109,38.15,0.02014365,1.4,-154.6,0,13.14
"2026-06-05 21:30:00",124,0.03821588,38.22,0.02008086,1.273,-155.8,0,13.09
"2026-06-05 22:00:00",125,0.0382063,38.21,0.02001525,1.194,-156.9,0,13.08
"2026-06-05 22:30:00",126,0.0382626,38.26,0.01997438,1.102,-159.2,0,13.06
"2026-06-05 23:00:00",127,0.03832543,38.33,0.01995078,1.028,-162.7,0,13.02
"2026-06-05 23:30:00",128,0.0383313,38.33,0.01990715,0.967,-162.7,0,13.03
"2026-06-06 00:00:00",129,0.03828866,38.29,0.01983727,0.905,-165,0,13.01
"2026-06-06 00:30:00",130,0.03827066,38.27,0.01978971,0.855,-165,0,13
"2026-06-06 01:00:00",131,0.03834535,38.35,0.01979902,0.817,-167.3,0,12.99
"2026-06-06 01:30:00",132,0.03840064,38.4,0.01979995,0.781,-167.3,0,12.97
"2026-06-06 02:00:00",133,0.03835868,38.36,0.01975961,0.756,-169.6,0,12.97
"2026-06-06 02:30:00",134,0.03838781,38.39,0.01975079,0.725,-170.8,0,12.95
"2026-06-06 03:00:00",135,0.0384398,38.44,0.01976117,0.704,-173.1,0,12.95
"2026-06-06 03:30:00",136,0.03853343,38.53,0.01979723,0.688,-174.2,0,12.94
"2026-06-06 04:00:00",137,0.03863526,38.64,0.0198437,0.681,-176.5,0,12.91
"2026-06-06 04:30:00",138,0.03871755,38.72,0.01989047,0.687,-178.8,0,12.92
"2026-06-06 05:00:00",139,0.0387549,38.75,0.01991192,0.69,-180,0,12.9
"2026-06-06 05:30:00",140,0.03872662,38.73,0.01989514,0.687,-181.2,0,12.9
"2026-06-06 06:00:00",141,0.03868804,38.69,0.01988861,0.704,-182.3,0,12.87
"2026-06-06 06:30:00",142,0.03868283,38.68,0.01990975,0.735,-183.5,0,12.88
"2026-06-06 07:00:00",143,0.03871361,38.71,0.01995244,0.769,-184.6,0,12.87
"2026-06-06 07:30:00",144,0.03867012,38.67,0.01997775,0.831,-186.9,0,12.89
"2026-06-06 08:00:00",145,0.03864941,38.65,0.02002287,0.903,-188.1,0,12.92
"2026-06-06 08:30:00",146,0.03869142,38.69,0.02010977,0.987,-188.1,0,12.94
"2026-06-06 09:00:00",147,0.03873467,38.73,0.02021834,1.098,-190.4,0,12.97
"2026-06-06 09:30:00",148,0.03875758,38.76,0.02029528,1.182,-190.4,0,12.99
"2026-06-06 10:00:00",149,0.03874265,38.74,0.02037346,1.293,-192.7,0,13.08
"2026-06-06 10:30:00",150,0.03875418,38.75,0.0204613,1.399,-193.8,0,13.17
"2026-06-06 11:00:00",151,0.03903327,39.03,0.02073649,1.562,-195,0,13.29
"2026-06-06 11:30:00",152,0.03956558,39.57,0.02115773,1.737,-196.2,0,13.56
"2026-06-06 12:00:00",153,0.03968554,39.69,0.02137443,1.93,-197.3,0,13.84
"2026-06-06 12:30:00",154,0.03973078,39.73,0.02149571,2.052,-198.5,0,13.91
"2026-06-06 13:00:00",155,0.03972416,39.72,0.02173862,2.362,-198.5,0,13.86
"2026-06-06 13:30:00",156,0.0397123,39.71,0.02194681,2.632,-199.6,0,13.84
"2026-06-06 14:00:00",157,0.03971803,39.72,0.02211531,2.84,-200.8,0,13.79
"2026-06-06 14:30:00",158,0.0397737,39.77,0.02231588,3.054,-200.8,0,13.81
"2026-06-06 15:00:00",159,0.03977702,39.78,0.02244824,3.218,-200.8,0,13.78
"2026-06-06 15:30:00",160,0.03974449,39.74,0.02253992,3.356,-201.9,0,13.81
"2026-06-06 16:00:00",161,0.03979558,39.8,0.0225842,3.375,-201.9,0,13.8
"2026-06-06 16:30:00",162,0.039795,39.79,0.02263111,3.435,-201.9,0,13.78
"2026-06-06 17:00:00",163,0.03979147,39.79,0.02264983,3.461,-201.9,0,13.78
"2026-06-06 17:30:00",164,0.03980146,39.8,0.02264921,3.453,-201.9,0,13.78
"2026-06-06 18:00:00",165,0.03977399,39.77,0.02253695,3.331,-200.8,0,13.76
"2026-06-06 18:30:00",166,0.03977343,39.77,0.0223365,3.08,-200.8,0,13.59
"2026-06-06 19:00:00",167,0.03973078,39.73,0.02211227,2.828,-199.6,0,13.47
"2026-06-06 19:30:00",168,0.03976525,39.77,0.02201306,2.679,-199.6,0,13.31
"2026-06-06 20:00:00",169,0.03964067,39.64,0.02177766,2.469,-199.6,0,13.22
"2026-06-06 20:30:00",170,0.03962529,39.63,0.02161914,2.279,-198.5,0,13.16
"2026-06-06 21:00:00",171,0.03954913,39.55,0.0214284,2.091,-197.3,0,13.09
"2026-06-06 21:30:00",172,0.03944613,39.45,0.02123735,1.919,-196.2,0,13.1
"2026-06-06 22:00:00",173,0.03936668,39.37,0.02108288,1.778,-196.2,0,13.06
"2026-06-06 22:30:00",174,0.03923863,39.24,0.02091382,1.649,-195,0,13.06
"2026-06-06 23:00:00",175,0.0390805,39.08,0.02071275,1.5,-193.8,0,13.03
"2026-06-06 23:30:00",176,0.0389931,38.99,0.02059791,1.412,-192.7,0,13.04
"2026-06-07 00:00:00",177,0.03894105,38.94,0.02051542,1.342,-195,0,13
"2026-06-07 00:30:00",178,0.03893858,38.94,0.02047094,1.286,-196.2,0,12.99
"2026-06-07 01:00:00",179,0.03880845,38.81,0.02036813,1.242,-196.2,0,12.99
"2026-06-07 01:30:00",180,0.03864712,38.65,0.02025383,1.204,-196.2,0,12.97
"2026-06-07 02:00:00",181,0.03855235,38.55,0.02016095,1.147,-193.8,0,12.94
"2026-06-07 02:30:00",182,0.03845047,38.45,0.02007615,1.107,-193.8,0,12.93
"2026-06-07 03:00:00",183,0.0383875,38.39,0.02001985,1.076,-193.8,0,12.94
"2026-06-07 03:30:00",184,0.03822334,38.22,0.01990292,1.035,-192.7,0,12.91
"2026-06-07 04:00:00",185,0.03807878,38.08,0.01979263,0.989,-189.2,0,12.91
"2026-06-07 04:30:00",186,0.03807499,38.07,0.01976404,0.954,-186.9,0,12.9
"2026-06-07 05:00:00",187,0.03813717,38.14,0.01976668,0.915,-185.8,0,12.87
"2026-06-07 05:30:00",188,0.03823188,38.23,0.01980697,0.904,-185.8,0,12.88
"2026-06-07 06:00:00",189,0.03835728,38.36,0.01986574,0.896,-185.8,0,12.85
"2026-06-07 06:30:00",190,0.03845308,38.45,0.01992851,0.913,-186.9,0,12.84
"2026-06-07 07:00:00",191,0.03849676,38.5,0.01994918,0.91,-186.9,0,12.84
"2026-06-07 07:30:00",192,0.03858931,38.59,0.020011,0.928,-185.8,0,12.85
"2026-06-07 08:00:00",193,0.038604,38.6,0.02001608,0.925,-186.9,0,12.85
"2026-06-07 08:30:00",194,0.03855801,38.56,0.02003356,0.978,-186.9,0,12.9
"2026-06-07 09:00:00",195,0.03857984,38.58,0.02009638,1.045,-186.9,0,12.94
"2026-06-07 09:30:00",196,0.03864138,38.64,0.02020067,1.139,-195,0,12.99
"2026-06-07 10:00:00",197,0.03859226,38.59,0.02031887,1.325,-196.2,0,13.13
"2026-06-07 10:30:00",198,0.03861876,38.62,0.0204395,1.463,-193.8,0,13.23
"2026-06-07 11:00:00",199,0.03859692,38.6,0.02049187,1.546,-190.4,0,13.35
"2026-06-07 11:30:00",200,0.03848929,38.49,0.02041945,1.526,-188.1,0,13.27
"2026-06-07 12:00:00",201,0.0383895,38.39,0.02041961,1.595,-184.6,0,13.29
"2026-06-07 12:30:00",202,0.03841487,38.41,0.02050221,1.685,-183.5,0,13.34
"2026-06-07 13:00:00",203,0.03847647,38.48,0.02058448,1.749,-183.5,0,13.54
"2026-06-07 13:30:00",204,0.03846185,38.46,0.02064715,1.841,-183.5,0,13.56
"2026-06-07 14:00:00",205,0.03845334,38.45,0.02081048,2.059,-183.5,0,13.98
"2026-06-07 14:30:00",206,0.03841055,38.41,0.020929,2.244,-184.6,0,13.97
"2026-06-07 15:00:00",207,0.03845108,38.45,0.02093018,2.217,-184.6,0,13.77
"2026-06-07 15:30:00",208,0.03842487,38.42,0.02089589,2.191,-184.6,0,13.67
"2026-06-07 16:00:00",209,0.03840986,38.41,0.02083005,2.115,-184.6,0,13.54
"2026-06-07 16:30:00",210,0.0382989,38.3,0.0207072,2.034,-184.6,0,13.53
"2026-06-07 17:00:00",211,0.03823912,38.24,0.02066201,2.017,-184.6,0,13.56
"2026-06-07 17:30:00",212,0.03821409,38.21,0.02056408,1.906,-184.6,0,13.49
"2026-06-07 18:00:00",213,0.03813117,38.13,0.02047063,1.842,-184.6,0,13.37
"2026-06-07 18:30:00",214,0.03811966,38.12,0.02041821,1.782,-184.6,0,13.36
"2026-06-07 19:00:00",215,0.03808865,38.09,0.02038042,1.754,-184.6,0,13.33
"2026-06-07 19:30:00",216,0.0380687,38.07,0.02032038,1.689,-184.6,0,13.23
"2026-06-07 20:00:00",217,0.03803637,38.04,0.02021123,1.568,-184.6,0,13.09
"2026-06-07 20:30:00",218,0.03798891,37.99,0.02006484,1.409,-184.6,0,13.07
"2026-06-07 21:00:00",219,0.03797158,37.97,0.01996613,1.291,-184.6,0,13.05
"2026-06-07 21:30:00",220,0.03791545,37.92,0.01980563,1.118,-184.6,0,13.01
"2026-06-07 22:00:00",221,0.03784624,37.85,0.01971485,1.046,-184.6,0,13
"2026-06-07 22:30:00",222,0.03772682,37.73,0.0195647,0.929,-184.6,0,12.97
"2026-06-07 23:00:00",223,0.03775508,37.76,0.01952106,0.852,-184.6,0,12.93
"2026-06-07 23:30:00",224,0.03777739,37.78,0.01950754,0.819,-184.6,0,12.9
"2026-06-08 00:00:00",225,0.03780621,37.81,0.01949022,0.776,-185.8,0,12.88
"2026-06-08 00:30:00",226,0.03781795,37.82,0.01946608,0.737,-185.8,0,12.85
"2026-06-08 01:00:00",227,0.0378188,37.82,0.01944386,0.707,-186.9,0,12.83
"2026-06-08 01:30:00",228,0.0377964,37.8,0.01940111,0.665,-186.9,0,12.84
"2026-06-08 02:00:00",229,0.03775091,37.75,0.01935535,0.636,-188.1,0,12.83
"2026-06-08 02:30:00",230,0.03776115,37.76,0.0193288,0.594,-188.1,0,12.82
"2026-06-08 03:00:00",231,0.03783624,37.84,0.01932252,0.534,-189.2,0,12.81
"2026-06-08 03:30:00",232,0.0378872,37.89,0.01932259,0.5,-189.2,0,12.81
"2026-06-08 04:00:00",233,0.03788159,37.88,0.01929175,0.463,-190.4,0,12.81
"2026-06-08 04:30:00",234,0.03789695,37.9,0.01928935,0.45,-190.4,0,12.8
"2026-06-08 05:00:00",235,0.03784309,37.84,0.01922846,0.406,-190.4,0,12.79
"2026-06-08 05:30:00",236,0.03780986,37.81,0.01921335,0.408,-190.4,0,12.8
"2026-06-08 06:00:00",237,0.0377681,37.77,0.01920962,0.431,-191.5,0,12.79
"2026-06-08 06:30:00",238,0.03778745,37.79,0.0192249,0.438,-191.5,0,12.8
"2026-06-08 07:00:00",239,0.03785523,37.86,0.01926859,0.45,-191.5,0,12.81
"2026-06-08 07:30:00",240,0.03797587,37.98,0.01934385,0.469,-191.5,0,12.83
"2026-06-08 08:00:00",241,0.0379928,37.99,0.0193972,0.527,-191.5,0,12.88
"2026-06-08 08:30:00",242,0.03800619,38.01,0.01947457,0.62,-192.7,0,12.95
"2026-06-08 09:00:00",243,0.0381324,38.13,0.01962184,0.729,-193.8,0,13.07
"2026-06-08 09:30:00",244,0.03839308,38.39,0.01983496,0.831,-198.5,0,13.19
"2026-06-08 10:00:00",245,0.03866984,38.67,0.02008667,0.972,-200.8,0,13.37
"2026-06-08 10:30:00",246,0.03876045,38.76,0.02022018,1.084,-200.8,0,13.63
"2026-06-08 11:00:00",247,0.03874063,38.74,0.02038436,1.309,-200.8,0,13.79
"2026-06-08 11:30:00",248,0.03889833,38.9,0.02065232,1.546,-199.6,0,14.15
"2026-06-08 12:00:00",249,0.03916568,39.17,0.02093171,1.722,-201.9,0,14.12
"2026-06-08 12:30:00",250,0.03910627,39.11,0.02106324,1.931,-201.9,0,14.13
"2026-06-08 13:00:00",251,0.03907305,39.07,0.02113459,2.045,-201.9,0,14.11
"2026-06-08 13:30:00",252,0.03905065,39.05,0.02116764,2.103,-201.9,0,14.08
"2026-06-08 14:00:00",253,0.03902597,39.03,0.02113812,2.082,-203.1,0,14.07
"2026-06-08 14:30:00",254,0.03901957,39.02,0.02111617,2.058,-203.1,0,14.04
"2026-06-08 15:00:00",255,0.03900671,39.01,0.02108814,2.031,-203.1,0,14.04
"2026-06-08 15:30:00",256,0.03903852,39.04,0.02110963,2.037,-204.2,0,14.06
"2026-06-08 16:00:00",257,0.03907382,39.07,0.02110294,2.004,-204.2,0,14.01
"2026-06-08 16:30:00",258,0.03907281,39.07,0.02104782,1.934,-204.2,0,13.96
"2026-06-08 17:00:00",259,0.0390792,39.08,0.02098352,1.847,-204.2,0,13.95
"2026-06-08 17:30:00",260,0.03905672,39.06,0.02094746,1.817,-205.4,0,14.05
"2026-06-08 18:00:00",261,0.03903515,39.04,0.0209417,1.824,-205.4,0,14.1
"2026-06-08 18:30:00",262,0.03907984,39.08,0.02096969,1.829,-205.4,0,14.04
"2026-06-08 19:00:00",263,0.0390832,39.08,0.02090048,1.738,-205.4,0,13.91
"2026-06-08 19:30:00",264,0.03916157,39.16,0.02092009,1.71,-205.4,0,13.68
"2026-06-08 20:00:00",265,0.03915137,39.15,0.02082499,1.595,-206.5,0,13.58
"2026-06-08 20:30:00",266,0.03917997,39.18,0.02076837,1.504,-206.5,0,13.47
"2026-06-08 21:00:00",267,0.03921899,39.22,0.02071603,1.411,-207.7,0,13.37
"2026-06-08 21:30:00",268,0.03922884,39.23,0.0206181,1.279,-207.7,0,13.19
"2026-06-08 22:00:00",269,0.03927272,39.27,0.02054012,1.151,-208.8,0,13.11
"2026-06-08 22:30:00",270,0.03930789,39.31,0.02049359,1.068,-208.8,0,13.08
"2026-06-08 23:00:00",271,0.03932589,39.33,0.02041633,0.958,-210,0,13.06
"2026-06-08 23:30:00",272,0.0393438,39.34,0.02035543,0.869,-210,0,13.04
"2026-06-09 00:00:00",273,0.03937213,39.37,0.02031,0.792,-210,0,13.02
"2026-06-09 00:30:00",274,0.03939686,39.4,0.02026386,0.718,-210,0,13.01
"2026-06-09 01:00:00",275,0.03941911,39.42,0.02023011,0.66,-210,0,12.96
"2026-06-09 01:30:00",276,0.03945214,39.45,0.02021336,0.618,-210,0,12.98
"2026-06-09 02:00:00",277,0.03950525,39.51,0.02020581,0.574,-210,0,12.96
"2026-06-09 02:30:00",278,0.03957122,39.57,0.02020092,0.525,-210,0,12.95
"2026-06-09 03:00:00",279,0.03963312,39.63,0.02020497,0.49,-210,0,12.92
"2026-06-09 03:30:00",280,0.03965574,39.66,0.02021179,0.484,-210,0,12.93
"2026-06-09 04:00:00",281,0.0396907,39.69,0.02021549,0.466,-210,0,12.89
"2026-06-09 04:30:00",282,0.03970792,39.71,0.02023251,0.477,-210,0,12.9
"2026-06-09 05:00:00",283,0.03976874,39.77,0.02026788,0.482,-210,0,12.87
"2026-06-09 05:30:00",284,0.03980913,39.81,0.0202958,0.491,-210,0,12.87
"2026-06-09 06:00:00",285,0.03983771,39.84,0.02030236,0.481,-210,0,12.86
"2026-06-09 06:30:00",286,0.03982273,39.82,0.02032559,0.52,-210,0,12.86
"2026-06-09 07:00:00",287,0.03983247,39.83,0.02037351,0.574,-210,0,12.86
"2026-06-09 07:30:00",288,0.03985837,39.86,0.02042411,0.621,-210,0,12.88
"2026-06-09 08:00:00",289,0.03986026,39.86,0.02048638,0.698,-210,0,12.91
"2026-06-09 08:30:00",290,0.03985117,39.85,0.0205451,0.777,-211.2,0,12.96
"2026-06-09 09:00:00",291,0.03986758,39.87,0.02064704,0.895,-211.2,0,13.07
"2026-06-09 09:30:00",292,0.03987467,39.87,0.0207347,1,-211.2,0,13.21
"2026-06-09 10:00:00",293,0.03990319,39.9,0.02083737,1.11,-211.2,0,13.41
"2026-06-09 10:30:00",294,0.0399003,39.9,0.0210298,1.353,-211.2,0,13.55
"2026-06-09 11:00:00",295,0.03990242,39.9,0.02124592,1.622,-211.2,0,13.78
"2026-06-09 11:30:00",296,0.03990649,39.91,0.02132495,1.719,-211.2,0,13.99
"2026-06-09 12:00:00",297,0.03992671,39.93,0.02151141,1.939,-229.6,0,14.1
"2026-06-09 12:30:00",298,0.03994863,39.95,0.02173386,2.202,-229.6,0,14.07
"2026-06-09 13:00:00",299,0.03995729,39.96,0.02200301,2.533,-229.6,0,14.04
"2026-06-09 13:30:00",300,0.03997793,39.98,0.02222266,2.794,-229.6,0,14.02
"2026-06-09 14:00:00",301,0.03998583,39.99,0.02243559,3.054,-229.6,0,13.98
"2026-06-09 14:30:00",302,0.04003514,40.04,0.02258074,3.201,-229.6,0,13.95
"2026-06-09 15:00:00",303,0.04004671,40.05,0.02271008,3.354,-229.6,0,13.92
"2026-06-09 15:30:00",304,0.0400917,40.09,0.02283518,3.479,-229.6,0,13.92
"2026-06-09 16:00:00",305,0.04016111,40.16,0.02295361,3.577,-229.6,0,13.92
"2026-06-09 16:30:00",306,0.04020293,40.2,0.02302451,3.635,-229.6,0,13.91
"2026-06-09 17:00:00",307,0.04022946,40.23,0.02305836,3.659,-231.9,0,13.89
"2026-06-09 17:30:00",308,0.04024764,40.25,0.02306029,3.648,-231.9,0,13.87
"2026-06-09 18:00:00",309,0.0402575,40.26,0.02302342,3.595,-231.9,0,13.87
"2026-06-09 18:30:00",310,0.04025441,40.25,0.02295132,3.508,-231.9,0,13.83
"2026-06-09 19:00:00",311,0.04026191,40.26,0.02286335,3.393,-231.9,0,13.83
"2026-06-09 19:30:00",312,0.04022354,40.22,0.02271533,3.236,-231.9,0,13.81
"2026-06-09 20:00:00",313,0.04023258,40.23,0.02257545,3.056,-231.9,0,13.76
"2026-06-09 20:30:00",314,0.04024271,40.24,0.02242424,2.861,-231.9,0,13.54
"2026-06-09 21:00:00",315,0.04029302,40.29,0.02228102,2.649,-231.9,0,13.28
"2026-06-09 21:30:00",316,0.04033559,40.34,0.02214279,2.448,-231.9,0,13.17
"2026-06-09 22:00:00",317,0.04036966,40.37,0.02200728,2.257,-231.9,0,13.13
"2026-06-09 22:30:00",318,0.04043481,40.43,0.02188562,2.063,-231.9,0,13.11
"2026-06-09 23:00:00",319,0.04046499,40.46,0.02174361,1.867,-231.9,0,13.1
"2026-06-09 23:30:00",320,0.04051023,40.51,0.02163091,1.698,-231.9,0,13.07
"2026-06-10 00:00:00",321,0.04054615,40.55,0.02152365,1.542,-231.9,0,13.05
"2026-06-10 00:30:00",322,0.04059876,40.6,0.02143977,1.404,-231.9,0,13.05
"2026-06-10 01:00:00",323,0.04060457,40.6,0.02133247,1.269,-231.9,0,13.03
"2026-06-10 01:30:00",324,0.04058825,40.59,0.02120155,1.118,-231.9,0,13.02
"2026-06-10 02:00:00",325,0.04062629,40.63,0.0211378,1.015,-231.9,0,13
"2026-06-10 02:30:00",326,0.04066008,40.66,0.02109282,0.938,-231.9,0,12.98
"2026-06-10 03:00:00",327,0.04067319,40.67,0.0210523,0.88,-231.9,0,12.96
"2026-06-10 03:30:00",328,0.04068619,40.69,0.02101975,0.832,-231.9,0,12.94
"2026-06-10 04:00:00",329,0.04073336,40.73,0.0210134,0.794,-231.9,0,12.92
"2026-06-10 04:30:00",330,0.04074873,40.75,0.02101389,0.785,-231.9,0,12.89
"2026-06-10 05:00:00",331,0.0407876,40.79,0.02103426,0.785,-231.9,0,12.89
"2026-06-10 05:30:00",332,0.04083677,40.84,0.02108107,0.811,-231.9,0,12.88
"2026-06-10 06:00:00",333,0.04088676,40.89,0.0211416,0.854,-231.9,0,12.87
"2026-06-10 06:30:00",334,0.04089563,40.9,0.02121198,0.934,-233.1,0,12.87
"2026-06-10 07:00:00",335,0.04093575,40.94,0.02131729,1.037,-233.1,0,12.85
"2026-06-10 07:30:00",336,0.04100764,41.01,0.02145674,1.162,-233.1,0,12.86
"2026-06-10 08:00:00",337,0.04105473,41.05,0.02161155,1.32,-233.1,0,12.88
"2026-06-10 08:30:00",338,0.04114407,41.14,0.02181624,1.512,-233.1,0,12.9
"2026-06-10 09:00:00",339,0.04114987,41.15,0.02203767,1.777,-233.1,0,12.9
"2026-06-10 09:30:00",340,0.04117309,41.17,0.02225639,2.028,-233.1,0,12.92
"2026-06-10 10:00:00",341,0.04121742,41.22,0.02249938,2.294,-233.1,0,12.93
"2026-06-10 10:30:00",342,0.04125778,41.26,0.02274605,2.566,-233.1,0,12.96
"2026-06-10 11:00:00",343,0.04127336,41.27,0.02299014,2.851,-233.1,0,13.1
"2026-06-10 11:30:00",344,0.04127894,41.28,0.02324713,3.159,-233.1,0,13.37
"2026-06-10 12:00:00",345,0.04137285,41.37,0.02357462,3.49,-235.4,0,13.71
"2026-06-10 12:30:00",346,0.0413642,41.36,0.02376046,3.721,-235.4,0,13.7
"2026-06-10 13:00:00",347,0.04142988,41.43,0.02399259,3.956,-234.2,0,13.67
"2026-06-10 13:30:00",348,0.04147004,41.47,0.02422525,4.208,-234.2,0,13.65
"2026-06-10 14:00:00",349,0.04145539,41.46,0.02436167,4.383,-234.2,0,13.64
"2026-06-10 14:30:00",350,0.04150151,41.5,0.02453807,4.563,-234.2,0,13.63
"2026-06-10 15:00:00",351,0.04153093,41.53,0.02466136,4.69,-231.9,0,13.63
"2026-06-10 15:30:00",352,0.04158223,41.58,0.02478816,4.806,-231.9,0,13.63
"2026-06-10 16:00:00",353,0.0416149,41.61,0.02486366,4.874,-230.8,0,13.62
"2026-06-10 16:30:00",354,0.04156508,41.57,0.0248464,4.889,-228.5,0,13.64
"2026-06-10 17:00:00",355,0.04138534,41.39,0.02471053,4.854,-227.3,0,13.64
"2026-06-10 17:30:00",356,0.04123101,41.23,0.02457333,4.8,-225,0,13.63
"2026-06-10 18:00:00",357,0.04106032,41.06,0.02435641,4.659,-222.7,0,13.62
"2026-06-10 18:30:00",358,0.04098378,40.98,0.02423577,4.568,-220.4,0,13.6
"2026-06-10 19:00:00",359,0.0409249,40.92,0.02411298,4.46,-218.1,0,13.61
"2026-06-10 19:30:00",360,0.04084017,40.84,0.02391493,4.279,-214.6,0,13.62
"2026-06-10 20:00:00",361,0.04074153,40.74,0.02371726,4.107,-211.2,0,13.62
"2026-06-10 20:30:00",362,0.04064632,40.65,0.02349967,3.907,-207.7,0,13.44
"2026-06-10 21:00:00",363,0.0405343,40.53,0.02324682,3.675,-203.1,0,13.22
"2026-06-10 21:30:00",364,0.04045149,40.45,0.02299823,3.427,-199.6,0,13.13
"2026-06-10 22:00:00",365,0.04037912,40.38,0.02276492,3.189,-195,0,13.1
"2026-06-10 22:30:00",366,0.04018896,40.19,0.0224554,2.937,-190.4,0,13.07
"2026-06-10 23:00:00",367,0.04009422,40.09,0.02223612,2.73,-185.8,0,13.06
"2026-06-10 23:30:00",368,0.03999437,39.99,0.02201894,2.528,-182.3,0,13.05
"2026-06-11 00:00:00",369,0.03987547,39.88,0.02180618,2.343,-178.8,0,13.01
"2026-06-11 00:30:00",370,0.03976422,39.76,0.02160798,2.17,-175.4,0,13.02
"2026-06-11 01:00:00",371,0.0396928,39.69,0.02141156,1.972,-167.3,0,13.01
"2026-06-11 01:30:00",372,0.03948711,39.49,0.02121259,1.86,-162.7,0,12.98
"2026-06-11 02:00:00",373,0.03910825,39.11,0.02093291,1.763,-159.2,0,12.98
"2026-06-11 02:30:00",374,0.03884364,38.84,0.02073363,1.689,-156.9,0,12.96
"2026-06-11 03:00:00",375,0.0388703,38.87,0.02070498,1.633,-154.6,0,12.94
"2026-06-11 03:30:00",376,0.03887545,38.88,0.02067793,1.595,-152.3,0,12.93
"2026-06-11 04:00:00",377,0.03877213,38.77,0.0205854,1.547,-151.2,0,12.92
"2026-06-11 04:30:00",378,0.03826373,38.26,0.02029255,1.517,-151.2,0,12.89
"2026-06-11 05:00:00",379,0.03822333,38.22,0.02025553,1.496,-148.8,0,12.9
"2026-06-11 05:30:00",380,0.03810555,38.11,0.02019508,1.499,-147.7,0,12.89
"2026-06-11 06:00:00",381,0.03788635,37.89,0.02009889,1.525,-147.7,0,12.88
"2026-06-11 06:30:00",382,0.0376477,37.65,0.02000391,1.567,-144.2,0,12.88
"2026-06-11 07:00:00",383,0.03713956,37.14,0.01978796,1.64,-144.2,0,12.86
"2026-06-11 07:30:00",384,0.03678213,36.78,0.01966162,1.727,-143.1,0,12.88
"2026-06-11 08:00:00",385,0.0363868,36.39,0.01952977,1.836,-141.9,0,12.87
"2026-06-11 08:30:00",386,0.03631721,36.32,0.01959869,1.983,-140.8,0,12.9
"2026-06-11 09:00:00",387,0.03618713,36.19,0.01966503,2.171,-140.8,0,12.9
"2026-06-11 09:30:00",388,0.03598947,35.99,0.01968808,2.353,-140.8,0,12.9
"2026-06-11 10:00:00",389,0.0361081,36.11,0.01988424,2.534,-140.8,0,12.93
"2026-06-11 10:30:00",390,0.03609227,36.09,0.01996465,2.658,-139.6,0,12.96
"2026-06-11 11:00:00",391,0.03595858,35.96,0.02005847,2.891,-139.6,0,13.1
"2026-06-11 11:30:00",392,0.03561032,35.61,0.01999121,3.069,-138.5,0,13.44
"2026-06-11 12:00:00",393,0.03532736,35.33,0.01991855,3.191,-140.8,0,13.61
"2026-06-11 12:30:00",394,0.03539498,35.39,0.02010599,3.403,-137.3,0,13.66
"2026-06-11 13:00:00",395,0.03496378,34.96,0.01990413,3.464,-133.8,0,13.63
"2026-06-11 13:30:00",396,0.03441872,34.42,0.0197554,3.699,-133.8,0,13.64
"2026-06-11 14:00:00",397,0.0354051,35.41,0.02034807,3.736,-128.1,0,13.61
"2026-06-11 14:30:00",398,0.03578039,35.78,0.0204644,3.597,-124.6,0,13.55
"2026-06-11 15:00:00",399,0.03593437,35.93,0.02053191,3.569,-120,0,13.55
"2026-06-11 15:30:00",400,0.03721396,37.21,0.02137821,3.723,-114.2,0,13.63
"2026-06-11 16:00:00",401,0.03769656,37.7,0.02157518,3.617,-107.3,0,13.56
"2026-06-11 16:30:00",402,0.03733906,37.34,0.02132731,3.559,-111.9,0,13.6
"2026-06-11 17:00:00",403,0.03695277,36.95,0.02105577,3.49,-106.2,0,13.5
"2026-06-11 17:30:00",404,0.03650868,36.51,0.02076003,3.432,-90,0,13.61
"2026-06-11 18:00:00",405,0.03624314,36.24,0.02063762,3.471,-81.9,0,13.62
"2026-06-11 18:30:00",406,0.03597249,35.97,0.0204496,3.424,-81.9,0,13.61
"2026-06-11 19:00:00",407,0.03550754,35.51,0.02024006,3.501,-78.46,0,13.6
"2026-06-11 19:30:00",408,0.03530572,35.31,0.02013881,3.521,-76.15,0,13.6
"2026-06-11 20:00:00",409,0.03517035,35.17,0.01996678,3.386,-53.08,0,13.58
"2026-06-11 20:30:00",410,0.03486938,34.87,0.01970137,3.25,-40.38,0,13.43
"2026-06-11 21:00:00",411,0.03450443,34.5,0.01940535,3.12,-36.92,0,13.23
"2026-06-11 21:30:00",412,0.03432241,34.32,0.01920048,2.971,-49.62,0,13.11
"2026-06-11 22:00:00",413,0.03477069,34.77,0.01932294,2.786,-54.23,0,13.1
"2026-06-11 22:30:00",414,0.03423259,34.23,0.01888908,2.589,-12.69,0,13.07
"2026-06-11 23:00:00",415,0.03329368,33.29,0.01829578,2.476,-6.923,0,13.05
"2026-06-11 23:30:00",416,0.03376009,33.76,0.01850525,2.407,0,0,13.04
"2026-06-12 00:00:00",417,0.03436426,34.36,0.01879771,2.351,-3.462,0,13.02
"2026-06-12 00:30:00",418,0.03454291,34.54,0.01888651,2.338,-9.23,0,13.01
"2026-06-12 01:00:00",419,0.03453477,34.53,0.01885543,2.299,1.154,0,13
"2026-06-12 01:30:00",420,0.03492409,34.92,0.01900139,2.204,9.23,0,12.97
"2026-06-12 02:00:00",421,0.03521104,35.21,0.0190968,2.118,11.54,0,12.96
"2026-06-12 02:30:00",422,0.03543336,35.43,0.01916015,2.037,12.69,0,12.95
"2026-06-12 03:00:00",423,0.03559943,35.6,0.01920649,1.976,13.85,0,12.92
"2026-06-12 03:30:00",424,0.03565845,35.66,0.0191874,1.904,13.85,0,12.92
"2026-06-12 04:00:00",425,0.0357395,35.74,0.01919414,1.853,12.69,0,12.91
"2026-06-12 04:30:00",426,0.03571729,35.72,0.01915513,1.815,11.54,0,12.89
"2026-06-12 05:00:00",427,0.03588483,35.88,0.01923723,1.804,10.38,0,12.88
"2026-06-12 05:30:00",428,0.03608113,36.08,0.01935996,1.828,9.23,0,12.87
"2026-06-12 06:00:00",429,0.03610886,36.11,0.01938794,1.847,5.769,0,12.86
"2026-06-12 06:30:00",430,0.03601873,36.02,0.01933266,1.837,4.615,0,12.85
"2026-06-12 07:00:00",431,0.03602353,36.02,0.01932202,1.819,0,0,12.87
"2026-06-12 07:30:00",432,0.03606912,36.07,0.01935152,1.826,-3.462,0,12.88
"2026-06-12 08:00:00",433,0.03601284,36.01,0.01932994,1.838,-6.923,0,12.89
"2026-06-12 08:30:00",434,0.03594819,35.95,0.01931588,1.866,-10.38,0,12.89
"2026-06-12 09:00:00",435,0.03590829,35.91,0.0193383,1.927,-16.15,0,12.98
"2026-06-12 09:30:00",436,0.03596988,35.97,0.01940278,1.971,-17.31,0,12.99
"2026-06-12 10:00:00",437,0.03599106,35.99,0.01946858,2.046,-19.62,0,13.06
"2026-06-12 10:30:00",438,0.0359497,35.95,0.01950846,2.133,-23.08,0,13.15
"2026-06-12 11:00:00",439,0.03604265,36.04,0.019604,2.196,-27.69,0,13.22
"2026-06-12 11:30:00",440,0.03611576,36.12,0.01968863,2.258,-32.31,0,13.26
"2026-06-12 12:00:00",441,0.03614372,36.14,0.01974059,2.308,-34.62,0,13.33
"2026-06-12 12:30:00",442,0.03615979,36.16,0.01984353,2.439,-40.38,0,13.49
"2026-06-12 13:00:00",443,0.03610177,36.1,0.0198502,2.492,-43.85,0,13.47
"2026-06-12 13:30:00",444,0.03613538,36.14,0.0199884,2.658,-47.31,0,13.57
"2026-06-12 14:00:00",445,0.03614975,36.15,0.02011796,2.826,-49.62,0,13.62
"2026-06-12 14:30:00",446,0.03621554,36.22,0.02019259,2.878,-50.77,0,13.52
"2026-06-12 15:00:00",447,0.03628367,36.28,0.02016312,2.785,-53.08,0,13.42
"2026-06-12 15:30:00",448,0.03630447,36.3,0.02015541,2.759,-54.23,0,13.35
"2026-06-12 16:00:00",449,0.03628613,36.29,0.02011091,2.712,-56.54,0,13.29
"2026-06-12 16:30:00",450,0.03619507,36.2,0.02004446,2.689,-58.85,0,13.22
"2026-06-12 17:00:00",451,0.03621951,36.22,0.02005302,2.683,-60,0,13.23
"2026-06-12 17:30:00",452,0.03622965,36.23,0.02016453,2.829,-61.15,0,13.52
"2026-06-12 18:00:00",453,0.03624003,36.24,0.02024549,2.933,-63.46,0,13.71
"2026-06-12 18:30:00",454,0.03615014,36.15,0.02027017,3.036,-63.46,0,13.73
"2026-06-12 19:00:00",455,0.03609682,36.1,0.02026644,3.072,-64.62,0,13.67
"2026-06-12 19:30:00",456,0.03611356,36.11,0.02026039,3.051,-64.62,0,13.45
"2026-06-12 20:00:00",457,0.03606962,36.07,0.0201445,2.924,-64.62,0,13.23
"2026-06-12 20:30:00",458,0.03594867,35.95,0.01996619,2.77,-64.62,0,13.12
"2026-06-12 21:00:00",459,0.03584795,35.85,0.01981179,2.633,-64.62,0,13.08
"2026-06-12 21:30:00",460,0.03571517,35.72,0.0196579,2.52,-64.62,0,13.04
"2026-06-12 22:00:00",461,0.0356187,35.62,0.01954541,2.437,-64.62,0,13.02
"2026-06-12 22:30:00",462,0.03558423,35.58,0.01950175,2.402,-63.46,0,13
"2026-06-12 23:00:00",463,0.03560554,35.61,0.01949181,2.372,-63.46,0,12.97
"2026-06-12 23:30:00",464,0.03565217,35.65,0.01949521,2.341,-63.46,0,12.96
"2026-06-13 00:00:00",465,0.03563873,35.64,0.01947585,2.324,-64.62,0,12.94
"2026-06-13 00:30:00",466,0.03558399,35.58,0.01943374,2.307,-64.62,0,12.91
"2026-06-13 01:00:00",467,0.03555668,35.56,0.01939384,2.272,-64.62,0,12.91
"2026-06-13 01:30:00",468,0.03554036,35.54,0.01936812,2.248,-64.62,0,12.89
"2026-06-13 02:00:00",469,0.03551742,35.52,0.01934112,2.228,-65.77,0,12.88
"2026-06-13 02:30:00",470,0.03553833,35.54,0.01933367,2.201,-65.77,0,12.87
"2026-06-13 03:00:00",471,0.03558258,35.58,0.01933553,2.17,-68.08,0,12.85
"2026-06-13 03:30:00",472,0.03557929,35.58,0.01931441,2.143,-68.08,0,12.86
"2026-06-13 04:00:00",473,0.03563895,35.64,0.0193393,2.132,-70.38,0,12.86
"2026-06-13 04:30:00",474,0.03572998,35.73,0.01938323,2.125,-72.69,0,12.84
"2026-06-13 05:00:00",475,0.03576506,35.77,0.01938507,2.101,-71.54,0,12.85
"2026-06-13 05:30:00",476,0.03581151,35.81,0.01938119,2.06,-73.85,0,12.85
"2026-06-13 06:00:00",477,0.03585694,35.86,0.01940647,2.061,-76.15,0,12.84
"2026-06-13 06:30:00",478,0.0359491,35.95,0.01945938,2.065,-80.8,0,12.85
"2026-06-13 07:00:00",479,0.03613389,36.13,0.0195939,2.113,-90,0,12.86
"2026-06-13 07:30:00",480,0.03648632,36.49,0.01980776,2.144,-96.9,0,12.86
"2026-06-13 08:00:00",481,0.03679199,36.79,0.01998774,2.163,-92.3,0,12.86
"2026-06-13 08:30:00",482,0.03661671,36.62,0.01994905,2.24,-84.2,0,12.92
"2026-06-13 09:00:00",483,0.03623761,36.24,0.01978517,2.299,-78.46,0,12.92
"2026-06-13 09:30:00",484,0.03577017,35.77,0.01963663,2.449,-83.1,0,12.92
"2026-06-13 10:00:00",485,0.03575661,35.76,0.01976761,2.642,-88.8,0,12.91
"2026-06-13 10:30:00",486,0.03597424,35.97,0.02002078,2.826,-92.3,0,12.94
"2026-06-13 11:00:00",487,0.03614506,36.15,0.02024922,3.011,-94.6,0,13.08
"2026-06-13 11:30:00",488,0.03624017,36.24,0.02041283,3.163,-98.1,0,13.29
"2026-06-13 12:00:00",489,0.03626688,36.27,0.02058472,3.379,-99.2,0,13.68
"2026-06-13 12:30:00",490,0.03624879,36.25,0.0207237,3.585,-100.4,0,13.66
"2026-06-13 13:00:00",491,0.0361356,36.14,0.02078629,3.762,-101.5,0,13.64
"2026-06-13 13:30:00",492,0.03605344,36.05,0.02086387,3.935,-103.8,0,13.63
"2026-06-13 14:00:00",493,0.03599067,35.99,0.02093515,4.084,-102.7,0,13.61
"2026-06-13 14:30:00",494,0.03598463,35.98,0.02102359,4.212,-101.5,0,13.59
"2026-06-13 15:00:00",495,0.03596595,35.97,0.02110848,4.345,-101.5,0,13.59
"2026-06-13 15:30:00",496,0.03599297,35.99,0.0211996,4.45,-100.4,0,13.59
"2026-06-13 16:00:00",497,0.03599855,36,0.0212637,4.534,-98.1,0,13.59
"2026-06-13 16:30:00",498,0.03596282,35.96,0.02129369,4.605,-103.8,0,13.57
"2026-06-13 17:00:00",499,0.0358343,35.83,0.02125608,4.659,-92.3,0,13.59
"2026-06-13 17:30:00",500,0.03578351,35.78,0.02118764,4.605,-91.2,0,13.58
"2026-06-13 18:00:00",501,0.03569771,35.7,0.02108686,4.535,-85.4,0,13.55
"2026-06-13 18:30:00",502,0.03564868,35.65,0.02098284,4.43,-83.1,0,13.58
"2026-06-13 19:00:00",503,0.035546,35.55,0.0209376,4.451,-81.9,0,13.58
"2026-06-13 19:30:00",504,0.03546183,35.46,0.02088504,4.447,-81.9,0,13.56
"2026-06-13 20:00:00",505,0.03521976,35.22,0.02069184,4.375,-76.15,0,13.58
"2026-06-13 20:30:00",506,0.03503736,35.04,0.02049186,4.243,-68.08,0,13.38
"2026-06-13 21:00:00",507,0.03494383,34.94,0.02039321,4.18,-64.62,0,13.2
"2026-06-13 21:30:00",508,0.03494097,34.94,0.02035328,4.125,-61.15,0,13.12
"2026-06-13 22:00:00",509,0.0348783,34.88,0.02026786,4.055,-64.62,0,13.08
"2026-06-13 22:30:00",510,0.0347594,34.76,0.02012614,3.951,-69.23,0,13.07
"2026-06-13 23:00:00",511,0.03446045,34.46,0.01986617,3.825,-58.85,0,13.05
"2026-06-13 23:30:00",512,0.03435994,34.36,0.01973012,3.711,-65.77,0,13.03
"2026-06-14 00:00:00",513,0.03419876,34.2,0.01955089,3.584,-72.69,0,13.03
"2026-06-14 00:30:00",514,0.03431681,34.32,0.01949117,3.399,-68.08,0,13.02
"2026-06-14 01:00:00",515,0.03402708,34.03,0.01920507,3.22,-42.69,0,13
"2026-06-14 01:30:00",516,0.03399111,33.99,0.01910674,3.106,-47.31,0,13
"2026-06-14 02:00:00",517,0.03442913,34.43,0.01931969,3.057,-36.92,0,12.98
"2026-06-14 02:30:00",518,0.03456252,34.56,0.01936923,3.021,-49.62,0,12.96
"2026-06-14 03:00:00",519,0.03442786,34.43,0.01927855,2.998,-56.54,0,12.95
"2026-06-14 03:30:00",520,0.03441836,34.42,0.01923105,2.937,-34.62,0,12.93
"2026-06-14 04:00:00",521,0.03481709,34.82,0.01943093,2.904,-31.15,0,12.92
"2026-06-14 04:30:00",522,0.03523836,35.24,0.01970451,2.959,-51.92,0,12.89
"2026-06-14 05:00:00",523,0.03558408,35.58,0.01990567,2.97,-51.92,0,12.9
"2026-06-14 05:30:00",524,0.03539961,35.4,0.01980003,2.966,-50.77,0,12.89
"2026-06-14 06:00:00",525,0.03543109,35.43,0.0198211,2.971,-54.23,0,12.87
"2026-06-14 06:30:00",526,0.03554715,35.55,0.01989022,2.977,-49.62,0,12.89
"2026-06-14 07:00:00",527,0.03565834,35.66,0.01996798,2.999,-51.92,0,12.89
"2026-06-14 07:30:00",528,0.0357524,35.75,0.02001559,2.992,-62.31,0,12.88
"2026-06-14 08:00:00",529,0.03579743,35.8,0.02003208,2.98,-40.38,0,12.89
"2026-06-14 08:30:00",530,0.03600829,36.01,0.02025046,3.119,-45,0,12.87
"2026-06-14 09:00:00",531,0.03624866,36.25,0.02054743,3.342,-48.46,0,12.9
"2026-06-14 09:30:00",532,0.03638315,36.38,0.02076055,3.53,-53.08,0,12.9
"2026-06-14 10:00:00",533,0.0364886,36.49,0.02094913,3.706,-56.54,0,12.93
"2026-06-14 10:30:00",534,0.03659859,36.6,0.0211073,3.836,-61.15,0,12.97
"2026-06-14 11:00:00",535,0.03656404,36.56,0.02116012,3.936,-64.62,0,13.1
"2026-06-14 11:30:00",536,0.03654825,36.55,0.02121673,4.026,-66.92,0,13.2
"2026-06-14 12:00:00",537,0.03651625,36.52,0.02129962,4.165,-69.23,0,13.45
"2026-06-14 12:30:00",538,0.03643486,36.43,0.02135207,4.302,-72.69,0,13.45
"2026-06-14 13:00:00",539,0.03638897,36.39,0.02149594,4.536,-73.85,0,13.45
"2026-06-14 13:30:00",540,0.03632946,36.33,0.02154668,4.655,-75,0,13.43
"2026-06-14 14:00:00",541,0.03627121,36.27,0.02161929,4.802,-77.31,0,13.43
"2026-06-14 14:30:00",542,0.03621958,36.22,0.02165687,4.897,-78.46,0,13.41
"2026-06-14 15:00:00",543,0.03614299,36.14,0.02176982,5.116,-79.62,0,13.4
"2026-06-14 15:30:00",544,0.03609017,36.09,0.02173451,5.111,-79.62,0,13.4
"2026-06-14 16:00:00",545,0.03605144,36.05,0.02169937,5.095,-79.62,0,13.4
"2026-06-14 16:30:00",546,0.03602624,36.03,0.02170059,5.118,-79.62,0,13.39
"2026-06-14 17:00:00",547,0.03591839,35.92,0.02158079,5.041,-79.62,0,13.23
"2026-06-14 17:30:00",548,0.03585935,35.86,0.021466,4.931,-78.46,0,13.16
"2026-06-14 18:00:00",549,0.03580797,35.81,0.02135722,4.822,-77.31,0,13.11
"2026-06-14 18:30:00",550,0.03574717,35.75,0.02129705,4.788,-76.15,0,13.1
"2026-06-14 19:00:00",551,0.03574048,35.74,0.02125965,4.742,-76.15,0,13.08
"2026-06-14 19:30:00",552,0.03560656,35.61,0.02117488,4.735,-75,0,13.12
"2026-06-14 20:00:00",553,0.03545218,35.45,0.02103538,4.667,-73.85,0,13.03
"2026-06-14 20:30:00",554,0.03545743,35.46,0.02095841,4.554,-73.85,0,13.02
"2026-06-14 21:00:00",555,0.03547589,35.48,0.02089949,4.456,-72.69,0,13
"2026-06-14 21:30:00",556,0.03542406,35.42,0.02083086,4.402,-72.69,0,12.98
"2026-06-14 22:00:00",557,0.03544646,35.45,0.02082707,4.378,-73.85,0,12.97
"2026-06-14 22:30:00",558,0.03551292,35.51,0.02084057,4.342,-73.85,0,12.96
"2026-06-14 23:00:00",559,0.03544999,35.45,0.02078356,4.314,-73.85,0,12.94
"2026-06-14 23:30:00",560,0.03555726,35.56,0.02079987,4.248,-75,0,12.94
"2026-06-15 00:00:00",561,0.03564999,35.65,0.02080112,4.174,-75,0,12.93
"2026-06-15 00:30:00",562,0.03571352,35.71,0.0207848,4.099,-78.46,0,12.91
"2026-06-15 01:00:00",563,0.0357468,35.75,0.02076552,4.045,-78.46,0,12.92
"2026-06-15 01:30:00",564,0.03586423,35.86,0.02078713,3.98,-78.46,0,12.92
"2026-06-15 02:00:00",565,0.03610636,36.11,0.02090844,3.954,-79.62,0,12.89
"2026-06-15 02:30:00",566,0.03609192,36.09,0.02087872,3.924,-80.8,0,12.9
"2026-06-15 03:00:00",567,0.03615088,36.15,0.02088591,3.887,-83.1,0,12.9
"2026-06-15 03:30:00",568,0.03623639,36.24,0.02090763,3.849,-84.2,0,12.88
"2026-06-15 04:00:00",569,0.03615548,36.16,0.02084064,3.821,-85.4,0,12.89
"2026-06-15 04:30:00",570,0.0362513,36.25,0.0208743,3.791,-87.7,0,12.89
"2026-06-15 05:00:00",571,0.03637848,36.38,0.0209276,3.764,-88.8,0,12.87
"2026-06-15 05:30:00",572,0.03649182,36.49,0.02097934,3.745,-90,0,12.88
"2026-06-15 06:00:00",573,0.0365604,36.56,0.02100402,3.725,-91.2,0,12.88
"2026-06-15 06:30:00",574,0.03658104,36.58,0.02101414,3.723,-92.3,0,12.88
"2026-06-15 07:00:00",575,0.03658569,36.59,0.02101585,3.721,-93.5,0,12.87
"2026-06-15 07:30:00",576,0.03659608,36.6,0.02102456,3.725,-94.6,0,12.87
"2026-06-15 08:00:00",577,0.03658702,36.59,0.02102456,3.732,-94.6,0,12.86
"2026-06-15 08:30:00",578,0.03670939,36.71,0.02109393,3.731,-94.6,0,12.86
"2026-06-15 09:00:00",579,0.03678831,36.79,0.0211394,3.731,-95.8,0,12.86
"2026-06-15 09:30:00",580,0.03675881,36.76,0.02114578,3.763,-95.8,0,12.87
"2026-06-15 10:00:00",581,0.036776,36.78,0.02117532,3.79,-95.8,0,12.87
"2026-06-15 10:30:00",582,0.03683995,36.84,0.02123493,3.821,-95.8,0,12.88
"2026-06-15 11:00:00",583,0.03677607,36.78,0.02120549,3.831,-95.8,0,12.88
"2026-06-15 11:30:00",584,0.03684312,36.84,0.02128617,3.888,-94.6,0,12.92
"2026-06-15 12:00:00",585,0.03691031,36.91,0.02132833,3.892,-93.5,0,12.88
"2026-06-15 12:30:00",586,0.03698866,36.99,0.02139278,3.918,-92.3,0,12.89
"2026-06-15 13:00:00",587,0.03704261,37.04,0.02143826,3.937,-91.2,0,12.91
"2026-06-15 13:30:00",588,0.03702572,37.03,0.02145679,3.976,-90,0,12.91
"2026-06-15 14:00:00",589,0.03687789,36.88,0.0213906,4.002,-87.7,0,12.91
"2026-06-15 14:30:00",590,0.03683204,36.83,0.02141879,4.076,-86.5,0,12.96
"2026-06-15 15:00:00",591,0.03680449,36.8,0.02147328,4.172,-83.1,0,13.11
"2026-06-15 15:30:00",592,0.03681615,36.82,0.02145241,4.135,-80.8,0,12.98
"2026-06-15 16:00:00",593,0.03676823,36.77,0.0213867,4.083,-78.46,0,12.91
"2026-06-15 16:30:00",594,0.03670857,36.71,0.02134449,4.073,-76.15,0,12.91
"2026-06-15 17:00:00",595,0.03661968,36.62,0.02128819,4.067,-73.85,0,12.88
"2026-06-15 17:30:00",596,0.03648743,36.49,0.02117206,4.013,-69.23,0,12.87
"2026-06-15 18:00:00",597,0.03627734,36.28,0.02100867,3.956,-65.77,0,12.87
"2026-06-15 18:30:00",598,0.0362195,36.22,0.02091625,3.874,-62.31,0,12.85
"2026-06-15 19:00:00",599,0.03626402,36.26,0.02089235,3.806,-58.85,0,12.86
"2026-06-15 19:30:00",600,0.03625939,36.26,0.02085717,3.761,-54.23,0,12.86
"2026-06-15 20:00:00",601,0.03623153,36.23,0.02082855,3.744,-50.77,0,12.85
"2026-06-15 20:30:00",602,0.03622848,36.23,0.02080953,3.72,-47.31,0,12.84
"2026-06-15 21:00:00",603,0.0362139,36.21,0.02079026,3.705,-42.69,0,12.86
"2026-06-15 21:30:00",604,0.03624634,36.25,0.02079594,3.687,-38.08,0,12.84
"2026-06-15 22:00:00",605,0.03634085,36.34,0.0208266,3.655,-38.08,0,12.85
"2026-06-15 22:30:00",606,0.03616508,36.17,0.02069765,3.616,-26.54,0,12.85
"2026-06-15 23:00:00",607,0.03614391,36.14,0.02065291,3.57,-19.62,0,12.84
"2026-06-15 23:30:00",608,0.0362797,36.28,0.02070789,3.539,-15,0,12.86
"2026-06-16 00:00:00",609,0.03621782,36.22,0.02064459,3.501,-9.23,0,12.86
"2026-06-16 00:30:00",610,0.03623001,36.23,0.02062276,3.461,-3.462,0,12.84
"2026-06-16 01:00:00",611,0.03621602,36.22,0.02058063,3.414,3.462,0,12.85
"2026-06-16 01:30:00",612,0.0362743,36.27,0.02056807,3.351,10.38,0,12.83
"2026-06-16 02:00:00",613,0.03616677,36.17,0.02047385,3.305,17.31,0,12.84
"2026-06-16 02:30:00",614,0.03620628,36.21,0.02045872,3.253,25.38,0,12.84
"2026-06-16 03:00:00",615,0.0361784,36.18,0.02040161,3.196,35.77,0,12.84
"2026-06-16 03:30:00",616,0.03620101,36.2,0.02036331,3.125,42.69,0,12.84
"2026-06-16 04:00:00",617,0.0363105,36.31,0.02038135,3.065,53.08,0,12.84
"2026-06-16 04:30:00",618,0.03632522,36.33,0.020356,3.019,61.15,0,12.82
"2026-06-16 05:00:00",619,0.0364836,36.48,0.02042101,2.987,68.08,0,12.83
"2026-06-16 05:30:00",620,0.03657155,36.57,0.02044185,2.948,73.85,0,12.82
"2026-06-16 06:00:00",621,0.03659319,36.59,0.02042365,2.906,81.9,0,12.82
"2026-06-16 06:30:00",622,0.03650647,36.51,0.02033822,2.856,84.2,0,12.83
"2026-06-16 07:00:00",623,0.03662019,36.62,0.02036844,2.81,88.8,0,12.81
"2026-06-16 07:30:00",624,0.03639911,36.4,0.02019058,2.735,86.5,0,12.8
"2026-06-16 08:00:00",625,0.03641526,36.42,0.02017041,2.695,108.5,0,12.79
"2026-06-16 08:30:00",626,0.03588983,35.89,0.01985392,2.66,106.2,0,12.81
"2026-06-16 09:00:00",627,0.03591143,35.91,0.01985345,2.642,106.2,0,12.83
"2026-06-16 09:30:00",628,0.03592839,35.93,0.01985283,2.628,107.3,0,12.83
"2026-06-16 10:00:00",629,0.03593823,35.94,0.01984164,2.605,105,0,12.82
"2026-06-16 10:30:00",630,0.03602078,36.02,0.01990505,2.63,111.9,0,12.86
"2026-06-16 11:00:00",631,0.03574764,35.75,0.019789,2.679,113.1,0,12.93
"2026-06-16 11:30:00",632,0.03574959,35.75,0.01987039,2.791,106.2,0,13.07
"2026-06-16 12:00:00",633,0.036023,36.02,0.02012266,2.93,103.8,0,13.32
"2026-06-16 12:30:00",634,0.03566359,35.66,0.02003102,3.084,111.9,0,13.57
"2026-06-16 13:00:00",635,0.03552614,35.53,0.02007789,3.258,107.3,0,13.71
"2026-06-16 13:30:00",636,0.0355768,35.58,0.02018821,3.373,105,0,13.51
"2026-06-16 14:00:00",637,0.03562544,35.63,0.02022456,3.385,101.5,0,13.39
"2026-06-16 14:30:00",638,0.03564429,35.64,0.02027157,3.436,99.2,0,13.42
"2026-06-16 15:00:00",639,0.03562319,35.62,0.02032907,3.533,96.9,0,13.5
"2026-06-16 15:30:00",640,0.03566865,35.67,0.02044608,3.661,94.6,0,13.46
"2026-06-16 16:00:00",641,0.03564537,35.65,0.0205008,3.757,91.2,0,13.48
"2026-06-16 16:30:00",642,0.03562155,35.62,0.02053048,3.818,87.7,0,13.4
"2026-06-16 17:00:00",643,0.03560263,35.6,0.02053731,3.842,85.4,0,13.38
"2026-06-16 17:30:00",644,0.03556608,35.57,0.02056001,3.904,83.1,0,13.45
"2026-06-16 18:00:00",645,0.03561459,35.61,0.02061584,3.943,79.62,0,13.31
"2026-06-16 18:30:00",646,0.03555955,35.56,0.02059297,3.956,76.15,0,13.21
"2026-06-16 19:00:00",647,0.03560222,35.6,0.02060511,3.938,73.85,0,13.15
"2026-06-16 19:30:00",648,0.03556954,35.57,0.02057352,3.92,71.54,0,13.12
"2026-06-16 20:00:00",649,0.03551914,35.52,0.02054632,3.923,68.08,0,13.1
"2026-06-16 20:30:00",650,0.0355202,35.52,0.02056527,3.949,64.62,0,13.07
"2026-06-16 21:00:00",651,0.03554744,35.55,0.02054477,3.898,61.15,0,13.06
"2026-06-16 21:30:00",652,0.03551549,35.52,0.02055381,3.936,56.54,0,13.04
"2026-06-16 22:00:00",653,0.03557681,35.58,0.02059997,3.951,55.38,0,13
"2026-06-16 22:30:00",654,0.03558178,35.58,0.02057921,3.918,50.77,0,13.03
"2026-06-16 23:00:00",655,0.03564255,35.64,0.0205826,3.874,47.31,0,13.01
"2026-06-16 23:30:00",656,0.03561405,35.61,0.02057811,3.89,42.69,0,12.99
"2026-06-17 00:00:00",657,0.03567265,35.67,0.0205992,3.873,39.23,0,12.99
"2026-06-17 00:30:00",658,0.03580146,35.8,0.02063311,3.816,34.62,0,12.97
"2026-06-17 01:00:00",659,0.03577141,35.77,0.02058746,3.776,31.15,0,12.96
"2026-06-17 01:30:00",660,0.03589279,35.89,0.0206176,3.721,27.69,0,12.93
"2026-06-17 02:00:00",661,0.0359119,35.91,0.02060486,3.688,23.08,0,12.93
"2026-06-17 02:30:00",662,0.03584684,35.85,0.02052527,3.629,19.62,0,12.92
"2026-06-17 03:00:00",663,0.03591365,35.91,0.02049773,3.538,16.15,0,12.91
"2026-06-17 03:30:00",664,0.03602839,36.03,0.02055938,3.532,12.69,0,12.9
"2026-06-17 04:00:00",665,0.03607645,36.08,0.02056983,3.509,9.23,0,12.88
"2026-06-17 04:30:00",666,0.03617144,36.17,0.02060521,3.483,6.923,0,12.88
"2026-06-17 05:00:00",667,0.03621149,36.21,0.02060694,3.454,4.615,0,12.86
"2026-06-17 05:30:00",668,0.0362644,36.26,0.0206062,3.411,0,0,12.85
"2026-06-17 06:00:00",669,0.03637576,36.38,0.02065755,3.395,-2.308,0,12.85
"2026-06-17 06:30:00",670,0.03641689,36.42,0.02066921,3.379,-5.769,0,12.84
"2026-06-17 07:00:00",671,0.0363769,36.38,0.02064727,3.38,-8.08,0,12.81
"2026-06-17 07:30:00",672,0.03641,36.41,0.02068039,3.399,-11.54,0,12.82
"2026-06-17 08:00:00",673,0.03641129,36.41,0.02071303,3.443,-13.85,0,12.83
"2026-06-17 08:30:00",674,0.03653783,36.54,0.02082934,3.504,-17.31,0,12.87
"2026-06-17 09:00:00",675,0.03648488,36.48,0.02085841,3.585,-20.77,0,12.9
"2026-06-17 09:30:00",676,0.03656784,36.57,0.02095526,3.653,-23.08,0,12.91
"2026-06-17 10:00:00",677,0.036598,36.6,0.02102249,3.721,-26.54,0,12.98
"2026-06-17 10:30:00",678,0.03666145,36.66,0.02110927,3.789,-28.85,0,13.01
"2026-06-17 11:00:00",679,0.03673587,36.74,0.02122536,3.889,-33.46,0,13.07
"2026-06-17 11:30:00",680,0.03686208,36.86,0.02141623,4.049,-35.77,0,13.21
"2026-06-17 12:00:00",681,0.03698624,36.99,0.02161672,4.223,-39.23,0,13.37
"2026-06-17 12:30:00",682,0.03701292,37.01,0.02176942,4.408,-41.54,0,13.46
"2026-06-17 13:00:00",683,0.03700174,37,0.02188225,4.569,-45,0,13.43
"2026-06-17 13:30:00",684,0.03699811,37,0.02190757,4.606,-47.31,0,13.35
"2026-06-17 14:00:00",685,0.03711427,37.11,0.02204763,4.702,-50.77,0,13.36
"2026-06-17 14:30:00",686,0.03707165,37.07,0.02219451,4.935,-53.08,0,13.48
"2026-06-17 15:00:00",687,0.03715269,37.15,0.02227223,4.974,-54.23,0,13.33
"2026-06-17 15:30:00",688,0.03723468,37.23,0.02230808,4.956,-55.38,0,13.33
"2026-06-17 16:00:00",689,0.0372806,37.28,0.02234904,4.974,-57.69,0,13.35
"2026-06-17 16:30:00",690,0.03733976,37.34,0.02238317,4.972,-60,0,13.33
"2026-06-17 17:00:00",691,0.03733606,37.34,0.02245701,5.074,-61.15,0,13.31
"2026-06-17 17:30:00",692,0.03738302,37.38,0.0225047,5.1,-63.46,0,13.27
"2026-06-17 18:00:00",693,0.03736018,37.36,0.02248038,5.086,-64.62,0,13.25
"2026-06-17 18:30:00",694,0.03744378,37.44,0.02262408,5.211,-66.92,0,13.4
"2026-06-17 19:00:00",695,0.03756054,37.56,0.02272758,5.255,-69.23,0,13.32
"2026-06-17 19:30:00",696,0.03756245,37.56,0.02270406,5.222,-71.54,0,13.22
"2026-06-17 20:00:00",697,0.03759985,37.6,0.02268534,5.167,-72.69,0,13.16
"2026-06-17 20:30:00",698,0.03762329,37.62,0.02268175,5.143,-75,0,13.12
"2026-06-17 21:00:00",699,0.03764668,37.65,0.02269548,5.143,-76.15,0,13.12
"2026-06-17 21:30:00",700,0.03766704,37.67,0.02272429,5.165,-78.46,0,13.09
"2026-06-17 22:00:00",701,0.03771292,37.71,0.02272517,5.129,-79.62,0,13.07
"2026-06-17 22:30:00",702,0.03774275,37.74,0.02270708,5.081,-80.8,0,13.05
"2026-06-17 23:00:00",703,0.03777169,37.77,0.02266762,5.006,-83.1,0,13.03
"2026-06-17 23:30:00",704,0.03783659,37.84,0.0226648,4.951,-84.2,0,13.02
"2026-06-18 00:00:00",705,0.03785627,37.86,0.02263095,4.891,-86.5,0,13
"2026-06-18 00:30:00",706,0.03778702,37.79,0.02253274,4.815,-87.7,0,12.99
"2026-06-18 01:00:00",707,0.03775242,37.75,0.02246862,4.758,-90,0,12.97
"2026-06-18 01:30:00",708,0.03780401,37.8,0.02246659,4.715,-91.2,0,12.95
"2026-06-18 02:00:00",709,0.03781174,37.81,0.02243703,4.669,-92.3,0,12.96
"2026-06-18 02:30:00",710,0.03789489,37.89,0.02245273,4.625,-95.8,0,12.94
"2026-06-18 03:00:00",711,0.0378935,37.89,0.02242793,4.593,-95.8,0,12.92
"2026-06-18 03:30:00",712,0.03793139,37.93,0.02242988,4.566,-100.4,0,12.92
"2026-06-18 04:00:00",713,0.0379925,37.99,0.02244258,4.536,-100.4,0,12.91
"2026-06-18 04:30:00",714,0.03801945,38.02,0.02243605,4.506,-101.5,0,12.89
"2026-06-18 05:00:00",715,0.03806583,38.07,0.0224476,4.485,-103.8,0,12.9
"2026-06-18 05:30:00",716,0.03811831,38.12,0.02245493,4.454,-105,0,12.87
"2026-06-18 06:00:00",717,0.0381151,38.12,0.02245056,4.451,-106.2,0,12.88
"2026-06-18 06:30:00",718,0.03811779,38.12,0.02247145,4.476,-107.3,0,12.86
"2026-06-18 07:00:00",719,0.0381871,38.19,0.02259814,4.589,-108.5,0,12.88
"2026-06-18 07:30:00",720,0.03826792,38.27,0.02273885,4.71,-110.8,0,12.89
"2026-06-18 08:00:00",721,0.03825723,38.26,0.0227793,4.771,-110.8,0,12.89
"2026-06-18 08:30:00",722,0.03828955,38.29,0.02284977,4.838,-111.9,0,12.89
"2026-06-18 09:00:00",723,0.03833154,38.33,0.02290714,4.88,-114.2,0,12.91
"2026-06-18 09:30:00",724,0.03837053,38.37,0.02294678,4.902,-115.4,0,12.93
"2026-06-18 10:00:00",725,0.03838627,38.39,0.02305785,5.034,-115.4,0,12.97
"2026-06-18 10:30:00",726,0.0383737,38.37,0.02310622,5.107,-117.7,0,13.02
"2026-06-18 11:00:00",727,0.038426,38.43,0.02338729,5.432,-118.8,0,13.14
"2026-06-18 11:30:00",728,0.0385295,38.53,0.02355792,5.571,-118.8,0,13.24
"2026-06-18 12:00:00",729,0.0386054,38.61,0.02370898,5.707,-120,0,13.36
"2026-06-18 12:30:00",730,0.03866649,38.67,0.02386627,5.862,-120,0,13.38
"2026-06-18 13:00:00",731,0.0387453,38.75,0.02388074,5.818,-122.3,0,13.37
"2026-06-18 13:30:00",732,0.03878401,38.78,0.02398288,5.918,-122.3,0,13.42
"2026-06-18 14:00:00",733,0.03889341,38.89,0.02410907,5.994,-123.5,0,13.29
"2026-06-18 14:30:00",734,0.03900499,39,0.02414173,5.947,-123.5,0,13.23
"2026-06-18 15:00:00",735,0.0390735,39.07,0.02414986,5.903,-124.6,0,13.21
"2026-06-18 15:30:00",736,0.03903464,39.03,0.02416812,5.957,-124.6,0,13.32
"2026-06-18 16:00:00",737,0.03908078,39.08,0.02451879,6.369,-124.6,0,13.54
"2026-06-18 16:30:00",738,0.03917335,39.17,0.02465292,6.466,-124.6,0,13.52
"2026-06-18 17:00:00",739,0.03912625,39.13,0.02482475,6.724,-125.8,0,13.5
"2026-06-18 17:30:00",740,0.03904618,39.05,0.02483397,6.801,-124.6,0,13.3
"2026-06-18 18:00:00",741,0.03899604,39,0.02460241,6.545,-123.5,0,13.18
"2026-06-18 18:30:00",742,0.03918498,39.18,0.02458521,6.371,-124.6,0,13.17
"2026-06-18 19:00:00",743,0.03919229,39.19,0.02452467,6.288,-124.6,0,13.16
"2026-06-18 19:30:00",744,0.03929506,39.3,0.02455409,6.243,-124.6,0,13.16
"2026-06-18 20:00:00",745,0.03933252,39.33,0.02452675,6.179,-124.6,0,13.15
"2026-06-18 20:30:00",746,0.03934455,39.34,0.02445148,6.074,-124.6,0,13.08
"2026-06-18 21:00:00",747,0.03938545,39.39,0.0244224,6.004,-124.6,0,13.09
"2026-06-18 21:30:00",748,0.03939183,39.39,0.02438812,5.956,-124.6,0,13.06
"2026-06-18 22:00:00",749,0.03945591,39.46,0.02434231,5.848,-124.6,0,13.04
"2026-06-18 22:30:00",750,0.03947306,39.47,0.02430668,5.789,-124.6,0,13.03
"2026-06-18 23:00:00",751,0.0394295,39.43,0.02424005,5.738,-124.6,0,13.02
"2026-06-18 23:30:00",752,0.0395423,39.54,0.02424267,5.654,-124.6,0,13.01
"2026-06-19 00:00:00",753,0.03956377,39.56,0.02418893,5.57,-125.8,0,13
"2026-06-19 00:30:00",754,0.03969123,39.69,0.02419508,5.479,-129.2,0,12.98
"2026-06-19 01:00:00",755,0.03949406,39.49,0.02396195,5.336,-125.8,0,12.98
"2026-06-19 01:30:00",756,0.03954976,39.55,0.02381995,5.114,-131.5,0,12.96
"2026-06-19 02:00:00",757,0.03978952,39.79,0.02391967,5.058,-151.2,0,12.94
"2026-06-19 02:30:00",758,0.03980035,39.8,0.02390254,5.028,-131.5,0,12.93
"2026-06-19 03:00:00",759,0.03942065,39.42,0.02351461,4.825,-128.1,0,12.9
"2026-06-19 03:30:00",760,0.03946526,39.47,0.02346706,4.731,-125.8,0,12.9
"2026-06-19 04:00:00",761,0.03958989,39.59,0.02353943,4.729,-141.9,0,12.88
"2026-06-19 04:30:00",762,0.03981418,39.81,0.02374354,4.818,-137.3,0,12.88
"2026-06-19 05:00:00",763,0.03956846,39.57,0.02361577,4.842,-129.2,0,12.86
"2026-06-19 05:30:00",764,0.03964985,39.65,0.0236517,4.826,-128.1,0,12.85
"2026-06-19 06:00:00",765,0.03979258,39.79,0.02377775,4.877,-129.2,0,12.86
"2026-06-19 06:30:00",766,0.03993485,39.93,0.02391259,4.939,-130.4,0,12.86
"2026-06-19 07:00:00",767,0.04003765,40.04,0.02402103,4.998,-132.7,0,12.85
"2026-06-19 07:30:00",768,0.04009961,40.1,0.02412485,5.081,-133.8,0,12.85
"2026-06-19 08:00:00",769,0.04016667,40.17,0.02424822,5.185,-135,0,12.86
"2026-06-19 08:30:00",770,0.04019576,40.2,0.02436844,5.312,-136.2,0,12.87
"2026-06-19 09:00:00",771,0.0402343,40.23,0.02453041,5.484,-138.5,0,12.84
"2026-06-19 09:30:00",772,0.04030912,40.31,0.02471049,5.651,-139.6,0,12.87
"2026-06-19 10:00:00",773,0.04036339,40.36,0.02478079,5.697,-140.8,0,12.89
"2026-06-19 10:30:00",774,0.04044574,40.45,0.02492392,5.811,-143.1,0,12.92
"2026-06-19 11:00:00",775,0.04050706,40.51,0.02514132,6.033,-144.2,0,13.02
"2026-06-19 11:30:00",776,0.04056798,40.57,0.02532144,6.209,-150,0,13.13
"2026-06-19 12:00:00",777,0.04083185,40.83,0.02580147,6.595,-151.2,0,13.41
"2026-06-19 12:30:00",778,0.04094101,40.94,0.02609748,6.872,-147.7,0,13.33
"2026-06-19 13:00:00",779,0.04067871,40.68,0.02582508,6.743,-147.7,0,13.26
"2026-06-19 13:30:00",780,0.0405366,40.54,0.0257925,6.814,-147.7,0,13.29
"2026-06-19 14:00:00",781,0.04050692,40.51,0.02605487,7.161,-150,0,13.4
"2026-06-19 14:30:00",782,0.04054779,40.55,0.02620953,7.319,-150,0,13.44
"2026-06-19 15:00:00",783,0.04070416,40.7,0.02648027,7.528,-152.3,0,13.39
"2026-06-19 15:30:00",784,0.04082824,40.83,0.02658481,7.557,-152.3,0,13.37
"2026-06-19 16:00:00",785,0.04094519,40.95,0.0266304,7.519,-153.5,0,13.34
"2026-06-19 16:30:00",786,0.041116,41.12,0.02682336,7.619,-154.6,0,13.34
"2026-06-19 17:00:00",787,0.04113871,41.14,0.02705347,7.881,-155.8,0,13.41
"2026-06-19 17:30:00",788,0.04129722,41.3,0.02721324,7.948,-156.9,0,13.39
"2026-06-19 18:00:00",789,0.04123742,41.24,0.02726743,8.06,-156.9,0,13.35
"2026-06-19 18:30:00",790,0.04131161,41.31,0.02736347,8.12,-158.1,0,13.34
"2026-06-19 19:00:00",791,0.04142471,41.42,0.02747347,8.16,-160.4,0,13.32
"2026-06-19 19:30:00",792,0.04156749,41.57,0.02751554,8.1,-161.5,0,13.32
"2026-06-19 20:00:00",793,0.04165813,41.66,0.02750077,8.01,-159.2,0,13.27
"2026-06-19 20:30:00",794,0.04160048,41.6,0.02742214,7.959,-160.4,0,13.21
"2026-06-19 21:00:00",795,0.04159389,41.59,0.02730525,7.824,-161.5,0,13.15
"2026-06-19 21:30:00",796,0.04162036,41.62,0.0272643,7.754,-162.7,0,13.1
"2026-06-19 22:00:00",797,0.04167474,41.67,0.02712325,7.542,-165,0,13.09
"2026-06-19 22:30:00",798,0.04172172,41.72,0.02700406,7.362,-165,0,13.07
"2026-06-19 23:00:00",799,0.04174074,41.74,0.02685707,7.171,-165,0,13.05
"2026-06-19 23:30:00",800,0.0417962,41.8,0.02677752,7.033,-167.3,0,13.03
"2026-06-20 00:00:00",801,0.04184026,41.84,0.02669155,6.897,-167.3,0,13.02
"2026-06-20 00:30:00",802,0.0418739,41.87,0.02658868,6.749,-169.6,0,13
"2026-06-20 01:00:00",803,0.04197945,41.98,0.02655458,6.628,-170.8,0,13
"2026-06-20 01:30:00",804,0.04200461,42,0.02648746,6.529,-170.8,0,12.97
"2026-06-20 02:00:00",805,0.04197662,41.98,0.02638791,6.432,-173.1,0,12.97
"2026-06-20 02:30:00",806,0.04198013,41.98,0.02630235,6.327,-176.5,0,12.94
"2026-06-20 03:00:00",807,0.04211255,42.11,0.02630406,6.231,-180,0,12.93
"2026-06-20 03:30:00",808,0.04206244,42.06,0.0262013,6.146,-178.8,0,12.92
"2026-06-20 04:00:00",809,0.04201973,42.02,0.02608989,6.045,-178.8,0,12.91
"2026-06-20 04:30:00",810,0.04202686,42.03,0.0260324,5.971,-178.8,0,12.9
"2026-06-20 05:00:00",811,0.04213548,42.14,0.02605748,5.921,-178.8,0,12.88
"2026-06-20 05:30:00",812,0.04214855,42.15,0.02604986,5.902,-178.8,0,12.88
"2026-06-20 06:00:00",813,0.04220608,42.21,0.02607631,5.892,-181.2,0,12.87
"2026-06-20 06:30:00",814,0.04230231,42.3,0.02614877,5.907,-182.3,0,12.85
"2026-06-20 07:00:00",815,0.04230101,42.3,0.02619576,5.964,-183.5,0,12.87
"2026-06-20 07:30:00",816,0.042319,42.32,0.02630038,6.074,-184.6,0,12.88
"2026-06-20 08:00:00",817,0.04240159,42.4,0.02652022,6.273,-188.1,0,12.9
"2026-06-20 08:30:00",818,0.04248671,42.49,0.02661862,6.326,-186.9,0,12.92
"2026-06-20 09:00:00",819,0.04253868,42.54,0.02676419,6.459,-186.9,0,12.9
"2026-06-20 09:30:00",820,0.04259202,42.59,0.02699831,6.694,-188.1,0,12.89
"2026-06-20 10:00:00",821,0.04262893,42.63,0.02719074,6.892,-188.1,0,12.9
"2026-06-20 10:30:00",822,0.04268971,42.69,0.02743153,7.129,-190.4,0,12.92
"2026-06-20 11:00:00",823,0.04271073,42.71,0.02763344,7.35,-191.5,0,13.02
"2026-06-20 11:30:00",824,0.04278722,42.79,0.027897,7.6,-191.5,0,13.19
"2026-06-20 12:00:00",825,0.04289205,42.89,0.02809859,7.755,-192.7,0,13.35
"2026-06-20 12:30:00",826,0.04297149,42.97,0.02835683,7.995,-195,0,13.42
"2026-06-20 13:00:00",827,0.04307941,43.08,0.02855966,8.15,-196.2,0,13.39
"2026-06-20 13:30:00",828,0.04307616,43.08,0.02861303,8.21,-196.2,0,13.35
"2026-06-20 14:00:00",829,0.04325767,43.26,0.02872022,8.2,-198.5,0,13.34
"2026-06-20 14:30:00",830,0.04331056,43.31,0.02894502,8.42,-198.5,0,13.38
"2026-06-20 15:00:00",831,0.04342217,43.42,0.02924967,8.68,-199.6,0,13.37
"2026-06-20 15:30:00",832,0.0434722,43.47,0.02921132,8.6,-199.6,0,13.37
"2026-06-20 16:00:00",833,0.04355411,43.55,0.02922966,8.56,-200.8,0,13.36
"2026-06-20 16:30:00",834,0.04360587,43.61,0.02921214,8.5,-201.9,0,13.24
"2026-06-20 17:00:00",835,0.04374529,43.75,0.02921601,8.39,-201.9,0,13.26
"2026-06-20 17:30:00",836,0.04379562,43.8,0.02958497,8.78,-201.9,0,13.46
"2026-06-20 18:00:00",837,0.04379508,43.8,0.02968451,8.89,-203.1,0,13.42
"2026-06-20 18:30:00",838,0.04383114,43.83,0.02973594,8.92,-203.1,0,13.3
"2026-06-20 19:00:00",839,0.04389943,43.9,0.02971072,8.84,-204.2,0,13.27
"2026-06-20 19:30:00",840,0.04389388,43.89,0.02955994,8.67,-204.2,0,13.17
"2026-06-20 20:00:00",841,0.04387413,43.87,0.02931925,8.41,-205.4,0,13.14
"2026-06-20 20:30:00",842,0.04375624,43.76,0.0290374,8.18,-205.4,0,13.08
"2026-06-20 21:00:00",843,0.04378906,43.79,0.02885267,7.945,-205.4,0,13.05
"2026-06-20 21:30:00",844,0.04367662,43.68,0.02855799,7.692,-205.4,0,13.05
"2026-06-20 22:00:00",845,0.04368385,43.68,0.02843822,7.55,-205.4,0,13.02
"2026-06-20 22:30:00",846,0.04360182,43.6,0.02827751,7.427,-205.4,0,13.01
"2026-06-20 23:00:00",847,0.04355191,43.55,0.0281519,7.32,-205.4,0,13
"2026-06-20 23:30:00",848,0.04358666,43.59,0.02807077,7.201,-206.5,0,12.97
"2026-06-21 00:00:00",849,0.04369351,43.69,0.0280626,7.113,-207.7,0,12.98
"2026-06-21 00:30:00",850,0.04371066,43.71,0.02807392,7.113,-207.7,0,12.96
"2026-06-21 01:00:00",851,0.04395861,43.96,0.02820046,7.076,-207.7,0,12.95
"2026-06-21 01:30:00",852,0.04417263,44.17,0.02828974,7.022,-208.8,0,12.95
"2026-06-21 02:00:00",853,0.04427299,44.27,0.02832757,6.992,-208.8,0,12.93
"2026-06-21 02:30:00",854,0.04444116,44.44,0.02840083,6.953,-208.8,0,12.92
"2026-06-21 03:00:00",855,0.04451177,44.51,0.02840706,6.91,-210,0,12.91
"2026-06-21 03:30:00",856,0.04453092,44.53,0.02836292,6.846,-211.2,0,12.89
"2026-06-21 04:00:00",857,0.0444607,44.46,0.02825101,6.771,-211.2,0,12.87
"2026-06-21 04:30:00",858,0.04436266,44.36,0.02812147,6.695,-211.2,0,12.86
"2026-06-21 05:00:00",859,0.04436815,44.37,0.0280619,6.624,-212.3,0,12.84
"2026-06-21 05:30:00",860,0.04430984,44.31,0.02796811,6.56,-212.3,0,12.82
"2026-06-21 06:00:00",861,0.04434511,44.35,0.02793791,6.501,-213.5,0,12.83
"2026-06-21 06:30:00",862,0.04441511,44.42,0.02794593,6.46,-214.6,0,12.83
"2026-06-21 07:00:00",863,0.04435908,44.36,0.02789528,6.443,-214.6,0,12.8
"2026-06-21 07:30:00",864,0.04439027,44.39,0.02792013,6.448,-214.6,0,12.82
"2026-06-21 08:00:00",865,0.04445978,44.46,0.02797157,6.457,-215.8,0,12.8
"2026-06-21 08:30:00",866,0.04457942,44.58,0.02807927,6.494,-216.9,0,12.83
"2026-06-21 09:00:00",867,0.04452454,44.52,0.02810475,6.561,-216.9,0,12.84
"2026-06-21 09:30:00",868,0.04456369,44.56,0.02819606,6.636,-216.9,0,12.86
"2026-06-21 10:00:00",869,0.04464017,44.64,0.02832754,6.729,-218.1,0,12.9
"2026-06-21 10:30:00",870,0.04469164,44.69,0.02840881,6.783,-218.1,0,12.88
"2026-06-21 11:00:00",871,0.04475961,44.76,0.02847333,6.807,-219.2,0,12.87
"2026-06-21 11:30:00",872,0.04492708,44.93,0.02865327,6.889,-219.2,0,12.91
"2026-06-21 12:00:00",873,0.04491692,44.92,0.02873317,6.985,-220.4,0,12.92
"2026-06-21 12:30:00",874,0.04501986,45.02,0.02890397,7.101,-221.5,0,12.94
"2026-06-21 13:00:00",875,0.04507699,45.08,0.02892768,7.087,-221.5,0,12.95
"2026-06-21 13:30:00",876,0.0450242,45.02,0.02890995,7.105,-222.7,0,12.91
"2026-06-21 14:00:00",877,0.04520736,45.21,0.0290067,7.082,-222.7,0,12.9
"2026-06-21 14:30:00",878,0.04526361,45.26,0.02906907,7.111,-223.8,0,12.91
"2026-06-21 15:00:00",879,0.04529503,45.3,0.02929381,7.337,-225,0,13.1
"2026-06-21 15:30:00",880,0.04539228,45.39,0.02963661,7.645,-225,0,13.47
"2026-06-21 16:00:00",881,0.04543416,45.43,0.03001214,8.03,-226.2,0,13.65
"2026-06-21 16:30:00",882,0.04554414,45.54,0.03019722,8.15,-226.2,0,13.6
"2026-06-21 17:00:00",883,0.04582898,45.83,0.03033309,8.09,-227.3,0,13.41
"2026-06-21 17:30:00",884,0.04585999,45.86,0.03029803,8.03,-227.3,0,13.38
"2026-06-21 18:00:00",885,0.04583919,45.84,0.03027474,8.02,-228.5,0,13.37
"2026-06-21 18:30:00",886,0.04598518,45.99,0.03048628,8.15,-228.5,0,13.43
"2026-06-21 19:00:00",887,0.04605231,46.05,0.03054742,8.17,-228.5,0,13.36
"2026-06-21 19:30:00",888,0.0461692,46.17,0.03043962,7.965,-229.6,0,13.25
"2026-06-21 20:00:00",889,0.04629865,46.3,0.03040903,7.84,-229.6,0,13.21
"2026-06-21 20:30:00",890,0.04638451,46.38,0.03037029,7.738,-229.6,0,13.17
"2026-06-21 21:00:00",891,0.04643112,46.43,0.03033176,7.663,-229.6,0,13.12
"2026-06-21 21:30:00",892,0.0464602,46.46,0.03024311,7.547,-231.9,0,13.08
"2026-06-21 22:00:00",893,0.04643834,46.44,0.03010118,7.41,-231.9,0,13.06
"2026-06-21 22:30:00",894,0.04640312,46.4,0.02994607,7.267,-231.9,0,13.04
"2026-06-21 23:00:00",895,0.04647707,46.48,0.02984943,7.112,-231.9,0,13.01
"2026-06-21 23:30:00",896,0.04645096,46.45,0.02969912,6.968,-231.9,0,13
"2026-06-22 00:00:00",897,0.04653322,46.53,0.02964347,6.852,-231.9,0,12.97
"2026-06-22 00:30:00",898,0.04650564,46.51,0.02953684,6.756,-231.9,0,12.95
"2026-06-22 01:00:00",899,0.04665093,46.65,0.0295252,6.645,-234.2,0,12.93
"2026-06-22 01:30:00",900,0.0466902,46.69,0.02944116,6.528,-234.2,0,12.9
"2026-06-22 02:00:00",901,0.04674711,46.75,0.02943348,6.482,-234.2,0,12.9
"2026-06-22 02:30:00",902,0.04693867,46.94,0.02953181,6.458,-234.2,0,12.87
"2026-06-22 03:00:00",903,0.04686067,46.86,0.02944065,6.413,-234.2,0,12.86
"2026-06-22 03:30:00",904,0.04700552,47.01,0.02945883,6.336,-236.5,0,12.84
"2026-06-22 04:00:00",905,0.04714899,47.15,0.02952071,6.306,-236.5,0,12.83
"2026-06-22 04:30:00",906,0.0473672,47.37,0.02968889,6.339,-236.5,0,12.83
"2026-06-22 05:00:00",907,0.04750079,47.5,0.02978256,6.35,-236.5,0,12.82
"2026-06-22 05:30:00",908,0.04747657,47.48,0.0297917,6.375,-238.8,0,12.79
"2026-06-22 06:00:00",909,0.04765411,47.65,0.02993814,6.412,-238.8,0,12.8
"2026-06-22 06:30:00",910,0.04782361,47.82,0.03010338,6.473,-238.8,0,12.81
"2026-06-22 07:00:00",911,0.04782603,47.83,0.03013649,6.506,-241.2,0,12.82
"2026-06-22 07:30:00",912,0.04793128,47.93,0.03021991,6.524,-241.2,0,12.8
"2026-06-22 08:00:00",913,0.04791752,47.92,0.03025147,6.566,-241.2,0,12.81
"2026-06-22 08:30:00",914,0.04798682,47.99,0.03037656,6.651,-241.2,0,12.85
"2026-06-22 09:00:00",915,0.0478871,47.89,0.03039929,6.741,-241.2,0,12.86
"2026-06-22 09:30:00",916,0.04792974,47.93,0.0304376,6.752,-242.3,0,12.85
"2026-06-22 10:00:00",917,0.04798437,47.98,0.03075709,7.049,-242.3,0,12.85
"2026-06-22 10:30:00",918,0.04797497,47.97,0.03098123,7.289,-244.6,0,12.94
"2026-06-22 11:00:00",919,0.04798264,47.98,0.03099272,7.296,-244.6,0,13.01
"2026-06-22 11:30:00",920,0.04814882,48.15,0.03124675,7.448,-244.6,0,13.02
"2026-06-22 12:00:00",921,0.04833872,48.34,0.03178004,7.872,-244.6,0,13.36
"2026-06-22 12:30:00",922,0.04849551,48.5,0.03231591,8.32,-244.6,0,13.5
"2026-06-22 13:00:00",923,0.0485309,48.53,0.03223616,8.21,-245.8,0,13.43
"2026-06-22 13:30:00",924,0.04861514,48.62,0.03252722,8.45,-245.8,0,13.47
"2026-06-22 14:00:00",925,0.04868731,48.69,0.0331039,9,-245.8,0,13.5
"2026-06-22 14:30:00",926,0.04871315,48.71,0.03308911,8.96,-246.9,0,13.47
"2026-06-22 15:00:00",927,0.04868484,48.68,0.03321264,9.11,-248.1,0,13.5
"2026-06-22 15:30:00",928,0.04882009,48.82,0.03330513,9.11,-248.1,0,13.49
"2026-06-22 16:00:00",929,0.0488651,48.87,0.03354243,9.32,-249.2,0,13.53
"2026-06-22 16:30:00",930,0.04881281,48.81,0.03383701,9.66,-249.2,0,13.48
"2026-06-22 17:00:00",931,0.04874428,48.74,0.03375791,9.63,-249.2,0,13.49
"2026-06-22 17:30:00",932,0.04888928,48.89,0.03389771,9.67,-251.5,0,13.5
"2026-06-22 18:00:00",933,0.04887438,48.87,0.03380356,9.58,-250.4,0,13.52
"2026-06-22 18:30:00",934,0.04888034,48.88,0.03377487,9.55,-250.4,0,13.52
"2026-06-22 19:00:00",935,0.04892363,48.92,0.03373953,9.48,-250.4,0,13.48
"2026-06-22 19:30:00",936,0.04881523,48.82,0.03354685,9.36,-250.4,0,13.49
"2026-06-22 20:00:00",937,0.0487585,48.76,0.03334949,9.2,-252.7,0,13.38
"2026-06-22 20:30:00",938,0.04876381,48.76,0.03314246,8.98,-252.7,0,13.23
"2026-06-22 21:00:00",939,0.04887338,48.87,0.03293968,8.7,-252.7,0,13.15
"2026-06-22 21:30:00",940,0.04887435,48.87,0.03277002,8.52,-255,0,13.11
"2026-06-22 22:00:00",941,0.04896773,48.97,0.03259488,8.28,-255,0,13.08
"2026-06-22 22:30:00",942,0.04897701,48.98,0.03237214,8.05,-255,0,13.07
"2026-06-22 23:00:00",943,0.04896973,48.97,0.03214603,7.822,-255,0,13.05
"2026-06-22 23:30:00",944,0.04914033,49.14,0.03207384,7.635,-255,0,13.04
"2026-06-23 00:00:00",945,0.04926484,49.26,0.03199699,7.475,-255,0,13.03
"2026-06-23 00:30:00",946,0.0493041,49.3,0.03187291,7.323,-255,0,13
"2026-06-23 01:00:00",947,0.04945543,49.46,0.03185949,7.21,-255,0,13
"2026-06-23 01:30:00",948,0.04956097,49.56,0.03188567,7.168,-255,0,12.98
"2026-06-23 02:00:00",949,0.04970073,49.7,0.031906,7.098,-255,0,12.97
"2026-06-23 02:30:00",950,0.04984401,49.84,0.03189814,6.998,-255,0,12.95
"2026-06-23 03:00:00",951,0.050022,50.02,0.0319135,6.899,-255,0,12.93
"2026-06-23 03:30:00",952,0.05012156,50.12,0.03191723,6.84,-256.2,0,12.94
"2026-06-23 04:00:00",953,0.05023282,50.23,0.0319426,6.795,-256.2,0,12.91
"2026-06-23 04:30:00",954,0.0503388,50.34,0.03199961,6.784,-256.2,0,12.89
"2026-06-23 05:00:00",955,0.05048774,50.49,0.03210027,6.79,-257.3,0,12.9
"2026-06-23 05:30:00",956,0.05069899,50.7,0.03227702,6.832,-257.3,0,12.87
"2026-06-23 06:00:00",957,0.05074489,50.74,0.03237139,6.896,-257.3,0,12.88
"2026-06-23 06:30:00",958,0.05078997,50.79,0.03248353,6.978,-257.3,0,12.87
"2026-06-23 07:00:00",959,0.05083377,50.83,0.03262314,7.088,-257.3,0,12.85
"2026-06-23 07:30:00",960,0.05092534,50.93,0.0327887,7.193,-258.5,0,12.87
"2026-06-23 08:00:00",961,0.05095851,50.96,0.03296134,7.341,-258.5,0,12.89
"2026-06-23 08:30:00",962,0.05091429,50.91,0.0331461,7.551,-259.6,0,12.87
"2026-06-23 09:00:00",963,0.05083496,50.83,0.0333315,7.784,-259.6,0,12.89
"2026-06-23 09:30:00",964,0.05079776,50.8,0.03360898,8.08,-259.6,0,12.88
"2026-06-23 10:00:00",965,0.05088522,50.89,0.03400048,8.41,-261.9,0,12.9
"2026-06-23 10:30:00",966,0.05099556,51,0.03439558,8.72,-261.9,0,12.91
"2026-06-23 11:00:00",967,0.05112432,51.12,0.03481587,9.05,-261.9,0,13
"2026-06-23 11:30:00",968,0.05120532,51.21,0.0352102,9.38,-261.9,0,13.19
"2026-06-23 12:00:00",969,0.0513335,51.33,0.03560597,9.68,-261.9,0,13.48
"2026-06-23 12:30:00",970,0.05134718,51.35,0.03589383,9.95,-264.2,0,13.49
"2026-06-23 13:00:00",971,0.05142718,51.43,0.03622241,10.22,-264.2,0,13.47
"2026-06-23 13:30:00",972,0.05155362,51.55,0.0365616,10.46,-264.2,0,13.44
"2026-06-23 14:00:00",973,0.05163932,51.64,0.03686255,10.69,-264.2,0,13.41
"2026-06-23 14:30:00",974,0.05166905,51.67,0.03715055,10.95,-265.4,0,13.42
"2026-06-23 15:00:00",975,0.05184592,51.85,0.03752161,11.19,-266.5,0,13.42
"2026-06-23 15:30:00",976,0.051915,51.92,0.0378025,11.41,-266.5,0,13.42
"2026-06-23 16:00:00",977,0.05196048,51.96,0.03797807,11.55,-266.5,0,13.42
"2026-06-23 16:30:00",978,0.05204053,52.04,0.03814899,11.65,-267.7,0,13.41
"2026-06-23 17:00:00",979,0.05217767,52.18,0.03831298,11.71,-267.7,0,13.42
"2026-06-23 17:30:00",980,0.05231123,52.31,0.03838599,11.69,-267.7,0,13.4
"2026-06-23 18:00:00",981,0.05221556,52.22,0.03823792,11.62,-267.7,0,13.41
"2026-06-23 18:30:00",982,0.05221095,52.21,0.03811597,11.5,-267.7,0,13.41
"2026-06-23 19:00:00",983,0.05227738,52.28,0.03799253,11.34,-268.8,0,13.39
"2026-06-23 19:30:00",984,0.05240403,52.4,0.03789887,11.16,-268.8,0,13.38
"2026-06-23 20:00:00",985,0.05247546,52.48,0.03779957,11.02,-268.8,0,13.38
"2026-06-23 20:30:00",986,0.05244707,52.45,0.03765838,10.9,-268.8,0,13.24
"2026-06-23 21:00:00",987,0.05249189,52.49,0.03753998,10.76,-270,0,13.13
"2026-06-23 21:30:00",988,0.05257435,52.57,0.03743533,10.6,-270,0,13.1
"2026-06-23 22:00:00",989,0.05271057,52.71,0.03737082,10.45,-270,0,13.07
"2026-06-23 22:30:00",990,0.05279279,52.79,0.03728205,10.31,-270,0,13.05
"2026-06-23 23:00:00",991,0.0530261,53.03,0.03730071,10.17,-270,0,13.05
"2026-06-23 23:30:00",992,0.05308649,53.09,0.03721193,10.05,-270,0,13.03
"2026-06-24 00:00:00",993,0.05313975,53.14,0.03713154,9.94,-271.2,0,13.01
"2026-06-24 00:30:00",994,0.05315686,53.16,0.03703741,9.84,-271.2,0,13.01
"2026-06-24 01:00:00",995,0.05331786,53.32,0.03700783,9.7,-271.2,0,12.98
"2026-06-24 01:30:00",996,0.05340662,53.41,0.03695022,9.59,-271.2,0,12.99
"2026-06-24 02:00:00",997,0.0534677,53.47,0.03691761,9.52,-271.2,0,12.97
"2026-06-24 02:30:00",998,0.05361755,53.62,0.03691611,9.43,-271.2,0,12.94
"2026-06-24 03:00:00",999,0.05378373,53.78,0.03692748,9.33,-271.2,0,12.94
"2026-06-24 03:30:00",1000,0.05383844,53.84,0.03689777,9.27,-272.3,0,12.93
"2026-06-24 04:00:00",1001,0.05385985,53.86,0.03687123,9.23,-272.3,0,12.9
"2026-06-24 04:30:00",1002,0.05397048,53.97,0.03690942,9.19,-272.3,0,12.91
"2026-06-24 05:00:00",1003,0.05400022,54,0.03689045,9.16,-272.3,0,12.89
"2026-06-24 05:30:00",1004,0.05411486,54.11,0.0369751,9.16,-273.5,0,12.88
"2026-06-24 06:00:00",1005,0.05419278,54.19,0.03701476,9.15,-273.5,0,12.87
"2026-06-24 06:30:00",1006,0.05425563,54.26,0.03711469,9.2,-273.5,0,12.85
"2026-06-24 07:00:00",1007,0.05442869,54.43,0.03734374,9.31,-274.6,0,12.87
"2026-06-24 07:30:00",1008,0.05454018,54.54,0.03755435,9.43,-274.6,0,12.84
"2026-06-24 08:00:00",1009,0.05468543,54.69,0.03783562,9.59,-274.6,0,12.87
"2026-06-24 08:30:00",1010,0.05484422,54.84,0.03817787,9.81,-274.6,0,12.87
"2026-06-24 09:00:00",1011,0.05503876,55.04,0.03849742,9.97,-274.6,0,12.89
"2026-06-24 09:30:00",1012,0.05515673,55.16,0.03871902,10.1,-275.8,0,12.91
"2026-06-24 10:00:00",1013,0.05528146,55.28,0.03915886,10.42,-276.9,0,12.95
"2026-06-24 10:30:00",1014,0.0554704,55.47,0.03987082,10.94,-276.9,0,12.98
"2026-06-24 11:00:00",1015,0.05554938,55.55,0.04026882,11.25,-276.9,0,13.07
"2026-06-24 11:30:00",1016,0.05565428,55.65,0.04054668,11.43,-278.1,0,13.24
"2026-06-24 12:00:00",1017,0.05573996,55.74,0.04091419,11.7,-278.1,0,13.49
"2026-06-24 12:30:00",1018,0.05583363,55.83,0.04132628,12.01,-279.2,0,13.46
"2026-06-24 13:00:00",1019,0.05588039,55.88,0.04168677,12.3,-279.2,0,13.44
"2026-06-24 13:30:00",1020,0.05592976,55.93,0.04200412,12.55,-280.4,0,13.41
"2026-06-24 14:00:00",1021,0.05592666,55.93,0.04223992,12.76,-280.4,0,13.41
"2026-06-24 14:30:00",1022,0.05604576,56.05,0.0425436,12.95,-280.4,0,13.4
"2026-06-24 15:00:00",1023,0.05606931,56.07,0.0423548,12.77,-281.5,0,13.37
"2026-06-24 15:30:00",1024,0.05609354,56.09,0.04227388,12.68,-281.5,0,13.35
"2026-06-24 16:00:00",1025,0.05617056,56.17,0.04194489,12.34,-281.5,0,13.34
"2026-06-24 16:30:00",1026,0.05626118,56.26,0.04219045,12.5,-281.5,0,13.42
"2026-06-24 17:00:00",1027,0.05639302,56.39,0.04259873,12.77,-282.7,0,13.35
"2026-06-24 17:30:00",1028,0.05638652,56.39,0.04255196,12.73,-282.7,0,13.35
"2026-06-24 18:00:00",1029,0.05653499,56.53,0.04252791,12.61,-282.7,0,13.24
"2026-06-24 18:30:00",1030,0.05653159,56.53,0.04196041,12.11,-282.7,0,13.12
"2026-06-24 19:00:00",1031,0.05643528,56.44,0.04150447,11.77,-283.8,0,13.08
"2026-06-24 19:30:00",1032,0.05651555,56.52,0.04139244,11.62,-283.8,0,13.06
"2026-06-24 20:00:00",1033,0.05662329,56.62,0.04143836,11.59,-283.8,0,13.04
"2026-06-24 20:30:00",1034,0.05670658,56.71,0.04146525,11.56,-283.8,0,13.03
"2026-06-24 21:00:00",1035,0.05671628,56.72,0.04136896,11.47,-283.8,0,12.99
"2026-06-24 21:30:00",1036,0.05689294,56.89,0.04138297,11.37,-283.8,0,12.99
"2026-06-24 22:00:00",1037,0.05695168,56.95,0.04138489,11.33,-283.8,0,12.98
"2026-06-24 22:30:00",1038,0.0568655,56.87,0.04126722,11.28,-283.8,0,12.96
"2026-06-24 23:00:00",1039,0.05689117,56.89,0.04114217,11.16,-283.8,0,12.96
"2026-06-24 23:30:00",1040,0.05692459,56.92,0.04098977,11,-283.8,0,12.95
"2026-06-25 00:00:00",1041,0.05700127,57,0.04086542,10.85,-283.8,0,12.93
"2026-06-25 00:30:00",1042,0.05699352,56.99,0.04076178,10.76,-283.8,0,12.92
"2026-06-25 01:00:00",1043,0.0570557,57.06,0.04072428,10.69,-283.8,0,12.89
"2026-06-25 01:30:00",1044,0.05695508,56.96,0.04050535,10.56,-283.8,0,12.89
"2026-06-25 02:00:00",1045,0.05681872,56.82,0.04026063,10.43,-283.8,0,12.89
"2026-06-25 02:30:00",1046,0.05676268,56.76,0.04010632,10.33,-283.8,0,12.86
"2026-06-25 03:00:00",1047,0.0567269,56.73,0.03999205,10.25,-283.8,0,12.87
"2026-06-25 03:30:00",1048,0.0566607,56.66,0.03985973,10.17,-283.8,0,12.86
"2026-06-25 04:00:00",1049,0.05666919,56.67,0.03976903,10.09,-283.8,0,12.85
"2026-06-25 04:30:00",1050,0.05664887,56.65,0.03965399,10,-283.8,0,12.84
"2026-06-25 05:00:00",1051,0.05662403,56.62,0.03954476,9.92,-283.8,0,12.84
"2026-06-25 05:30:00",1052,0.05654627,56.55,0.03953276,9.96,-283.8,0,12.83
"2026-06-25 06:00:00",1053,0.05646912,56.47,0.03947083,9.95,-283.8,0,12.83
"2026-06-25 06:30:00",1054,0.05645861,56.46,0.03946939,9.95,-283.8,0,12.83
"2026-06-25 07:00:00",1055,0.0564381,56.44,0.03957002,10.06,-283.8,0,12.83
"2026-06-25 07:30:00",1056,0.05655034,56.55,0.03980676,10.2,-283.8,0,12.83
"2026-06-25 08:00:00",1057,0.05658155,56.58,0.03998369,10.33,-285,0,12.84
"2026-06-25 08:30:00",1058,0.05651587,56.52,0.04018736,10.55,-285,0,12.83
"2026-06-25 09:00:00",1059,0.05653868,56.54,0.04046174,10.78,-285,0,12.87
"2026-06-25 09:30:00",1060,0.05653056,56.53,0.04077796,11.07,-285,0,12.91
"2026-06-25 10:00:00",1061,0.05663921,56.64,0.04091519,11.12,-285,0,12.94
"2026-06-25 10:30:00",1062,0.05673319,56.73,0.04077996,10.94,-285,0,12.95
"2026-06-25 11:00:00",1063,0.05673973,56.74,0.04105115,11.17,-285,0,13
"2026-06-25 11:30:00",1064,0.05679463,56.79,0.04163812,11.66,-285,0,13.23
"2026-06-25 12:00:00",1065,0.05684533,56.85,0.04199861,11.94,-285,0,13.26
"2026-06-25 12:30:00",1066,0.05681936,56.82,0.04193961,11.91,-285,0,13.27
"2026-06-25 13:00:00",1067,0.05690986,56.91,0.04263027,12.45,-285,0,13.48
"2026-06-25 13:30:00",1068,0.05700981,57.01,0.04318802,12.88,-285,0,13.45
"2026-06-25 14:00:00",1069,0.05713218,57.13,0.04356768,13.13,-285,0,13.41
"2026-06-25 14:30:00",1070,0.0572299,57.23,0.04382281,13.29,-285,0,13.38
"2026-06-25 15:00:00",1071,0.05737476,57.37,0.04385099,13.21,-286.2,0,13.36
"2026-06-25 15:30:00",1072,0.05747966,57.48,0.04393202,13.22,-286.2,0,13.34
"2026-06-25 16:00:00",1073,0.05757393,57.57,0.04374035,12.99,-286.2,0,13.19
"2026-06-25 16:30:00",1074,0.05767502,57.68,0.04356349,12.77,-286.2,0,13.18
"2026-06-25 17:00:00",1075,0.05674164,56.74,0.04241959,12.38,-275.8,0,13.1
"2026-06-25 17:30:00",1076,0.05432924,54.33,0.03990715,11.73,-263.1,0,13.05
"2026-06-25 18:00:00",1077,0.05579964,55.8,0.04082429,11.58,-261.9,0,13.05
"2026-06-25 18:30:00",1078,0.05774502,57.75,0.04259385,11.88,-261.9,0,13.11
"2026-06-25 19:00:00",1079,0.05841662,58.42,0.04337494,12.13,-261.9,0,13.43
"2026-06-25 19:30:00",1080,0.05847933,58.48,0.04328245,12.01,-259.6,0,13.22
"2026-06-25 20:00:00",1081,0.0578067,57.81,0.04244291,11.71,-258.5,0,13.11
"2026-06-25 20:30:00",1082,0.05730349,57.3,0.04172265,11.4,-258.5,0,13.07
"2026-06-25 21:00:00",1083,0.05697892,56.98,0.04134416,11.28,-255,0,13.01
"2026-06-25 21:30:00",1084,0.05676653,56.77,0.04104666,11.15,-251.5,0,12.95
"2026-06-25 22:00:00",1085,0.0565706,56.57,0.04083851,11.1,-249.2,0,12.95
"2026-06-25 22:30:00",1086,0.05584642,55.85,0.04022345,11.01,-245.8,0,12.96
"2026-06-25 23:00:00",1087,0.05512627,55.13,0.03962825,10.94,-244.6,0,12.95
"2026-06-25 23:30:00",1088,0.0544582,54.46,0.03905626,10.86,-241.2,0,12.93
"2026-06-26 00:00:00",1089,0.05392906,53.93,0.03853688,10.73,-238.8,0,12.92
"2026-06-26 00:30:00",1090,0.05338037,53.38,0.03801031,10.6,-236.5,0,12.89
"2026-06-26 01:00:00",1091,0.05305017,53.05,0.03766682,10.5,-234.2,0,12.9
"2026-06-26 01:30:00",1092,0.05272583,52.73,0.03734829,10.42,-230.8,0,12.86
"2026-06-26 02:00:00",1093,0.05239852,52.4,0.03700374,10.31,-228.5,0,12.88
"2026-06-26 02:30:00",1094,0.05208448,52.08,0.03666172,10.19,-226.2,0,12.87
"2026-06-26 03:00:00",1095,0.05169938,51.7,0.03627487,10.08,-225,0,12.83
"2026-06-26 03:30:00",1096,0.05128396,51.28,0.03586439,9.97,-223.8,0,12.85
"2026-06-26 04:00:00",1097,0.05096297,50.96,0.03553294,9.86,-221.5,0,12.83
"2026-06-26 04:30:00",1098,0.05055364,50.55,0.03515816,9.77,-220.4,0,12.83
"2026-06-26 05:00:00",1099,0.05010758,50.11,0.0347401,9.67,-220.4,0,12.83
"2026-06-26 05:30:00",1100,0.05000112,50,0.03451228,9.51,-220.4,0,12.8
"2026-06-26 06:00:00",1101,0.0500468,50.05,0.03444865,9.42,-220.4,0,12.82
"2026-06-26 06:30:00",1102,0.05027448,50.27,0.03454107,9.35,-220.4,0,12.81
"2026-06-26 07:00:00",1103,0.05037458,50.37,0.03464915,9.39,-220.4,0,12.8
"2026-06-26 07:30:00",1104,0.05058564,50.59,0.03486315,9.46,-220.4,0,12.81
"2026-06-26 08:00:00",1105,0.05067733,50.68,0.03490746,9.44,-220.4,0,12.81
"2026-06-26 08:30:00",1106,0.05075853,50.76,0.0349399,9.42,-220.4,0,12.81
"2026-06-26 09:00:00",1107,0.05080538,50.81,0.03502136,9.47,-220.4,0,12.82
"2026-06-26 09:30:00",1108,0.05103965,51.04,0.03519392,9.48,-220.4,0,12.82
"2026-06-26 10:00:00",1109,0.05130833,51.31,0.03542428,9.52,-220.4,0,12.84
"2026-06-26 10:30:00",1110,0.05148888,51.49,0.03565079,9.62,-220.4,0,12.87
"2026-06-26 11:00:00",1111,0.05157739,51.58,0.03577362,9.68,-220.4,0,12.86
"2026-06-26 11:30:00",1112,0.05167111,51.67,0.03593806,9.78,-220.4,0,12.91
"2026-06-26 12:00:00",1113,0.05173459,51.73,0.0360504,9.84,-220.4,0,12.92
"2026-06-26 12:30:00",1114,0.05177297,51.77,0.0361338,9.9,-220.4,0,12.95
"2026-06-26 13:00:00",1115,0.0519138,51.91,0.03625838,9.92,-221.5,0,12.96
"2026-06-26 13:30:00",1116,0.05201299,52.01,0.03647469,10.06,-221.5,0,13.01
"2026-06-26 14:00:00",1117,0.05214144,52.14,0.03654163,10.04,-221.5,0,13
"2026-06-26 14:30:00",1118,0.05227602,52.28,0.03663363,10.04,-221.5,0,12.99
"2026-06-26 15:00:00",1119,0.05241642,52.42,0.03678841,10.09,-221.5,0,12.98
"2026-06-26 15:30:00",1120,0.05248694,52.49,0.03688169,10.13,-222.7,0,13.01
"2026-06-26 16:00:00",1121,0.0525308,52.53,0.03692151,10.14,-222.7,0,13.02
"2026-06-26 16:30:00",1122,0.05261805,52.62,0.03702425,10.18,-222.7,0,13.05
"2026-06-26 17:00:00",1123,0.05277708,52.78,0.0372397,10.28,-223.8,0,13.11
"2026-06-26 17:30:00",1124,0.05293945,52.94,0.03739604,10.32,-225,0,13.12
"2026-06-26 18:00:00",1125,0.05318065,53.18,0.03755707,10.31,-225,0,13.03
"2026-06-26 18:30:00",1126,0.0533434,53.34,0.03755099,10.2,-225,0,12.91
"2026-06-26 19:00:00",1127,0.05333553,53.34,0.03759239,10.24,-225,0,12.96
"2026-06-26 19:30:00",1128,0.05339776,53.4,0.03757465,10.18,-226.2,0,12.89
"2026-06-26 20:00:00",1129,0.05330191,53.3,0.03724932,9.94,-226.2,0,12.85
"2026-06-26 20:30:00",1130,0.05333068,53.33,0.03713489,9.82,-226.2,0,12.83
"2026-06-26 21:00:00",1131,0.05335604,53.36,0.03706571,9.73,-227.3,0,12.84
"2026-06-26 21:30:00",1132,0.05350405,53.5,0.03716138,9.73,-227.3,0,12.81
"2026-06-26 22:00:00",1133,0.0537285,53.73,0.0372395,9.66,-227.3,0,12.83
"2026-06-26 22:30:00",1134,0.05394862,53.95,0.03729673,9.57,-227.3,0,12.83
"2026-06-26 23:00:00",1135,0.0540397,54.04,0.03725529,9.47,-227.3,0,12.82
"2026-06-26 23:30:00",1136,0.05407292,54.07,0.03720985,9.41,-228.5,0,12.82
"2026-06-27 00:00:00",1137,0.05425648,54.26,0.03727889,9.35,-228.5,0,12.81
"2026-06-27 00:30:00",1138,0.05429544,54.3,0.03725994,9.31,-228.5,0,12.8
"2026-06-27 01:00:00",1139,0.0543959,54.4,0.03725986,9.25,-229.6,0,12.81
"2026-06-27 01:30:00",1140,0.0544017,54.4,0.03719096,9.18,-229.6,0,12.81
"2026-06-27 02:00:00",1141,0.05439157,54.39,0.03714158,9.14,-229.6,0,12.81
"2026-06-27 02:30:00",1142,0.05444648,54.45,0.03714868,9.11,-229.6,0,12.8
"2026-06-27 03:00:00",1143,0.05470168,54.7,0.03727867,9.07,-229.6,0,12.78
"2026-06-27 03:30:00",1144,0.05488813,54.89,0.03734887,9.02,-229.6,0,12.8
"2026-06-27 04:00:00",1145,0.05492853,54.93,0.0373473,9,-229.6,0,12.79
"2026-06-27 04:30:00",1146,0.05512184,55.12,0.03745833,8.98,-231.9,0,12.78
"2026-06-27 05:00:00",1147,0.05510727,55.11,0.03740776,8.94,-231.9,0,12.79
"2026-06-27 05:30:00",1148,0.05513527,55.14,0.03738814,8.91,-231.9,0,12.79
"2026-06-27 06:00:00",1149,0.05516556,55.17,0.03736002,8.86,-231.9,0,12.77
"2026-06-27 06:30:00",1150,0.05518952,55.19,0.03736797,8.85,-231.9,0,12.78
"2026-06-27 07:00:00",1151,0.05518097,55.18,0.03734268,8.84,-234.2,0,12.78
"2026-06-27 07:30:00",1152,0.0552423,55.24,0.03737263,8.83,-234.2,0,12.76
"2026-06-27 08:00:00",1153,0.05538987,55.39,0.03745861,8.81,-234.2,0,12.79
"2026-06-27 08:30:00",1154,0.05540682,55.41,0.03750425,8.84,-234.2,0,12.79
"2026-06-27 09:00:00",1155,0.05543508,55.44,0.03755926,8.88,-234.2,0,12.78
"2026-06-27 09:30:00",1156,0.0554785,55.48,0.03758368,8.87,-234.2,0,12.79
"2026-06-27 10:00:00",1157,0.05549898,55.5,0.03761959,8.89,-234.2,0,12.81
"2026-06-27 10:30:00",1158,0.05549039,55.49,0.03764672,8.92,-236.5,0,12.82
"2026-06-27 11:00:00",1159,0.05548002,55.48,0.03765591,8.94,-236.5,0,12.83
"2026-06-27 11:30:00",1160,0.05556845,55.57,0.03788557,9.09,-236.5,0,12.89
"2026-06-27 12:00:00",1161,0.05551936,55.52,0.0380337,9.25,-236.5,0,13.09
"2026-06-27 12:30:00",1162,0.05546557,55.47,0.03808326,9.33,-236.5,0,13.16
"2026-06-27 13:00:00",1163,0.0555029,55.5,0.03814654,9.36,-236.5,0,13.12
"2026-06-27 13:30:00",1164,0.05553059,55.53,0.03811656,9.32,-236.5,0,13.06
"2026-06-27 14:00:00",1165,0.05560448,55.6,0.0381605,9.31,-238.8,0,13.01
"2026-06-27 14:30:00",1166,0.05560965,55.61,0.03815629,9.31,-238.8,0,12.97
"2026-06-27 15:00:00",1167,0.05555596,55.56,0.03816952,9.35,-238.8,0,13.01
"2026-06-27 15:30:00",1168,0.0555976,55.6,0.03825809,9.41,-240,0,13
"2026-06-27 16:00:00",1169,0.05565482,55.65,0.03828204,9.39,-240,0,12.98
"2026-06-27 16:30:00",1170,0.05558749,55.59,0.03818013,9.34,-240,0,12.93
"2026-06-27 17:00:00",1171,0.05553581,55.54,0.03807524,9.28,-240,0,12.89
"2026-06-27 17:30:00",1172,0.05554314,55.54,0.03797942,9.19,-240,0,12.85
"2026-06-27 18:00:00",1173,0.05549243,55.49,0.0378915,9.14,-240,0,12.83
"2026-06-27 18:30:00",1174,0.0554809,55.48,0.03786471,9.12,-241.2,0,12.85
"2026-06-27 19:00:00",1175,0.05559764,55.6,0.03790667,9.09,-241.2,0,12.84
"2026-06-27 19:30:00",1176,0.05541931,55.42,0.03779544,9.1,-242.3,0,12.85
"2026-06-27 20:00:00",1177,0.05549047,55.49,0.0378586,9.11,-242.3,0,12.85
"2026-06-27 20:30:00",1178,0.05551944,55.52,0.03781074,9.05,-242.3,0,12.82
"2026-06-27 21:00:00",1179,0.05563691,55.64,0.03783378,9,-243.5,0,12.79
"2026-06-27 21:30:00",1180,0.05584211,55.84,0.0379091,8.94,-243.5,0,12.81
"2026-06-27 22:00:00",1181,0.05592506,55.93,0.03789415,8.88,-243.5,0,12.81
"2026-06-27 22:30:00",1182,0.05604909,56.05,0.03790204,8.81,-243.5,0,12.79
"2026-06-27 23:00:00",1183,0.05617994,56.18,0.03790332,8.73,-243.5,0,12.8
"2026-06-27 23:30:00",1184,0.05638633,56.39,0.03794063,8.64,-245.8,0,12.78
"2026-06-28 00:00:00",1185,0.0564855,56.49,0.0379412,8.58,-245.8,0,12.79
"2026-06-28 00:30:00",1186,0.05659531,56.6,0.03793476,8.51,-245.8,0,12.79
"2026-06-28 01:00:00",1187,0.05664621,56.65,0.03790689,8.46,-245.8,0,12.77
"2026-06-28 01:30:00",1188,0.05671161,56.71,0.0378748,8.39,-245.8,0,12.78
"2026-06-28 02:00:00",1189,0.05669139,56.69,0.03779085,8.33,-248.1,0,12.78
"2026-06-28 02:30:00",1190,0.0566241,56.62,0.03768997,8.28,-248.1,0,12.76
"2026-06-28 03:00:00",1191,0.05664456,56.64,0.03765566,8.24,-248.1,0,12.77
"2026-06-28 03:30:00",1192,0.05663143,56.63,0.03759996,8.2,-248.1,0,12.75
"2026-06-28 04:00:00",1193,0.05669522,56.7,0.03760602,8.17,-248.1,0,12.77
"2026-06-28 04:30:00",1194,0.05675083,56.75,0.03757953,8.11,-248.1,0,12.76
"2026-06-28 05:00:00",1195,0.05689574,56.9,0.03762119,8.06,-248.1,0,12.74
"2026-06-28 05:30:00",1196,0.05700182,57,0.03764656,8.02,-250.4,0,12.76
"2026-06-28 06:00:00",1197,0.05713967,57.14,0.03777282,8.05,-250.4,0,12.76
"2026-06-28 06:30:00",1198,0.05719174,57.19,0.03786507,8.1,-250.4,0,12.74
"2026-06-28 07:00:00",1199,0.05732301,57.32,0.03796927,8.12,-250.4,0,12.76
"2026-06-28 07:30:00",1200,0.05738507,57.39,0.03807241,8.17,-250.4,0,12.77
"2026-06-28 08:00:00",1201,0.05748976,57.49,0.03831006,8.32,-252.7,0,12.75
"2026-06-28 08:30:00",1202,0.05750883,57.51,0.03849613,8.47,-252.7,0,12.8
"2026-06-28 09:00:00",1203,0.05762246,57.62,0.03884059,8.7,-252.7,0,12.83
"2026-06-28 09:30:00",1204,0.0576427,57.64,0.03892983,8.77,-252.7,0,12.84
"2026-06-28 10:00:00",1205,0.05770661,57.71,0.03913131,8.91,-255,0,12.93
"2026-06-28 10:30:00",1206,0.05774187,57.74,0.03938705,9.11,-255,0,12.96
"2026-06-28 11:00:00",1207,0.05778388,57.78,0.0395378,9.21,-255,0,13
"2026-06-28 11:30:00",1208,0.05784618,57.85,0.03968504,9.3,-255,0,13.1
"2026-06-28 12:00:00",1209,0.05780632,57.81,0.03984947,9.47,-255,0,13.27
"2026-06-28 12:30:00",1210,0.05782105,57.82,0.04016342,9.73,-256.2,0,13.41
"2026-06-28 13:00:00",1211,0.05788126,57.88,0.04065497,10.12,-256.2,0,13.56
"2026-06-28 13:30:00",1212,0.0579926,57.99,0.04106848,10.41,-256.2,0,13.55
"2026-06-28 14:00:00",1213,0.05814189,58.14,0.04143495,10.63,-257.3,0,13.55
"2026-06-28 14:30:00",1214,0.05815914,58.16,0.04159327,10.76,-257.3,0,13.56
"2026-06-28 15:00:00",1215,0.05824091,58.24,0.04171723,10.81,-257.3,0,13.56
"2026-06-28 15:30:00",1216,0.05829919,58.3,0.04172599,10.79,-257.3,0,13.36
"2026-06-28 16:00:00",1217,0.05828469,58.28,0.04147977,10.58,-257.3,0,13.27
"2026-06-28 16:30:00",1218,0.05835016,58.35,0.04140029,10.48,-259.6,0,13.24
"2026-06-28 17:00:00",1219,0.0584127,58.41,0.04139211,10.43,-259.6,0,13.26
"2026-06-28 17:30:00",1220,0.05842159,58.42,0.04145048,10.48,-259.6,0,13.31
"2026-06-28 18:00:00",1221,0.05845434,58.45,0.04140717,10.42,-259.6,0,13.26
"2026-06-28 18:30:00",1222,0.05852574,58.53,0.04122057,10.22,-259.6,0,13.25
"2026-06-28 19:00:00",1223,0.05865019,58.65,0.04133423,10.24,-259.6,0,13.31
"2026-06-28 19:30:00",1224,0.05868369,58.68,0.04128389,10.17,-261.9,0,13.29
"2026-06-28 20:00:00",1225,0.05873328,58.73,0.04118079,10.06,-261.9,0,13.18
"2026-06-28 20:30:00",1226,0.0588087,58.81,0.04107647,9.92,-261.9,0,13.11
"2026-06-28 21:00:00",1227,0.05888523,58.89,0.04094762,9.77,-261.9,0,13.08
"2026-06-28 21:30:00",1228,0.05883982,58.84,0.04075728,9.63,-263.1,0,13.06
"2026-06-28 22:00:00",1229,0.05898874,58.99,0.04070364,9.5,-263.1,0,13.03
"2026-06-28 22:30:00",1230,0.05895854,58.96,0.04049734,9.34,-263.1,0,13.04
"2026-06-28 23:00:00",1231,0.05906817,59.07,0.04044864,9.24,-263.1,0,13.01
"2026-06-28 23:30:00",1232,0.05911035,59.11,0.04038471,9.16,-264.2,0,13
"2026-06-29 00:00:00",1233,0.05922749,59.23,0.04036205,9.07,-264.2,0,13
"2026-06-29 00:30:00",1234,0.05930049,59.3,0.04035509,9.03,-264.2,0,12.97
"2026-06-29 01:00:00",1235,0.05938392,59.38,0.04034339,8.97,-265.4,0,12.98
"2026-06-29 01:30:00",1236,0.05953599,59.54,0.04035509,8.89,-266.5,0,12.96
"2026-06-29 02:00:00",1237,0.05958128,59.58,0.04031648,8.83,-266.5,0,12.94
"2026-06-29 02:30:00",1238,0.05963152,59.63,0.04031183,8.8,-266.5,0,12.95
"2026-06-29 03:00:00",1239,0.05967564,59.68,0.04030399,8.77,-266.5,0,12.94
"2026-06-29 03:30:00",1240,0.05974124,59.74,0.04029679,8.73,-266.5,0,12.93
"2026-06-29 04:00:00",1241,0.05974608,59.75,0.04025923,8.69,-267.7,0,12.92
"2026-06-29 04:30:00",1242,0.05992276,59.92,0.04035368,8.67,-267.7,0,12.89
"2026-06-29 05:00:00",1243,0.06001161,60.01,0.04036223,8.63,-267.7,0,12.91
"2026-06-29 05:30:00",1244,0.06004675,60.05,0.04034492,8.59,-267.7,0,12.88
"2026-06-29 06:00:00",1245,0.06011901,60.12,0.04034444,8.55,-268.8,0,12.88
"2026-06-29 06:30:00",1246,0.06020025,60.2,0.04037473,8.53,-268.8,0,12.89
"2026-06-29 07:00:00",1247,0.06013045,60.13,0.04031752,8.53,-268.8,0,12.87
"2026-06-29 07:30:00",1248,0.06024499,60.24,0.04037328,8.51,-270,0,12.86
"2026-06-29 08:00:00",1249,0.06023847,60.24,0.04035229,8.49,-270,0,12.86
"2026-06-29 08:30:00",1250,0.0602603,60.26,0.04036351,8.49,-270,0,12.84
"2026-06-29 09:00:00",1251,0.06019434,60.19,0.04031512,8.49,-270,0,12.85
"2026-06-29 09:30:00",1252,0.06019833,60.2,0.04030919,8.48,-271.2,0,12.82
"2026-06-29 10:00:00",1253,0.06017751,60.18,0.04029125,8.48,-271.2,0,12.84
"2026-06-29 10:30:00",1254,0.06017725,60.18,0.04031368,8.5,-271.2,0,12.83
"2026-06-29 11:00:00",1255,0.060193,60.19,0.04035486,8.52,-271.2,0,12.81
"2026-06-29 11:30:00",1256,0.0601653,60.17,0.04037153,8.55,-272.3,0,12.82
"2026-06-29 12:00:00",1257,0.06022339,60.22,0.04045918,8.59,-272.3,0,12.79
"2026-06-29 12:30:00",1258,0.06013151,60.13,0.04043673,8.62,-272.3,0,12.82
"2026-06-29 13:00:00",1259,0.06018826,60.19,0.04053766,8.68,-272.3,0,12.82
"2026-06-29 13:30:00",1260,0.06029931,60.3,0.04064635,8.7,-272.3,0,12.83
"2026-06-29 14:00:00",1261,0.0603206,60.32,0.04066277,8.71,-272.3,0,12.81
"2026-06-29 14:30:00",1262,0.0603357,60.34,0.04068103,8.71,-272.3,0,12.81
"2026-06-29 15:00:00",1263,0.06035151,60.35,0.04070856,8.73,-272.3,0,12.8
"2026-06-29 15:30:00",1264,0.06042961,60.43,0.04078142,8.74,-272.3,0,12.8
"2026-06-29 16:00:00",1265,0.06052464,60.52,0.04090049,8.79,-272.3,0,12.83
"2026-06-29 16:30:00",1266,0.06060414,60.6,0.0409605,8.79,-272.3,0,12.79
"2026-06-29 17:00:00",1267,0.06058811,60.59,0.04085808,8.72,-272.3,0,12.78
"2026-06-29 17:30:00",1268,0.06031305,60.31,0.04064909,8.7,-272.3,0,12.8
"2026-06-29 18:00:00",1269,0.0603351,60.34,0.04066357,8.7,-272.3,0,12.78
"2026-06-29 18:30:00",1270,0.06022879,60.23,0.04052436,8.64,-271.2,0,12.78
"2026-06-29 19:00:00",1271,0.06031573,60.32,0.04057782,8.64,-270,0,12.79
"2026-06-29 19:30:00",1272,0.06018957,60.19,0.0404812,8.63,-270,0,12.77
"2026-06-29 20:00:00",1273,0.0602256,60.23,0.04048014,8.61,-268.8,0,12.78
"2026-06-29 20:30:00",1274,0.06022017,60.22,0.04037796,8.53,-268.8,0,12.78
"2026-06-29 21:00:00",1275,0.06020521,60.21,0.04027664,8.45,-268.8,0,12.76
"2026-06-29 21:30:00",1276,0.06030749,60.31,0.04026118,8.38,-268.8,0,12.76
"2026-06-29 22:00:00",1277,0.06037428,60.37,0.04024278,8.33,-267.7,0,12.77
"2026-06-29 22:30:00",1278,0.06037951,60.38,0.0401767,8.27,-267.7,0,12.75
"2026-06-29 23:00:00",1279,0.06044733,60.45,0.04016181,8.22,-266.5,0,12.77
"2026-06-29 23:30:00",1280,0.06050552,60.51,0.04012025,8.15,-266.5,0,12.74
"2026-06-30 00:00:00",1281,0.06050558,60.51,0.04005704,8.1,-266.5,0,12.76
"2026-06-30 00:30:00",1282,0.06053576,60.54,0.04002364,8.06,-265.4,0,12.76
"2026-06-30 01:00:00",1283,0.06045758,60.46,0.03992371,8.02,-265.4,0,12.74
"2026-06-30 01:30:00",1284,0.06039855,60.4,0.03984893,7.988,-265.4,0,12.76
"2026-06-30 02:00:00",1285,0.06043208,60.43,0.03981324,7.941,-264.2,0,12.76
"2026-06-30 02:30:00",1286,0.06040328,60.4,0.03974903,7.903,-264.2,0,12.74
"2026-06-30 03:00:00",1287,0.06041085,60.41,0.03971899,7.874,-263.1,0,12.76
"2026-06-30 03:30:00",1288,0.06040777,60.41,0.03968571,7.848,-261.9,0,12.75
"2026-06-30 04:00:00",1289,0.06049646,60.5,0.03971276,7.822,-261.9,0,12.74
"2026-06-30 04:30:00",1290,0.06053066,60.53,0.03969339,7.788,-261.9,0,12.76
"2026-06-30 05:00:00",1291,0.06056968,60.57,0.03969435,7.768,-259.6,0,12.75
"2026-06-30 05:30:00",1292,0.06058343,60.58,0.03969355,7.759,-259.6,0,12.76
"2026-06-30 06:00:00",1293,0.060589,60.59,0.03969339,7.756,-258.5,0,12.75
"2026-06-30 06:30:00",1294,0.06054747,60.55,0.03965737,7.749,-258.5,0,12.73
"2026-06-30 07:00:00",1295,0.06052697,60.53,0.03969179,7.789,-256.2,0,12.75
"2026-06-30 07:30:00",1296,0.06059577,60.6,0.03982045,7.857,-256.2,0,12.73
"2026-06-30 08:00:00",1297,0.06053803,60.54,0.03983036,7.897,-255,0,12.76
"2026-06-30 08:30:00",1298,0.06032797,60.33,0.03977567,7.966,-253.8,0,12.77
"2026-06-30 09:00:00",1299,0.06025535,60.26,0.03985124,8.07,-252.7,0,12.78
"2026-06-30 09:30:00",1300,0.06025498,60.25,0.039881,8.09,-251.5,0,12.77
"2026-06-30 10:00:00",1301,0.06015497,60.15,0.03986473,8.14,-250.4,0,12.77
"2026-06-30 10:30:00",1302,0.06008564,60.09,0.03984839,8.16,-249.2,0,12.76
"2026-06-30 11:00:00",1303,0.05992214,59.92,0.03979321,8.2,-248.1,0,12.76
"2026-06-30 11:30:00",1304,0.05996832,59.97,0.03997646,8.33,-248.1,0,12.82
"2026-06-30 12:00:00",1305,0.05995516,59.96,0.0401098,8.45,-245.8,0,12.82
"2026-06-30 12:30:00",1306,0.05988098,59.88,0.04032068,8.67,-245.8,0,12.98
"2026-06-30 13:00:00",1307,0.059823,59.82,0.04061197,8.94,-244.6,0,13.1
"2026-06-30 13:30:00",1308,0.05971034,59.71,0.04086088,9.22,-244.6,0,13.37
"2026-06-30 14:00:00",1309,0.0596071,59.61,0.04107896,9.46,-242.3,0,13.43
"2026-06-30 14:30:00",1310,0.05943431,59.43,0.04120076,9.66,-242.3,0,13.42
"2026-06-30 15:00:00",1311,0.05947273,59.47,0.04157269,9.95,-241.2,0,13.52
"2026-06-30 15:30:00",1312,0.05949653,59.5,0.04191349,10.22,-241.2,0,13.53
"2026-06-30 16:00:00",1313,0.05966927,59.67,0.04222436,10.38,-240,0,13.28
"2026-06-30 16:30:00",1314,0.05958297,59.58,0.04194046,10.19,-238.8,0,13.25
"2026-06-30 17:00:00",1315,0.05979451,59.79,0.04223692,10.32,-237.7,0,13.23
"2026-06-30 17:30:00",1316,0.059719,59.72,0.04192969,10.11,-237.7,0,13.09
"2026-06-30 18:00:00",1317,0.05941195,59.41,0.04143417,9.87,-234.2,0,13.09
"2026-06-30 18:30:00",1318,0.05923277,59.23,0.04131498,9.88,-230.8,0,13.09
"2026-06-30 19:00:00",1319,0.05955061,59.55,0.04158789,9.92,-228.5,0,13.09
"2026-06-30 19:30:00",1320,0.05954685,59.55,0.04134101,9.71,-226.2,0,13.05
"2026-06-30 20:00:00",1321,0.05939482,59.39,0.04071798,9.28,-222.7,0,13.03
"2026-06-30 20:30:00",1322,0.0595199,59.52,0.04058092,9.09,-218.1,0,12.99
"2026-06-30 21:00:00",1323,0.05987406,59.87,0.04070223,8.99,-216.9,0,13
"2026-06-30 21:30:00",1324,0.05971344,59.71,0.04053766,8.94,-213.5,0,12.97
"2026-06-30 22:00:00",1325,0.05954454,59.54,0.04035893,8.89,-211.2,0,12.98
"2026-06-30 22:30:00",1326,0.05944443,59.44,0.04025935,8.86,-207.7,0,12.95
"2026-06-30 23:00:00",1327,0.05947197,59.47,0.04025678,8.85,-204.2,0,12.96
"2026-06-30 23:30:00",1328,0.05964272,59.64,0.04034115,8.82,-200.8,0,12.95
"2026-07-01 00:00:00",1329,0.05970873,59.71,0.04035893,8.8,-198.5,0,12.94
"2026-07-01 00:30:00",1330,0.05985988,59.86,0.04041163,8.76,-193.8,0,12.92
"2026-07-01 01:00:00",1331,0.05994941,59.95,0.04040459,8.7,-190.4,0,12.92
"2026-07-01 01:30:00",1332,0.05993724,59.94,0.04032337,8.64,-186.9,0,12.89
"2026-07-01 02:00:00",1333,0.05992698,59.93,0.04024927,8.58,-183.5,0,12.9
"2026-07-01 02:30:00",1334,0.05981701,59.82,0.04008342,8.51,-180,0,12.87
"2026-07-01 03:00:00",1335,0.05964653,59.65,0.0398825,8.43,-175.4,0,12.88
"2026-07-01 03:30:00",1336,0.05952139,59.52,0.03968076,8.33,-171.9,0,12.87
"2026-07-01 04:00:00",1337,0.05947606,59.48,0.03958374,8.28,-168.5,0,12.84
"2026-07-01 04:30:00",1338,0.059438,59.44,0.03949666,8.23,-165,0,12.84
"2026-07-01 05:00:00",1339,0.05953024,59.53,0.03947971,8.16,-159.2,0,12.81
"2026-07-01 05:30:00",1340,0.05960794,59.61,0.03947779,8.11,-155.8,0,12.82
"2026-07-01 06:00:00",1341,0.05963969,59.64,0.03949764,8.11,-153.5,0,12.81
"2026-07-01 06:30:00",1342,0.05985533,59.86,0.03966586,8.13,-151.2,0,12.78
"2026-07-01 07:00:00",1343,0.05987494,59.87,0.03971619,8.17,-147.7,0,12.79
"2026-07-01 07:30:00",1344,0.05988816,59.89,0.03977592,8.21,-145.4,0,12.8
"2026-07-01 08:00:00",1345,0.05992869,59.93,0.03984099,8.24,-144.2,0,12.79
"2026-07-01 08:30:00",1346,0.05998463,59.98,0.04000884,8.35,-143.1,0,12.79
"2026-07-01 09:00:00",1347,0.0601471,60.15,0.04026745,8.47,-140.8,0,12.81
"2026-07-01 09:30:00",1348,0.06017121,60.17,0.04054385,8.69,-140.8,0,12.81
"2026-07-01 10:00:00",1349,0.06025177,60.25,0.04084398,8.89,-139.6,0,12.84
"2026-07-01 10:30:00",1350,0.06034067,60.34,0.04124447,9.18,-139.6,0,12.86
"2026-07-01 11:00:00",1351,0.06046118,60.46,0.0416388,9.43,-138.5,0,12.96
"2026-07-01 11:30:00",1352,0.06048982,60.49,0.04201936,9.73,-138.5,0,13.17
"2026-07-01 12:00:00",1353,0.06047493,60.47,0.0417637,9.53,-138.5,0,13.08
"2026-07-01 12:30:00",1354,0.06049554,60.5,0.04178898,9.54,-138.5,0,13.12
"2026-07-01 13:00:00",1355,0.06053189,60.53,0.04201143,9.7,-138.5,0,13.39
"2026-07-01 13:30:00",1356,0.06030871,60.31,0.04214353,9.94,-139.6,0,13.51
"2026-07-01 14:00:00",1357,0.06035507,60.36,0.04237435,10.1,-139.6,0,13.34
"2026-07-01 14:30:00",1358,0.06034403,60.34,0.04227608,10.03,-140.8,0,13.18
"2026-07-01 15:00:00",1359,0.06054145,60.54,0.04229196,9.93,-140.8,0,13.15
"2026-07-01 15:30:00",1360,0.06070419,60.7,0.04230942,9.85,-141.9,0,13.15
"2026-07-01 16:00:00",1361,0.060784,60.78,0.04223251,9.74,-143.1,0,13.13
"2026-07-01 16:30:00",1362,0.06064057,60.64,0.04201467,9.64,-144.2,0,13.11
"2026-07-01 17:00:00",1363,0.06070829,60.71,0.04217403,9.73,-145.4,0,13.22
"2026-07-01 17:30:00",1364,0.06068052,60.68,0.04217196,9.75,-146.5,0,13.32
"2026-07-01 18:00:00",1365,0.060815,60.82,0.04219935,9.69,-146.5,0,13.21
"2026-07-01 18:30:00",1366,0.06084771,60.85,0.04217572,9.66,-147.7,0,13.15
"2026-07-01 19:00:00",1367,0.06080974,60.81,0.04200252,9.54,-147.7,0,13.09
"2026-07-01 19:30:00",1368,0.0608983,60.9,0.04207696,9.55,-148.8,0,13.13
"2026-07-01 20:00:00",1369,0.06089328,60.89,0.04213346,9.6,-150,0,13.15
"2026-07-01 20:30:00",1370,0.06067118,60.67,0.04212287,9.71,-150,0,13.23
"2026-07-01 21:00:00",1371,0.06084536,60.85,0.04221612,9.69,-150,0,13.1
"2026-07-01 21:30:00",1372,0.06088929,60.89,0.04215993,9.62,-152.3,0,13.05
"2026-07-01 22:00:00",1373,0.06081182,60.81,0.04207568,9.59,-152.3,0,13
"2026-07-01 22:30:00",1374,0.06070758,60.71,0.04193363,9.54,-153.5,0,13
"2026-07-01 23:00:00",1375,0.060924,60.92,0.04198995,9.46,-154.6,0,12.99
"2026-07-01 23:30:00",1376,0.06094851,60.95,0.04191005,9.38,-155.8,0,12.96
"2026-07-02 00:00:00",1377,0.06109069,61.09,0.04194802,9.33,-156.9,0,12.96
"2026-07-02 00:30:00",1378,0.06122019,61.22,0.04198086,9.29,-156.9,0,12.95
"2026-07-02 01:00:00",1379,0.06135444,61.35,0.04197529,9.21,-158.1,0,12.93
"2026-07-02 01:30:00",1380,0.06130719,61.31,0.04183667,9.12,-159.2,0,12.92
"2026-07-02 02:00:00",1381,0.06123174,61.23,0.041651,9.01,-159.2,0,12.91
"2026-07-02 02:30:00",1382,0.06104203,61.04,0.04139704,8.91,-160.4,0,12.88
"2026-07-02 03:00:00",1383,0.06090493,60.9,0.04124162,8.86,-160.4,0,12.89
"2026-07-02 03:30:00",1384,0.06094705,60.95,0.04121461,8.81,-162.7,0,12.85
"2026-07-02 04:00:00",1385,0.06102382,61.02,0.04120034,8.76,-162.7,0,12.86
"2026-07-02 04:30:00",1386,0.06102976,61.03,0.04113889,8.7,-162.7,0,12.85
"2026-07-02 05:00:00",1387,0.06108167,61.08,0.04111691,8.66,-165,0,12.81
"2026-07-02 05:30:00",1388,0.0611242,61.12,0.04112397,8.64,-165,0,12.83
"2026-07-02 06:00:00",1389,0.06122015,61.22,0.04118221,8.63,-165,0,12.81
"2026-07-02 06:30:00",1390,0.0612294,61.23,0.04121044,8.65,-166.2,0,12.81
"2026-07-02 07:00:00",1391,0.06129871,61.3,0.0412936,8.68,-167.3,0,12.81
"2026-07-02 07:30:00",1392,0.06129799,61.3,0.04137778,8.75,-167.3,0,12.78
"2026-07-02 08:00:00",1393,0.06128545,61.29,0.0414867,8.85,-169.6,0,12.78
"2026-07-02 08:30:00",1394,0.06128012,61.28,0.04161882,8.96,-170.8,0,12.81
"2026-07-02 09:00:00",1395,0.06130471,61.3,0.04182883,9.12,-170.8,0,12.83
"2026-07-02 09:30:00",1396,0.06137389,61.37,0.04206512,9.27,-171.9,0,12.84
"2026-07-02 10:00:00",1397,0.06137649,61.38,0.04231923,9.48,-173.1,0,12.84
"2026-07-02 10:30:00",1398,0.06136598,61.37,0.0422192,9.4,-173.1,0,12.83
"2026-07-02 11:00:00",1399,0.0611145,61.11,0.04188345,9.27,-171.9,0,12.81
"2026-07-02 11:30:00",1400,0.06104417,61.04,0.04171276,9.17,-169.6,0,12.81
"2026-07-02 12:00:00",1401,0.06040634,60.41,0.04104371,8.97,-161.5,0,12.78
"2026-07-02 12:30:00",1402,0.06070028,60.7,0.04112213,8.87,-159.2,0,12.8
"2026-07-02 13:00:00",1403,0.06040171,60.4,0.04090565,8.86,-156.9,0,12.83
"2026-07-02 13:30:00",1404,0.06009885,60.1,0.04100792,9.12,-154.6,0,13.02
"2026-07-02 14:00:00",1405,0.05980685,59.81,0.04145098,9.65,-152.3,0,13.47
"2026-07-02 14:30:00",1406,0.0599993,60,0.04187608,9.9,-151.2,0,13.35
"2026-07-02 15:00:00",1407,0.05970044,59.7,0.04174804,9.96,-147.7,0,13.25
"2026-07-02 15:30:00",1408,0.05935231,59.35,0.04156547,10.02,-141.9,0,13.24
"2026-07-02 16:00:00",1409,0.0593436,59.34,0.04151897,9.98,-137.3,0,13.19
"2026-07-02 16:30:00",1410,0.05923516,59.24,0.04129042,9.85,-133.8,0,13.15
"2026-07-02 17:00:00",1411,0.05900369,59,0.04102837,9.77,-126.9,0,13.14
"2026-07-02 17:30:00",1412,0.05896305,58.96,0.04091656,9.7,-120,0,13.11
"2026-07-02 18:00:00",1413,0.05884832,58.85,0.04071616,9.59,-115.4,0,13.09
"2026-07-02 18:30:00",1414,0.05874727,58.75,0.04060705,9.56,-109.6,0,13.08
"2026-07-02 19:00:00",1415,0.05887131,58.87,0.04067322,9.54,-102.7,0,13.13
"2026-07-02 19:30:00",1416,0.05897537,58.98,0.04071822,9.52,-95.8,0,13.13
"2026-07-02 20:00:00",1417,0.05896863,58.97,0.04076596,9.57,-92.3,0,13.12
"2026-07-02 20:30:00",1418,0.05902394,59.02,0.04092296,9.67,-86.5,0,13.24
"2026-07-02 21:00:00",1419,0.05931791,59.32,0.04114189,9.68,-83.1,0,13.12
"2026-07-02 21:30:00",1420,0.05967259,59.67,0.04136986,9.66,-79.62,0,13.06
"2026-07-02 22:00:00",1421,0.05981088,59.81,0.04140475,9.61,-76.15,0,13.03
"2026-07-02 22:30:00",1422,0.05994837,59.95,0.04143203,9.56,-75,0,13.01
"2026-07-02 23:00:00",1423,0.06016861,60.17,0.04148804,9.48,-73.85,0,12.99
"2026-07-02 23:30:00",1424,0.06036425,60.36,0.04147156,9.35,-72.69,0,12.97
"2026-07-03 00:00:00",1425,0.0605102,60.51,0.0414538,9.25,-72.69,0,12.95
"2026-07-03 00:30:00",1426,0.06067675,60.68,0.0414434,9.15,-72.69,0,12.93
"2026-07-03 01:00:00",1427,0.06086534,60.87,0.04150492,9.1,-72.69,0,12.9
"2026-07-03 01:30:00",1428,0.06097028,60.97,0.04153117,9.06,-72.69,0,12.85
"2026-07-03 02:00:00",1429,0.06086899,60.87,0.0413918,9,-73.85,0,12.85
"2026-07-03 02:30:00",1430,0.06090961,60.91,0.04134555,8.94,-73.85,0,12.82
"2026-07-03 03:00:00",1431,0.06099033,60.99,0.04133419,8.89,-75,0,12.81
"2026-07-03 03:30:00",1432,0.06109209,61.09,0.0413284,8.82,-76.15,0,12.8
"2026-07-03 04:00:00",1433,0.06108909,61.09,0.04128541,8.79,-78.46,0,12.77
"2026-07-03 04:30:00",1434,0.06112804,61.13,0.04128008,8.77,-79.62,0,12.78
"2026-07-03 05:00:00",1435,0.0611035,61.1,0.0412305,8.74,-81.9,0,12.77
"2026-07-03 05:30:00",1436,0.06119346,61.19,0.0412607,8.71,-83.1,0,12.75
"2026-07-03 06:00:00",1437,0.06120374,61.2,0.04122649,8.68,-84.2,0,12.76
"2026-07-03 06:30:00",1438,0.06122417,61.22,0.04118919,8.64,-86.5,0,12.73
"2026-07-03 07:00:00",1439,0.06115868,61.16,0.04109548,8.6,-88.8,0,12.75
"2026-07-03 07:30:00",1440,0.061157,61.16,0.04106846,8.58,-90,0,12.74
"2026-07-03 08:00:00",1441,0.06112968,61.13,0.0410412,8.57,-92.3,0,12.72
"2026-07-03 08:30:00",1442,0.06107421,61.07,0.04102997,8.59,-94.6,0,12.75
"2026-07-03 09:00:00",1443,0.06105859,61.06,0.04107719,8.64,-95.8,0,12.77
"2026-07-03 09:30:00",1444,0.06096708,60.97,0.0410509,8.67,-98.1,0,12.77
"2026-07-03 10:00:00",1445,0.06091183,60.91,0.0411311,8.76,-100.4,0,12.83
"2026-07-03 10:30:00",1446,0.06087287,60.87,0.0412781,8.91,-103.8,0,12.93
"2026-07-03 11:00:00",1447,0.06085148,60.85,0.04136403,8.99,-105,0,13.02
"2026-07-03 11:30:00",1448,0.06078325,60.78,0.04144435,9.09,-107.3,0,13.09
"2026-07-03 12:00:00",1449,0.06082451,60.82,0.04155182,9.16,-109.6,0,13.2
"2026-07-03 12:30:00",1450,0.06077286,60.77,0.04163074,9.25,-110.8,0,13.27
"2026-07-03 13:00:00",1451,0.06074719,60.75,0.04169013,9.31,-113.1,0,13.34
"2026-07-03 13:30:00",1452,0.06069256,60.69,0.04179474,9.43,-115.4,0,13.38
"2026-07-03 14:00:00",1453,0.06068432,60.68,0.04189386,9.52,-117.7,0,13.38
"2026-07-03 14:30:00",1454,0.06064814,60.65,0.04198469,9.61,-118.8,0,13.39
"2026-07-03 15:00:00",1455,0.06071504,60.72,0.04220507,9.76,-120,0,13.51
"2026-07-03 15:30:00",1456,0.06059529,60.6,0.04223124,9.85,-122.3,0,13.51
"2026-07-03 16:00:00",1457,0.06054288,60.54,0.04226785,9.91,-124.6,0,13.51
"2026-07-03 16:30:00",1458,0.06059738,60.6,0.04241413,10,-126.9,0,13.55
"2026-07-03 17:00:00",1459,0.0606037,60.6,0.04263368,10.17,-128.1,0,13.56
"2026-07-03 17:30:00",1460,0.06070566,60.71,0.04266699,10.14,-130.4,0,13.41
"2026-07-03 18:00:00",1461,0.06077666,60.78,0.04255604,10.01,-132.7,0,13.28
"2026-07-03 18:30:00",1462,0.06076083,60.76,0.04239612,9.89,-133.8,0,13.24
"2026-07-03 19:00:00",1463,0.06073872,60.74,0.04239979,9.9,-136.2,0,13.35
"2026-07-03 19:30:00",1464,0.06075424,60.75,0.04229657,9.81,-136.2,0,13.28
"2026-07-03 20:00:00",1465,0.06073542,60.74,0.04220745,9.75,-138.5,0,13.26
"2026-07-03 20:30:00",1466,0.06072908,60.73,0.0421049,9.67,-140.8,0,13.17
"2026-07-03 21:00:00",1467,0.06070297,60.7,0.04195369,9.56,-143.1,0,13.13
"2026-07-03 21:30:00",1468,0.06078313,60.78,0.04194954,9.51,-144.2,0,13.08
"2026-07-03 22:00:00",1469,0.06081961,60.82,0.04188888,9.44,-146.5,0,13.06
"2026-07-03 22:30:00",1470,0.0608259,60.83,0.04183593,9.39,-147.7,0,13.04
"2026-07-03 23:00:00",1471,0.06091755,60.92,0.04182083,9.33,-148.8,0,13.03
"2026-07-03 23:30:00",1472,0.06096725,60.97,0.04175547,9.24,-151.2,0,13.02
"2026-07-04 00:00:00",1473,0.06097879,60.98,0.0416735,9.17,-152.3,0,13
"2026-07-04 00:30:00",1474,0.06114361,61.14,0.04170573,9.1,-154.6,0,13
"2026-07-04 01:00:00",1475,0.06132035,61.32,0.04179508,9.08,-155.8,0,12.97
"2026-07-04 01:30:00",1476,0.06131243,61.31,0.04174956,9.05,-158.1,0,12.97
"2026-07-04 02:00:00",1477,0.06141028,61.41,0.04177169,9.01,-159.2,0,12.94
"2026-07-04 02:30:00",1478,0.06152032,61.52,0.04182063,8.99,-160.4,0,12.95
"2026-07-04 03:00:00",1479,0.06157397,61.57,0.04179163,8.94,-161.5,0,12.95
"2026-07-04 03:30:00",1480,0.06156857,61.57,0.0416741,8.84,-162.7,0,12.92
"2026-07-04 04:00:00",1481,0.06151779,61.52,0.04154814,8.77,-165,0,12.93
"2026-07-04 04:30:00",1482,0.06149233,61.49,0.04150885,8.75,-167.3,0,12.92
"2026-07-04 05:00:00",1483,0.06147749,61.48,0.04147386,8.73,-167.3,0,12.9
"2026-07-04 05:30:00",1484,0.06140403,61.4,0.04141816,8.73,-169.6,0,12.89
"2026-07-04 06:00:00",1485,0.06139537,61.4,0.04142378,8.74,-170.8,0,12.89
"2026-07-04 06:30:00",1486,0.06145424,61.45,0.04154914,8.8,-171.9,0,12.86
"2026-07-04 07:00:00",1487,0.06149464,61.49,0.04158146,8.81,-173.1,0,12.88
"2026-07-04 07:30:00",1488,0.061489,61.49,0.04165861,8.87,-174.2,0,12.88
"2026-07-04 08:00:00",1489,0.06148833,61.49,0.04170973,8.92,-176.5,0,12.86
"2026-07-04 08:30:00",1490,0.06150476,61.5,0.04173996,8.93,-178.8,0,12.88
"2026-07-04 09:00:00",1491,0.06150203,61.5,0.04181408,8.99,-178.8,0,12.89
"2026-07-04 09:30:00",1492,0.06155451,61.55,0.04203935,9.15,-178.8,0,12.9
"2026-07-04 10:00:00",1493,0.06156385,61.56,0.04201652,9.12,-182.3,0,12.93
"2026-07-04 10:30:00",1494,0.06152047,61.52,0.04228491,9.37,-182.3,0,12.95
"2026-07-04 11:00:00",1495,0.06151472,61.51,0.0427119,9.72,-183.5,0,13.08
"2026-07-04 11:30:00",1496,0.0615849,61.58,0.04299133,9.9,-184.6,0,13.25
"2026-07-04 12:00:00",1497,0.06152046,61.52,0.0430325,9.97,-184.6,0,13.32
"2026-07-04 12:30:00",1498,0.06163345,61.63,0.04334376,10.16,-186.9,0,13.41
"2026-07-04 13:00:00",1499,0.06160492,61.6,0.04351268,10.32,-188.1,0,13.49
"2026-07-04 13:30:00",1500,0.06158813,61.59,0.04379441,10.55,-188.1,0,13.51
"2026-07-04 14:00:00",1501,0.06158854,61.59,0.04412014,10.82,-190.4,0,13.55
"2026-07-04 14:30:00",1502,0.06168592,61.69,0.0443632,10.96,-190.4,0,13.52
"2026-07-04 15:00:00",1503,0.06165463,61.65,0.04447642,11.07,-191.5,0,13.49
"2026-07-04 15:30:00",1504,0.06168671,61.69,0.04472797,11.25,-193.8,0,13.49
"2026-07-04 16:00:00",1505,0.06168615,61.69,0.04456175,11.12,-193.8,0,13.47
"2026-07-04 16:30:00",1506,0.06166229,61.66,0.04448204,11.07,-195,0,13.49
"2026-07-04 17:00:00",1507,0.06184625,61.85,0.04452955,11,-197.3,0,13.49
"2026-07-04 17:30:00",1508,0.06188669,61.89,0.04444211,10.91,-198.5,0,13.41
"2026-07-04 18:00:00",1509,0.06192858,61.93,0.0443014,10.77,-198.5,0,13.4
"2026-07-04 18:30:00",1510,0.0620933,62.09,0.04440573,10.76,-199.6,0,13.49
"2026-07-04 19:00:00",1511,0.06208507,62.09,0.04420644,10.6,-200.8,0,13.36
"2026-07-04 19:30:00",1512,0.06220418,62.2,0.0440582,10.41,-201.9,0,13.24
"2026-07-04 20:00:00",1513,0.06220241,62.2,0.04403064,10.39,-203.1,0,13.38
"2026-07-04 20:30:00",1514,0.06214226,62.14,0.04390648,10.33,-204.2,0,13.24
"2026-07-04 21:00:00",1515,0.06216781,62.17,0.04372627,10.17,-205.4,0,13.12
"2026-07-04 21:30:00",1516,0.06221592,62.22,0.04356354,10.01,-205.4,0,13.07
"2026-07-04 22:00:00",1517,0.06234648,62.35,0.04349559,9.88,-206.5,0,13.07
"2026-07-04 22:30:00",1518,0.06243917,62.44,0.0434667,9.81,-207.7,0,13.05
"2026-07-04 23:00:00",1519,0.06255224,62.55,0.04351292,9.78,-208.8,0,13.02
"2026-07-04 23:30:00",1520,0.06260145,62.6,0.04357518,9.8,-210,0,13.01
"2026-07-05 00:00:00",1521,0.06269033,62.69,0.04362313,9.79,-211.2,0,12.98
"2026-07-05 00:30:00",1522,0.06284231,62.84,0.04370742,9.78,-211.2,0,12.99
"2026-07-05 01:00:00",1523,0.06289102,62.89,0.04370845,9.75,-212.3,0,12.96
"2026-07-05 01:30:00",1524,0.06297503,62.98,0.04365183,9.66,-213.5,0,12.98
"2026-07-05 02:00:00",1525,0.06290785,62.91,0.04347287,9.55,-214.6,0,12.97
"2026-07-05 02:30:00",1526,0.06293214,62.93,0.04334505,9.44,-215.8,0,12.94
"2026-07-05 03:00:00",1527,0.06298321,62.98,0.04324638,9.33,-215.8,0,12.94
"2026-07-05 03:30:00",1528,0.06315703,63.16,0.04324446,9.24,-216.9,0,12.93
"2026-07-05 04:00:00",1529,0.06323521,63.24,0.04320423,9.16,-218.1,0,12.91
"2026-07-05 04:30:00",1530,0.06321362,63.21,0.04310625,9.1,-218.1,0,12.9
"2026-07-05 05:00:00",1531,0.06327425,63.27,0.04309078,9.05,-219.2,0,12.88
"2026-07-05 05:30:00",1532,0.0634313,63.43,0.04316957,9.03,-219.2,0,12.89
"2026-07-05 06:00:00",1533,0.06334247,63.34,0.04313206,9.05,-221.5,0,12.86
"2026-07-05 06:30:00",1534,0.06351238,63.51,0.04329525,9.08,-221.5,0,12.87
"2026-07-05 07:00:00",1535,0.06364252,63.64,0.04346427,9.15,-222.7,0,12.85
"2026-07-05 07:30:00",1536,0.06353066,63.53,0.04353491,9.26,-223.8,0,12.88
"2026-07-05 08:00:00",1537,0.06359106,63.59,0.04372692,9.38,-225,0,12.88
"2026-07-05 08:30:00",1538,0.06364683,63.65,0.04393574,9.52,-225,0,12.9
"2026-07-05 09:00:00",1539,0.06361069,63.61,0.04414358,9.7,-226.2,0,12.91
"2026-07-05 09:30:00",1540,0.06375518,63.76,0.04449886,9.9,-227.3,0,12.92
"2026-07-05 10:00:00",1541,0.06366963,63.67,0.04481159,10.19,-227.3,0,12.93
"2026-07-05 10:30:00",1542,0.06380785,63.81,0.04522671,10.44,-228.5,0,12.93
"2026-07-05 11:00:00",1543,0.06382192,63.82,0.04557445,10.7,-229.6,0,12.99
"2026-07-05 11:30:00",1544,0.06392141,63.92,0.04599617,10.98,-229.6,0,13.14
"2026-07-05 12:00:00",1545,0.06415885,64.16,0.0465013,11.24,-229.6,0,13.41
"2026-07-05 12:30:00",1546,0.06410567,64.11,0.04678037,11.49,-231.9,0,13.53
"2026-07-05 13:00:00",1547,0.06421217,64.21,0.04712153,11.69,-231.9,0,13.53
"2026-07-05 13:30:00",1548,0.06405766,64.06,0.04725424,11.88,-231.9,0,13.51
"2026-07-05 14:00:00",1549,0.06429052,64.29,0.04765437,12.06,-234.2,0,13.48
"2026-07-05 14:30:00",1550,0.06432953,64.33,0.04787798,12.21,-234.2,0,13.45
"2026-07-05 15:00:00",1551,0.06453739,64.54,0.04820293,12.34,-234.2,0,13.41
"2026-07-05 15:30:00",1552,0.06452881,64.53,0.04831041,12.43,-236.5,0,13.42
"2026-07-05 16:00:00",1553,0.06455711,64.56,0.04840528,12.49,-236.5,0,13.41
"2026-07-05 16:30:00",1554,0.06466924,64.67,0.04856436,12.55,-236.5,0,13.37
"2026-07-05 17:00:00",1555,0.06489329,64.89,0.04879126,12.59,-236.5,0,13.38
"2026-07-05 17:30:00",1556,0.06489628,64.9,0.04888911,12.67,-238.8,0,13.34
"2026-07-05 18:00:00",1557,0.06500233,65,0.04904498,12.73,-238.8,0,13.35
"2026-07-05 18:30:00",1558,0.06525985,65.26,0.04924448,12.73,-240,0,13.34
"2026-07-05 19:00:00",1559,0.06531133,65.31,0.04924238,12.7,-240,0,13.34
"2026-07-05 19:30:00",1560,0.06545381,65.45,0.04927123,12.64,-241.2,0,13.34
"2026-07-05 20:00:00",1561,0.06562714,65.63,0.04929994,12.56,-242.3,0,13.31
"2026-07-05 20:30:00",1562,0.06583691,65.84,0.04932019,12.46,-242.3,0,13.19
"2026-07-05 21:00:00",1563,0.06591064,65.91,0.04917235,12.3,-243.5,0,13.09
"2026-07-05 21:30:00",1564,0.06602628,66.03,0.04903119,12.13,-243.5,0,13.07
"2026-07-05 22:00:00",1565,0.06591936,65.92,0.04874248,11.97,-243.5,0,13.06
"2026-07-05 22:30:00",1566,0.0658771,65.88,0.04850384,11.81,-245.8,0,13.03
"2026-07-05 23:00:00",1567,0.06587417,65.87,0.04830577,11.67,-245.8,0,13.04
"2026-07-05 23:30:00",1568,0.06584407,65.84,0.04812538,11.54,-245.8,0,13.02
"2026-07-06 00:00:00",1569,0.06606558,66.07,0.04812314,11.42,-248.1,0,13.01
"2026-07-06 00:30:00",1570,0.06625291,66.25,0.04811332,11.31,-248.1,0,12.98
"2026-07-06 01:00:00",1571,0.06641186,66.41,0.04804774,11.17,-248.1,0,12.99
"2026-07-06 01:30:00",1572,0.06657963,66.58,0.04800577,11.05,-248.1,0,12.98
"2026-07-06 02:00:00",1573,0.06667423,66.67,0.04794607,10.96,-250.4,0,12.95
"2026-07-06 02:30:00",1574,0.06679045,66.79,0.04788747,10.85,-250.4,0,12.94
"2026-07-06 03:00:00",1575,0.06693209,66.93,0.04786632,10.76,-250.4,0,12.93
"2026-07-06 03:30:00",1576,0.06706832,67.07,0.04785043,10.67,-250.4,0,12.9
"2026-07-06 04:00:00",1577,0.06719554,67.2,0.04785449,10.61,-252.7,0,12.9
"2026-07-06 04:30:00",1578,0.06734352,67.34,0.04787995,10.55,-252.7,0,12.87
"2026-07-06 05:00:00",1579,0.06743133,67.43,0.04788644,10.51,-253.8,0,12.89
"2026-07-06 05:30:00",1580,0.06753238,67.53,0.04795058,10.5,-253.8,0,12.87
"2026-07-06 06:00:00",1581,0.06761237,67.61,0.04803164,10.52,-253.8,0,12.85
"2026-07-06 06:30:00",1582,0.06769899,67.7,0.04814017,10.55,-255,0,12.86
"2026-07-06 07:00:00",1583,0.06784911,67.85,0.04833564,10.62,-256.2,0,12.85
"2026-07-06 07:30:00",1584,0.06796791,67.97,0.04857657,10.73,-256.2,0,12.87
"2026-07-06 08:00:00",1585,0.06805407,68.05,0.04880825,10.86,-256.2,0,12.86
"2026-07-06 08:30:00",1586,0.06815161,68.15,0.04909319,11.02,-257.3,0,12.88
"2026-07-06 09:00:00",1587,0.06820133,68.2,0.04941452,11.23,-257.3,0,12.88
"2026-07-06 09:30:00",1588,0.06829572,68.3,0.04982196,11.48,-257.3,0,12.87
"2026-07-06 10:00:00",1589,0.06834631,68.35,0.05027016,11.78,-258.5,0,12.88
"2026-07-06 10:30:00",1590,0.06839922,68.4,0.05068884,12.05,-258.5,0,12.9
"2026-07-06 11:00:00",1591,0.06848822,68.49,0.05115228,12.34,-259.6,0,12.95
"2026-07-06 11:30:00",1592,0.06854916,68.55,0.05160743,12.64,-259.6,0,13.09
"2026-07-06 12:00:00",1593,0.06870233,68.7,0.05212329,12.93,-259.6,0,13.36
"2026-07-06 12:30:00",1594,0.06884747,68.85,0.05263955,13.23,-261.9,0,13.45
"2026-07-06 13:00:00",1595,0.06880851,68.81,0.05301712,13.53,-261.9,0,13.4
"2026-07-06 13:30:00",1596,0.0688547,68.85,0.05338491,13.77,-261.9,0,13.32
"2026-07-06 14:00:00",1597,0.06892473,68.92,0.05341661,13.75,-263.1,0,13.31
"2026-07-06 14:30:00",1598,0.06884675,68.85,0.05384072,14.1,-263.1,0,13.34
"2026-07-06 15:00:00",1599,0.06891541,68.92,0.05405731,14.22,-265.4,0,13.26
"2026-07-06 15:30:00",1600,0.06900168,69,0.05406955,14.18,-265.4,0,13.31
"2026-07-06 16:00:00",1601,0.06896668,68.97,0.05441802,14.45,-265.4,0,13.32
"2026-07-06 16:30:00",1602,0.0690955,69.1,0.05494763,14.76,-266.5,0,13.3
"2026-07-06 17:00:00",1603,0.06929315,69.29,0.05503807,14.71,-266.5,0,13.2
"2026-07-06 17:30:00",1604,0.06933837,69.34,0.05452845,14.32,-266.5,0,13.25
"2026-07-06 18:00:00",1605,0.0694373,69.44,0.0548267,14.48,-267.7,0,13.28
"2026-07-06 18:30:00",1606,0.06956585,69.57,0.05514416,14.63,-267.7,0,13.16
"2026-07-06 19:00:00",1607,0.06959881,69.6,0.05431597,14.02,-267.7,0,13.1
"2026-07-06 19:30:00",1608,0.0697439,69.74,0.05409975,13.78,-268.8,0,13.16
"2026-07-06 20:00:00",1609,0.06992187,69.92,0.05396409,13.59,-268.8,0,13.11
"2026-07-06 20:30:00",1610,0.06986531,69.87,0.05378553,13.49,-270,0,13.11
"2026-07-06 21:00:00",1611,0.07006613,70.07,0.05389863,13.46,-271.2,0,13.07
"2026-07-06 21:30:00",1612,0.07025246,70.25,0.05380137,13.29,-271.2,0,13.04
"2026-07-06 22:00:00",1613,0.07026272,70.26,0.05350296,13.07,-271.2,0,13.03
"2026-07-06 22:30:00",1614,0.07054482,70.54,0.05348386,12.91,-271.2,0,12.99
"2026-07-06 23:00:00",1615,0.07056446,70.56,0.0532907,12.76,-272.3,0,13
"2026-07-06 23:30:00",1616,0.07070542,70.71,0.05317555,12.6,-272.3,0,12.99
"2026-07-07 00:00:00",1617,0.0707519,70.75,0.05311049,12.53,-272.3,0,12.97
"2026-07-07 00:30:00",1618,0.07073176,70.73,0.05299569,12.46,-273.5,0,12.94
"2026-07-07 01:00:00",1619,0.07072796,70.73,0.05286811,12.37,-273.5,0,12.95
"2026-07-07 01:30:00",1620,0.07083775,70.84,0.05282527,12.29,-274.6,0,12.93
"2026-07-07 02:00:00",1621,0.07079564,70.8,0.05259115,12.14,-274.6,0,12.91
"2026-07-07 02:30:00",1622,0.0707719,70.77,0.05240198,12.02,-274.6,0,12.9
"2026-07-07 03:00:00",1623,0.07085701,70.86,0.05235277,11.94,-274.6,0,12.89
"2026-07-07 03:30:00",1624,0.07095303,70.95,0.05229781,11.85,-275.8,0,12.88
"2026-07-07 04:00:00",1625,0.07105085,71.05,0.05221398,11.74,-275.8,0,12.87
"2026-07-07 04:30:00",1626,0.0711083,71.11,0.05213112,11.66,-276.9,0,12.85
"2026-07-07 05:00:00",1627,0.07114061,71.14,0.05210027,11.62,-276.9,0,12.85
"2026-07-07 05:30:00",1628,0.07120856,71.21,0.05209296,11.58,-276.9,0,12.84
"2026-07-07 06:00:00",1629,0.07116192,71.16,0.05209231,11.6,-278.1,0,12.82
"2026-07-07 06:30:00",1630,0.07115232,71.15,0.0521645,11.66,-278.1,0,12.83
"2026-07-07 07:00:00",1631,0.07123987,71.24,0.05233914,11.73,-278.1,0,12.81
"2026-07-07 07:30:00",1632,0.07126708,71.27,0.05250403,11.84,-279.2,0,12.83
"2026-07-07 08:00:00",1633,0.0714164,71.42,0.05275918,11.94,-279.2,0,12.84
"2026-07-07 08:30:00",1634,0.07159492,71.59,0.05311863,12.1,-280.4,0,12.83
"2026-07-07 09:00:00",1635,0.07162396,71.62,0.05345068,12.31,-280.4,0,12.86
"2026-07-07 09:30:00",1636,0.07162281,71.62,0.05381329,12.57,-280.4,0,12.87
"2026-07-07 10:00:00",1637,0.07153785,71.54,0.05425185,12.92,-281.5,0,12.85
"2026-07-07 10:30:00",1638,0.07163244,71.63,0.05473694,13.21,-281.5,0,12.88
"2026-07-07 11:00:00",1639,0.07175042,71.75,0.05523311,13.49,-281.5,0,12.91
"2026-07-07 11:30:00",1640,0.07190718,71.91,0.05580559,13.8,-282.7,0,13.08
"2026-07-07 12:00:00",1641,0.07205117,72.05,0.05636806,14.12,-282.7,0,13.33
"2026-07-07 12:30:00",1642,0.07213459,72.13,0.05683885,14.4,-283.8,0,13.39
"2026-07-07 13:00:00",1643,0.07216426,72.16,0.0573429,14.73,-283.8,0,13.41
"2026-07-07 13:30:00",1644,0.07217862,72.18,0.05778573,15.03,-285,0,13.34
"2026-07-07 14:00:00",1645,0.07227495,72.27,0.05825771,15.3,-285,0,13.29
"2026-07-07 14:30:00",1646,0.07236274,72.36,0.05889581,15.69,-285,0,13.27
"2026-07-07 15:00:00",1647,0.07238281,72.38,0.05904428,15.79,-286.2,0,13.25
"2026-07-07 15:30:00",1648,0.07243602,72.44,0.05904889,15.76,-286.2,0,13.28
"2026-07-07 16:00:00",1649,0.07254527,72.55,0.05969138,16.14,-287.3,0,13.27
"2026-07-07 16:30:00",1650,0.07265129,72.65,0.05989883,16.22,-287.3,0,13.27
"2026-07-07 17:00:00",1651,0.07271527,72.72,0.06047815,16.59,-287.3,0,13.24
"2026-07-07 17:30:00",1652,0.0728687,72.87,0.06066584,16.63,-288.5,0,13.24
"2026-07-07 18:00:00",1653,0.07292655,72.93,0.06051639,16.49,-288.5,0,13.24
"2026-07-07 18:30:00",1654,0.07315932,73.16,0.06059217,16.41,-288.5,0,13.18
"2026-07-07 19:00:00",1655,0.07352643,73.53,0.06025277,15.97,-288.5,0,13.1
"2026-07-07 19:30:00",1656,0.07368951,73.69,0.05978703,15.57,-290.8,0,13.08
"2026-07-07 20:00:00",1657,0.07370071,73.7,0.05969885,15.5,-290.8,0,13.08
"2026-07-07 20:30:00",1658,0.073588,73.59,0.05951226,15.44,-290.8,0,13.07
"2026-07-07 21:00:00",1659,0.07376579,73.77,0.05923996,15.15,-290.8,0,13.04
"2026-07-07 21:30:00",1660,0.07396844,73.97,0.05913353,14.97,-291.9,0,13
"2026-07-07 22:00:00",1661,0.07408357,74.08,0.0589926,14.81,-291.9,0,13.01
"2026-07-07 22:30:00",1662,0.074169,74.17,0.05880516,14.64,-293.1,0,13
"2026-07-07 23:00:00",1663,0.07431568,74.32,0.05864004,14.45,-293.1,0,12.97
"2026-07-07 23:30:00",1664,0.0743586,74.36,0.05842573,14.29,-293.1,0,12.97
"2026-07-08 00:00:00",1665,0.07440224,74.4,0.05823936,14.14,-294.2,0,12.96
"2026-07-08 00:30:00",1666,0.07440493,74.4,0.05811966,14.06,-294.2,0,12.93
"2026-07-08 01:00:00",1667,0.07456782,74.57,0.05821378,14.03,-294.2,0,12.93
"2026-07-08 01:30:00",1668,0.07465201,74.65,0.0581726,13.96,-295.4,0,12.91
"2026-07-08 02:00:00",1669,0.07466504,74.67,0.05802613,13.86,-295.4,0,12.88
"2026-07-08 02:30:00",1670,0.0747623,74.76,0.05789145,13.72,-295.4,0,12.9
"2026-07-08 03:00:00",1671,0.07487006,74.87,0.05774937,13.57,-296.5,0,12.87
"2026-07-08 03:30:00",1672,0.07491364,74.91,0.05757397,13.43,-296.5,0,12.87
"2026-07-08 04:00:00",1673,0.07491989,74.92,0.05741156,13.32,-296.5,0,12.83
"2026-07-08 04:30:00",1674,0.07497956,74.98,0.05729418,13.21,-297.7,0,12.85
"2026-07-08 05:00:00",1675,0.075041,75.04,0.05722984,13.13,-297.7,0,12.84
"2026-07-08 05:30:00",1676,0.07510719,75.11,0.05716921,13.06,-297.7,0,12.82
"2026-07-08 06:00:00",1677,0.07517828,75.18,0.05714045,13,-297.7,0,12.83
"2026-07-08 06:30:00",1678,0.07522682,75.23,0.05719364,13.01,-298.8,0,12.83
"2026-07-08 07:00:00",1679,0.07526149,75.26,0.05733496,13.09,-298.8,0,12.8
"2026-07-08 07:30:00",1680,0.07530181,75.3,0.0575004,13.18,-298.8,0,12.82
"2026-07-08 08:00:00",1681,0.07532103,75.32,0.05762641,13.25,-298.8,0,12.83
"2026-07-08 08:30:00",1682,0.07537104,75.37,0.05804249,13.5,-301.2,0,12.81
"2026-07-08 09:00:00",1683,0.07540692,75.41,0.05821865,13.6,-301.2,0,12.84
"2026-07-08 09:30:00",1684,0.07540137,75.4,0.05851648,13.8,-301.2,0,12.84
"2026-07-08 10:00:00",1685,0.07533983,75.34,0.05915147,14.26,-301.2,0,12.84
"2026-07-08 10:30:00",1686,0.07537194,75.37,0.05970246,14.61,-302.3,0,12.85
"2026-07-08 11:00:00",1687,0.07545992,75.46,0.06022632,14.91,-302.3,0,12.89
"2026-07-08 11:30:00",1688,0.07554228,75.54,0.06078005,15.23,-302.3,0,13.04
"2026-07-08 12:00:00",1689,0.0755962,75.6,0.06134003,15.57,-303.5,0,13.33
"2026-07-08 12:30:00",1690,0.0755944,75.59,0.06183242,15.9,-304.6,0,13.43
"2026-07-08 13:00:00",1691,0.07563464,75.63,0.06234234,16.21,-304.6,0,13.41
"2026-07-08 13:30:00",1692,0.0757037,75.7,0.06271581,16.42,-304.6,0,13.39
"2026-07-08 14:00:00",1693,0.07576632,75.77,0.06308518,16.63,-306.9,0,13.36
"2026-07-08 14:30:00",1694,0.07597527,75.98,0.06358992,16.85,-306.9,0,13.31
"2026-07-08 15:00:00",1695,0.07611583,76.12,0.0636863,16.84,-308.1,0,13.32
"2026-07-08 15:30:00",1696,0.07635459,76.35,0.06423042,17.06,-308.1,0,13.28
"2026-07-08 16:00:00",1697,0.07664992,76.65,0.06536214,17.64,-308.1,0,13.26
"2026-07-08 16:30:00",1698,0.0769774,76.98,0.06597595,17.85,-308.1,0,13.22
"2026-07-08 17:00:00",1699,0.07709781,77.1,0.06481275,17.03,-309.2,0,13.12
"2026-07-08 17:30:00",1700,0.07703626,77.04,0.06355632,16.25,-309.2,0,13.06
"2026-07-08 18:00:00",1701,0.07709686,77.1,0.06312552,15.94,-309.2,0,13.07
"2026-07-08 18:30:00",1702,0.07731907,77.32,0.06346808,16.04,-310.4,0,13.11
"2026-07-08 19:00:00",1703,0.07761776,77.62,0.06367616,16.02,-311.5,0,13.17
"2026-07-08 19:30:00",1704,0.07785056,77.85,0.06362253,15.86,-311.5,0,13.12
"2026-07-08 20:00:00",1705,0.0780505,78.05,0.06339526,15.61,-311.5,0,13.04
"2026-07-08 20:30:00",1706,0.07811615,78.12,0.06309951,15.39,-312.7,0,13.05
"2026-07-08 21:00:00",1707,0.07822965,78.23,0.0630173,15.28,-312.7,0,13
"2026-07-08 21:30:00",1708,0.07837045,78.37,0.06288087,15.12,-312.7,0,13
"2026-07-08 22:00:00",1709,0.07841063,78.41,0.06259638,14.92,-312.7,0,12.96
"2026-07-08 22:30:00",1710,0.07844093,78.44,0.06236658,14.75,-312.7,0,12.98
"2026-07-08 23:00:00",1711,0.07845338,78.45,0.06224594,14.67,-312.7,0,12.96
"2026-07-08 23:30:00",1712,0.07851518,78.52,0.06212563,14.56,-315,0,12.92
"2026-07-09 00:00:00",1713,0.07850768,78.51,0.0619139,14.43,-315,0,12.94
"2026-07-09 00:30:00",1714,0.07848187,78.48,0.0616559,14.28,-315,0,12.91
"2026-07-09 01:00:00",1715,0.07847159,78.47,0.06134207,14.09,-315,0,12.9
"2026-07-09 01:30:00",1716,0.07846215,78.46,0.06098934,13.87,-315,0,12.89
"2026-07-09 02:00:00",1717,0.07845624,78.46,0.06067262,13.67,-317.3,0,12.88
"2026-07-09 02:30:00",1718,0.0784945,78.49,0.06043905,13.5,-317.3,0,12.85
"2026-07-09 03:00:00",1719,0.07852357,78.52,0.06018621,13.32,-317.3,0,12.85
"2026-07-09 03:30:00",1720,0.07853241,78.53,0.0599661,13.18,-317.3,0,12.84
"2026-07-09 04:00:00",1721,0.0785661,78.57,0.05981595,13.07,-317.3,0,12.83
"2026-07-09 04:30:00",1722,0.07859453,78.59,0.05967023,12.96,-317.3,0,12.8
"2026-07-09 05:00:00",1723,0.07866807,78.67,0.05966236,12.92,-317.3,0,12.81
"2026-07-09 05:30:00",1724,0.07869271,78.69,0.05978399,12.99,-317.3,0,12.8
"2026-07-09 06:00:00",1725,0.07883666,78.84,0.05991361,13,-318.5,0,12.78
"2026-07-09 06:30:00",1726,0.07889391,78.89,0.05978612,12.89,-318.5,0,12.8
"2026-07-09 07:00:00",1727,0.07893652,78.94,0.05983127,12.9,-318.5,0,12.79
"2026-07-09 07:30:00",1728,0.07894937,78.95,0.06009815,13.06,-318.5,0,12.77
"2026-07-09 08:00:00",1729,0.07897996,78.98,0.06026406,13.15,-318.5,0,12.79
"2026-07-09 08:30:00",1730,0.07900549,79.01,0.06052035,13.3,-318.5,0,12.8
"2026-07-09 09:00:00",1731,0.07906017,79.06,0.06100355,13.58,-320.8,0,12.78
"2026-07-09 09:30:00",1732,0.07906274,79.06,0.061484,13.88,-320.8,0,12.82
"2026-07-09 10:00:00",1733,0.07899149,78.99,0.06211881,14.32,-320.8,0,12.83
"2026-07-09 10:30:00",1734,0.07899706,79,0.06267878,14.67,-320.8,0,12.87
"2026-07-09 11:00:00",1735,0.07905211,79.05,0.06306513,14.89,-320.8,0,12.95
"2026-07-09 11:30:00",1736,0.07909732,79.1,0.06352674,15.16,-321.9,0,13.09
"2026-07-09 12:00:00",1737,0.07914932,79.15,0.06399628,15.43,-321.9,0,13.32
"2026-07-09 12:30:00",1738,0.07924756,79.25,0.06426671,15.55,-321.9,0,13.41
"2026-07-09 13:00:00",1739,0.07916509,79.17,0.06450541,15.74,-324.2,0,13.45
"2026-07-09 13:30:00",1740,0.0791818,79.18,0.06493784,16.01,-324.2,0,13.45
"2026-07-09 14:00:00",1741,0.07922073,79.22,0.06524088,16.18,-324.2,0,13.4
"2026-07-09 14:30:00",1742,0.07924484,79.24,0.06518162,16.13,-324.2,0,13.4
"2026-07-09 15:00:00",1743,0.07941552,79.42,0.06522053,16.06,-324.2,0,13.38
"2026-07-09 15:30:00",1744,0.07946361,79.46,0.06566009,16.31,-325.4,0,13.38
"2026-07-09 16:00:00",1745,0.07967041,79.67,0.06653344,16.76,-325.4,0,13.38
"2026-07-09 16:30:00",1746,0.08001752,80,0.0671837,16.98,-325.4,0,13.37
"2026-07-09 17:00:00",1747,0.08041289,80.4,0.06751368,16.98,-326.5,0,13.33
"2026-07-09 17:30:00",1748,0.0805392,80.5,0.0672814,16.77,-326.5,0,13.35
"2026-07-09 18:00:00",1749,0.08066169,80.7,0.06740557,16.78,-326.5,0,13.34
"2026-07-09 18:30:00",1750,0.0809299,80.9,0.06725729,16.55,-326.5,0,13.25
"2026-07-09 19:00:00",1751,0.08104637,81,0.06666105,16.13,-326.5,0,13.2
"2026-07-09 19:30:00",1752,0.08123503,81.2,0.06637986,15.86,-326.5,0,13.2
"2026-07-09 20:00:00",1753,0.08137944,81.4,0.06630885,15.74,-328.8,0,13.24
"2026-07-09 20:30:00",1754,0.08149329,81.5,0.06625514,15.65,-328.8,0,13.16
"2026-07-09 21:00:00",1755,0.08169658,81.7,0.06609494,15.45,-328.8,0,13.09
"2026-07-09 21:30:00",1756,0.08193557,81.9,0.06585217,15.19,-328.8,0,13.05
"2026-07-09 22:00:00",1757,0.08209465,82.1,0.06572752,15.03,-328.8,0,13.03
"2026-07-09 22:30:00",1758,0.08228573,82.3,0.06569783,14.92,-328.8,0,12.99
"2026-07-09 23:00:00",1759,0.08237195,82.4,0.0655105,14.77,-328.8,0,13
"2026-07-09 23:30:00",1760,0.08234732,82.3,0.06520659,14.59,-328.8,0,12.99
"2026-07-10 00:00:00",1761,0.08233728,82.3,0.06497616,14.46,-330,0,12.96
"2026-07-10 00:30:00",1762,0.08229877,82.3,0.06471451,14.32,-330,0,12.96
"2026-07-10 01:00:00",1763,0.08232511,82.3,0.06446677,14.15,-330,0,12.96
"2026-07-10 01:30:00",1764,0.08238993,82.4,0.06424455,13.99,-330,0,12.93
"2026-07-10 02:00:00",1765,0.08244354,82.4,0.06400117,13.82,-330,0,12.93
"2026-07-10 02:30:00",1766,0.08245543,82.5,0.06370468,13.63,-330,0,12.91
"2026-07-10 03:00:00",1767,0.08248543,82.5,0.06352944,13.51,-332.3,0,12.91
"2026-07-10 03:30:00",1768,0.08245759,82.5,0.06339276,13.44,-332.3,0,12.9
"2026-07-10 04:00:00",1769,0.08245257,82.5,0.06333769,13.41,-332.3,0,12.88
"2026-07-10 04:30:00",1770,0.08249723,82.5,0.06332733,13.38,-332.3,0,12.88
"2026-07-10 05:00:00",1771,0.08251453,82.5,0.06321821,13.31,-332.3,0,12.86
"2026-07-10 05:30:00",1772,0.08252515,82.5,0.06312174,13.24,-332.3,0,12.88
"2026-07-10 06:00:00",1773,0.0825112,82.5,0.0631726,13.28,-332.3,0,12.86
"2026-07-10 06:30:00",1774,0.08258821,82.6,0.0634113,13.39,-332.3,0,12.83
"2026-07-10 07:00:00",1775,0.08260772,82.6,0.06354547,13.46,-332.3,0,12.84
"2026-07-10 07:30:00",1776,0.08257481,82.6,0.06364264,13.54,-332.3,0,12.82
"2026-07-10 08:00:00",1777,0.08252074,82.5,0.06375062,13.63,-332.3,0,12.84
"2026-07-10 08:30:00",1778,0.08256655,82.6,0.0639239,13.71,-334.6,0,12.83
"2026-07-10 09:00:00",1779,0.08264672,82.6,0.06440071,13.96,-334.6,0,12.81
"2026-07-10 09:30:00",1780,0.08257794,82.6,0.06491051,14.3,-334.6,0,12.84
"2026-07-10 10:00:00",1781,0.08250553,82.5,0.06549238,14.69,-334.6,0,12.85
"2026-07-10 10:30:00",1782,0.082385,82.4,0.06603941,15.08,-334.6,0,12.85
"2026-07-10 11:00:00",1783,0.08241291,82.4,0.06649879,15.34,-335.8,0,12.9
"2026-07-10 11:30:00",1784,0.08241029,82.4,0.06708984,15.7,-335.8,0,13.08
"2026-07-10 12:00:00",1785,0.08239967,82.4,0.06749534,15.96,-336.9,0,13.37
"2026-07-10 12:30:00",1786,0.08232025,82.3,0.06745558,15.97,-336.9,0,13.37
"2026-07-10 13:00:00",1787,0.08229765,82.3,0.06768213,16.12,-336.9,0,13.46
"2026-07-10 13:30:00",1788,0.08230434,82.3,0.0684097,16.56,-336.9,0,13.43
"2026-07-10 14:00:00",1789,0.08241101,82.4,0.06925657,17.02,-338.1,0,13.4
"2026-07-10 14:30:00",1790,0.08248851,82.5,0.06989536,17.37,-338.1,0,13.37
"2026-07-10 15:00:00",1791,0.08251949,82.5,0.0693617,17.03,-339.2,0,13.26
"2026-07-10 15:30:00",1792,0.08247396,82.5,0.06931251,17.02,-339.2,0,13.3
"2026-07-10 16:00:00",1793,0.08254075,82.5,0.06868409,16.61,-339.2,0,13.2
"2026-07-10 16:30:00",1794,0.08245584,82.5,0.06925361,16.99,-339.2,0,13.29
"2026-07-10 17:00:00",1795,0.08267044,82.7,0.06882551,16.63,-340.4,0,13.11
"2026-07-10 17:30:00",1796,0.08324427,83.2,0.06847966,16.13,-340.4,0,13.05
"2026-07-10 18:00:00",1797,0.0823179,82.3,0.06669293,15.51,-332.3,0,13.04
"2026-07-10 18:30:00",1798,0.08238205,82.4,0.06609095,15.11,-334.6,0,13.03
"2026-07-10 19:00:00",1799,0.08351453,83.5,0.06718656,15.22,-334.6,0,13.04
"2026-07-10 19:30:00",1800,0.08443739,84.4,0.06879438,15.74,-334.6,0,13.3
"2026-07-10 20:00:00",1801,0.08490685,84.9,0.06930345,15.81,-335.8,0,13.1
"2026-07-10 20:30:00",1802,0.08503655,85,0.06904434,15.6,-335.8,0,13.03
"2026-07-10 21:00:00",1803,0.08509341,85.1,0.06868764,15.36,-335.8,0,13
"2026-07-10 21:30:00",1804,0.08506738,85.1,0.06840601,15.21,-335.8,0,12.98
"2026-07-10 22:00:00",1805,0.08509883,85.1,0.06813364,15.03,-335.8,0,12.96
"2026-07-10 22:30:00",1806,0.08505499,85.1,0.06777873,14.84,-336.9,0,12.95
"2026-07-10 23:00:00",1807,0.08504609,85,0.06745446,14.66,-336.9,0,12.94
"2026-07-10 23:30:00",1808,0.08510117,85.1,0.06716447,14.46,-336.9,0,12.93
"2026-07-11 00:00:00",1809,0.08515738,85.2,0.0668811,14.27,-336.9,0,12.89
"2026-07-11 00:30:00",1810,0.08542546,85.4,0.06683019,14.12,-336.9,0,12.91
"2026-07-11 01:00:00",1811,0.08498229,85,0.06616218,13.93,-336.9,0,12.9
"2026-07-11 01:30:00",1812,0.08482283,84.8,0.0657023,13.73,-336.9,0,12.85
"2026-07-11 02:00:00",1813,0.08524441,85.2,0.06570104,13.54,-336.9,0,12.87
"2026-07-11 02:30:00",1814,0.08537888,85.4,0.06550173,13.36,-336.9,0,12.83
"2026-07-11 03:00:00",1815,0.08493323,84.9,0.06488006,13.19,-336.9,0,12.83
"2026-07-11 03:30:00",1816,0.08478751,84.8,0.06452511,13.05,-336.9,0,12.82
"2026-07-11 04:00:00",1817,0.08515589,85.2,0.06460772,12.94,-336.9,0,12.79
"2026-07-11 04:30:00",1818,0.08532975,85.3,0.06458125,12.84,-336.9,0,12.8
"2026-07-11 05:00:00",1819,0.085062,85.1,0.06430174,12.8,-336.9,0,12.77
"2026-07-11 05:30:00",1820,0.08539537,85.4,0.06450664,12.77,-336.9,0,12.79
"2026-07-11 06:00:00",1821,0.08537083,85.4,0.06452928,12.79,-336.9,0,12.78
"2026-07-11 06:30:00",1822,0.08537506,85.4,0.06462334,12.85,-338.1,0,12.75
"2026-07-11 07:00:00",1823,0.08567329,85.7,0.06499925,12.93,-338.1,0,12.76
"2026-07-11 07:30:00",1824,0.08546512,85.5,0.06503122,13.05,-338.1,0,12.78
"2026-07-11 08:00:00",1825,0.08544163,85.4,0.065272,13.2,-338.1,0,12.79
"2026-07-11 08:30:00",1826,0.08553144,85.5,0.06570134,13.41,-338.1,0,12.78
"2026-07-11 09:00:00",1827,0.08541545,85.4,0.06603746,13.66,-338.1,0,12.8
"2026-07-11 09:30:00",1828,0.08525996,85.3,0.06649798,14,-338.1,0,12.83
"2026-07-11 10:00:00",1829,0.08531191,85.3,0.06731411,14.45,-338.1,0,12.81
"2026-07-11 10:30:00",1830,0.0853906,85.4,0.06809037,14.87,-338.1,0,12.85
"2026-07-11 11:00:00",1831,0.08548313,85.5,0.06875869,15.22,-338.1,0,12.9
"2026-07-11 11:30:00",1832,0.08545243,85.5,0.06936458,15.59,-338.1,0,13.13
"2026-07-11 12:00:00",1833,0.08535918,85.4,0.06943812,15.67,-338.1,0,13.26
"2026-07-11 12:30:00",1834,0.08526537,85.3,0.06979445,15.93,-338.1,0,13.44
"2026-07-11 13:00:00",1835,0.08526519,85.3,0.07009677,16.11,-338.1,0,13.42
"2026-07-11 13:30:00",1836,0.08520698,85.2,0.06990318,16.02,-338.1,0,13.31
"2026-07-11 14:00:00",1837,0.08517227,85.2,0.07010929,16.16,-338.1,0,13.45
"2026-07-11 14:30:00",1838,0.08512612,85.1,0.07093726,16.67,-338.1,0,13.43
"2026-07-11 15:00:00",1839,0.08515336,85.2,0.07226301,17.43,-336.9,0,13.4
"2026-07-11 15:30:00",1840,0.08539282,85.4,0.07320709,17.86,-336.9,0,13.36
"2026-07-11 16:00:00",1841,0.08576,85.8,0.07335846,17.77,-336.9,0,13.34
"2026-07-11 16:30:00",1842,0.08585671,85.9,0.07302963,17.53,-336.9,0,13.25
"2026-07-11 17:00:00",1843,0.08575463,85.8,0.07292321,17.52,-336.9,0,13.3
"2026-07-11 17:30:00",1844,0.08584238,85.8,0.07299789,17.52,-336.9,0,13.27
"2026-07-11 18:00:00",1845,0.08596071,86,0.07259639,17.23,-336.9,0,13.26
"2026-07-11 18:30:00",1846,0.0860099,86,0.07286514,17.36,-336.9,0,13.32
"2026-07-11 19:00:00",1847,0.08635783,86.4,0.07276332,17.13,-336.9,0,13.17
"2026-07-11 19:30:00",1848,0.08660509,86.6,0.07272505,16.99,-336.9,0,13.28
"2026-07-11 20:00:00",1849,0.08729376,87.3,0.07268882,16.64,-336.9,0,13.12
"2026-07-11 20:30:00",1850,0.08806095,88.1,0.07239682,16.11,-336.9,0,13.07
"2026-07-11 21:00:00",1851,0.08847489,88.5,0.07204818,15.72,-336.9,0,13.05
"2026-07-11 21:30:00",1852,0.08856037,88.6,0.07172539,15.5,-336.9,0,13.03
"2026-07-11 22:00:00",1853,0.08836074,88.4,0.0714519,15.43,-336.9,0,13
"2026-07-11 22:30:00",1854,0.08809427,88.1,0.07104556,15.32,-336.9,0,13
"2026-07-11 23:00:00",1855,0.08783863,87.8,0.07058248,15.18,-336.9,0,12.98
"2026-07-11 23:30:00",1856,0.08800269,88,0.07053758,15.08,-336.9,0,12.95
"2026-07-12 00:00:00",1857,0.08820487,88.2,0.07049832,14.96,-336.9,0,12.96
"2026-07-12 00:30:00",1858,0.08822253,88.2,0.07032781,14.86,-336.9,0,12.94
"2026-07-12 01:00:00",1859,0.08850617,88.5,0.07033502,14.73,-336.9,0,12.94
"2026-07-12 01:30:00",1860,0.08885524,88.9,0.07034255,14.58,-336.9,0,12.91
"2026-07-12 02:00:00",1861,0.08885075,88.9,0.07005136,14.42,-336.9,0,12.92
"2026-07-12 02:30:00",1862,0.08885901,88.9,0.06971715,14.23,-336.9,0,12.89
"2026-07-12 03:00:00",1863,0.08885881,88.9,0.06937549,14.04,-336.9,0,12.9
"2026-07-12 03:30:00",1864,0.08891575,88.9,0.06913985,13.88,-336.9,0,12.89
"2026-07-12 04:00:00",1865,0.08895908,89,0.06900331,13.78,-336.9,0,12.88
"2026-07-12 04:30:00",1866,0.08895925,89,0.06893805,13.75,-336.9,0,12.88
"2026-07-12 05:00:00",1867,0.0889898,89,0.06894608,13.74,-336.9,0,12.85
"2026-07-12 05:30:00",1868,0.0889759,89,0.06887949,13.71,-336.9,0,12.84
"2026-07-12 06:00:00",1869,0.08897099,89,0.06885055,13.69,-336.9,0,12.84
"2026-07-12 06:30:00",1870,0.08900264,89,0.06883642,13.67,-336.9,0,12.84
"2026-07-12 07:00:00",1871,0.08912644,89.1,0.0688134,13.6,-336.9,0,12.81
"2026-07-12 07:30:00",1872,0.08929992,89.3,0.0688765,13.56,-336.9,0,12.82
"2026-07-12 08:00:00",1873,0.08928363,89.3,0.06896755,13.62,-336.9,0,12.83
"2026-07-12 08:30:00",1874,0.08922953,89.2,0.06909692,13.72,-336.9,0,12.83
"2026-07-12 09:00:00",1875,0.08921193,89.2,0.06928661,13.83,-338.1,0,12.86
"2026-07-12 09:30:00",1876,0.08920284,89.2,0.06952552,13.97,-339.2,0,12.85
"2026-07-12 10:00:00",1877,0.0890935,89.1,0.0702756,14.44,-339.2,0,12.89
"2026-07-12 10:30:00",1878,0.08921137,89.2,0.07130627,14.96,-339.2,0,12.94
"2026-07-12 11:00:00",1879,0.08933436,89.3,0.07209421,15.35,-340.4,0,12.95
"2026-07-12 11:30:00",1880,0.08937964,89.4,0.0726035,15.62,-340.4,0,13.1
"2026-07-12 12:00:00",1881,0.08935432,89.4,0.07300548,15.85,-340.4,0,13.38
"2026-07-12 12:30:00",1882,0.08940752,89.4,0.07351919,16.11,-340.4,0,13.55
"2026-07-12 13:00:00",1883,0.08935635,89.4,0.07422387,16.53,-340.4,0,13.41
"2026-07-12 13:30:00",1884,0.08928378,89.3,0.07468376,16.82,-341.5,0,13.37
"2026-07-12 14:00:00",1885,0.08914769,89.1,0.07408504,16.55,-341.5,0,13.38
"2026-07-12 14:30:00",1886,0.0889232,88.9,0.07345848,16.3,-341.5,0,13.4
"2026-07-12 15:00:00",1887,0.08871993,88.7,0.07309352,16.19,-342.7,0,13.3
"2026-07-12 15:30:00",1888,0.08852809,88.5,0.07425427,16.94,-342.7,0,13.46
"2026-07-12 16:00:00",1889,0.088708,88.7,0.07501471,17.28,-343.8,0,13.35
"2026-07-12 16:30:00",1890,0.08882706,88.8,0.07403044,16.67,-343.8,0,13.15
"2026-07-12 17:00:00",1891,0.08890446,88.9,0.07291282,16.01,-343.8,0,13.09
"2026-07-12 17:30:00",1892,0.08880113,88.8,0.07211716,15.61,-343.8,0,13.06
"2026-07-12 18:00:00",1893,0.08904069,89,0.07222874,15.56,-343.8,0,13.1
"2026-07-12 18:30:00",1894,0.08966891,89.7,0.07318483,15.81,-343.8,0,13.15
"2026-07-12 19:00:00",1895,0.09008367,90.1,0.07369222,15.9,-343.8,0,13.28
"2026-07-12 19:30:00",1896,0.09014604,90.1,0.07383936,15.96,-343.8,0,13.22
"2026-07-12 20:00:00",1897,0.09021481,90.2,0.07346355,15.72,-343.8,0,13.16
"2026-07-12 20:30:00",1898,0.09036531,90.4,0.07325612,15.53,-343.8,0,13.08
"2026-07-12 21:00:00",1899,0.09053762,90.5,0.07303039,15.33,-343.8,0,13.03
"2026-07-12 21:30:00",1900,0.09069531,90.7,0.07286064,15.17,-343.8,0,13.02
"2026-07-12 22:00:00",1901,0.0908527,90.9,0.07278362,15.06,-345,0,13
"2026-07-12 22:30:00",1902,0.09107773,91.1,0.07265591,14.89,-345,0,12.96
"2026-07-12 23:00:00",1903,0.09131321,91.3,0.07247041,14.68,-346.2,0,12.98
"2026-07-12 23:30:00",1904,0.09143803,91.4,0.07207941,14.41,-346.2,0,12.97
"2026-07-13 00:00:00",1905,0.09172196,91.7,0.07187043,14.18,-346.2,0,12.93
"2026-07-13 00:30:00",1906,0.09189828,91.9,0.07173909,14.03,-346.2,0,12.94
"2026-07-13 01:00:00",1907,0.09196837,92,0.07150646,13.88,-346.2,0,12.91
"2026-07-13 01:30:00",1908,0.09201545,92,0.07127703,13.73,-346.2,0,12.91
"2026-07-13 02:00:00",1909,0.09206605,92.1,0.07116687,13.65,-346.2,0,12.89
"2026-07-13 02:30:00",1910,0.09212343,92.1,0.07111987,13.6,-347.3,0,12.85
"2026-07-13 03:00:00",1911,0.09220917,92.2,0.0710905,13.55,-347.3,0,12.85
"2026-07-13 03:30:00",1912,0.0922366,92.2,0.07100243,13.49,-347.3,0,12.84
"2026-07-13 04:00:00",1913,0.09227625,92.3,0.07088207,13.41,-347.3,0,12.82
"2026-07-13 04:30:00",1914,0.09222401,92.2,0.07064354,13.3,-348.5,0,12.83
"2026-07-13 05:00:00",1915,0.09224056,92.2,0.07043835,13.18,-348.5,0,12.8
"2026-07-13 05:30:00",1916,0.09220347,92.2,0.07014634,13.04,-348.5,0,12.8
"2026-07-13 06:00:00",1917,0.09216309,92.2,0.07002202,12.99,-348.5,0,12.8
"2026-07-13 06:30:00",1918,0.09217338,92.2,0.0700692,13.01,-349.6,0,12.79
"2026-07-13 07:00:00",1919,0.09217379,92.2,0.07029977,13.13,-349.6,0,12.79
"2026-07-13 07:30:00",1920,0.0921682,92.2,0.07052267,13.26,-349.6,0,12.77
"2026-07-13 08:00:00",1921,0.09211972,92.1,0.07060807,13.32,-349.6,0,12.8
"2026-07-13 08:30:00",1922,0.09215344,92.2,0.0706854,13.35,-349.6,0,12.77
"2026-07-13 09:00:00",1923,0.09213088,92.1,0.07061613,13.32,-349.6,0,12.8
"2026-07-13 09:30:00",1924,0.09198451,92,0.07072318,13.44,-350.8,0,12.83
"2026-07-13 10:00:00",1925,0.09181502,91.8,0.07143899,13.9,-350.8,0,12.89
"2026-07-13 10:30:00",1926,0.0918911,91.9,0.0724533,14.42,-350.8,0,12.91
"2026-07-13 11:00:00",1927,0.09201993,92,0.07337525,14.87,-350.8,0,13
"2026-07-13 11:30:00",1928,0.09221601,92.2,0.07399512,15.12,-350.8,0,13.16
"2026-07-13 12:00:00",1929,0.0924065,92.4,0.07388508,14.98,-350.8,0,13.24
"2026-07-13 12:30:00",1930,0.09250487,92.5,0.07339223,14.67,-350.8,0,13.18
"2026-07-13 13:00:00",1931,0.09223926,92.2,0.07315818,14.66,-350.8,0,13.25
"2026-07-13 13:30:00",1932,0.09212623,92.1,0.07311436,14.68,-350.8,0,13.39
"2026-07-13 14:00:00",1933,0.09218467,92.2,0.0727185,14.44,-351.9,0,13.34
"2026-07-13 14:30:00",1934,0.09209057,92.1,0.07236475,14.29,-351.9,0,13.33
"2026-07-13 15:00:00",1935,0.09196994,92,0.07232148,14.32,-351.9,0,13.36
"2026-07-13 15:30:00",1936,0.09205148,92.1,0.07263207,14.45,-353.1,0,13.37
"2026-07-13 16:00:00",1937,0.09199982,92,0.07337471,14.88,-353.1,0,13.37
"2026-07-13 16:30:00",1938,0.09200668,92,0.07314979,14.75,-354.2,0,13.32
"2026-07-13 17:00:00",1939,0.09206925,92.1,0.07276589,14.52,-354.2,0,13.28
"2026-07-13 17:30:00",1940,0.09184524,91.8,0.07227046,14.34,-355.4,0,13.26
"2026-07-13 18:00:00",1941,0.09176733,91.8,0.07204268,14.25,-355.4,0,13.31
"2026-07-13 18:30:00",1942,0.09184506,91.8,0.07198231,14.19,-355.4,0,13.27
"2026-07-13 19:00:00",1943,0.09199547,92,0.07165857,13.95,-356.5,0,13.2
"2026-07-13 19:30:00",1944,0.09195653,92,0.0715203,13.89,-356.5,0,13.21
"2026-07-13 20:00:00",1945,0.09199186,92,0.07181179,14.03,-356.5,0,13.29
"2026-07-13 20:30:00",1946,0.09224322,92.2,0.07185003,13.95,-356.5,0,13.2
"2026-07-13 21:00:00",1947,0.09244188,92.4,0.07196201,13.92,-356.5,0,13.13
"2026-07-13 21:30:00",1948,0.09258862,92.6,0.07146785,13.59,-356.5,0,13.06
"2026-07-13 22:00:00",1949,0.09276457,92.8,0.07128637,13.42,-357.7,0,13.02
"2026-07-13 22:30:00",1950,0.09280696,92.8,0.07113599,13.32,-357.7,0,13.01
"2026-07-13 23:00:00",1951,0.09269182,92.7,0.07090221,13.25,-357.7,0,12.98
"2026-07-13 23:30:00",1952,0.09274583,92.7,0.07071874,13.13,-357.7,0,12.94
"2026-07-14 00:00:00",1953,0.09285272,92.9,0.07055287,12.99,-358.8,0,12.96
"2026-07-14 00:30:00",1954,0.09297119,93,0.07020153,12.75,-358.8,0,12.93
"2026-07-14 01:00:00",1955,0.09311084,93.1,0.06980839,12.49,-360,0,12.91
"2026-07-14 01:30:00",1956,0.09330406,93.3,0.06945708,12.22,-360,0,12.9
"2026-07-14 02:00:00",1957,0.09344439,93.4,0.06914606,12,-360,0,12.87
"2026-07-14 02:30:00",1958,0.09371389,93.7,0.06891146,11.77,-361.2,0,12.87
"2026-07-14 03:00:00",1959,0.09398617,94,0.06875145,11.58,-361.2,0,12.83
"2026-07-14 03:30:00",1960,0.09408417,94.1,0.06852724,11.42,-361.2,0,12.82
"2026-07-14 04:00:00",1961,0.09412702,94.1,0.06836732,11.32,-363.5,0,12.81
"2026-07-14 04:30:00",1962,0.09416711,94.2,0.06826752,11.25,-363.5,0,12.79
"2026-07-14 05:00:00",1963,0.09429369,94.3,0.06826615,11.2,-363.5,0,12.77
"2026-07-14 05:30:00",1964,0.09445321,94.5,0.06836705,11.19,-364.6,0,12.77
"2026-07-14 06:00:00",1965,0.09461136,94.6,0.06849483,11.2,-364.6,0,12.76
"2026-07-14 06:30:00",1966,0.09475031,94.8,0.068468,11.13,-365.8,0,12.74
"2026-07-14 07:00:00",1967,0.09485176,94.9,0.06840456,11.06,-366.9,0,12.74
"2026-07-14 07:30:00",1968,0.0950259,95,0.06856076,11.07,-366.9,0,12.77
"2026-07-14 08:00:00",1969,0.09513143,95.1,0.06882816,11.18,-368.1,0,12.77
"2026-07-14 08:30:00",1970,0.09514634,95.1,0.06917993,11.35,-368.1,0,12.76
"2026-07-14 09:00:00",1971,0.0951942,95.2,0.06980196,11.66,-369.2,0,12.79
"2026-07-14 09:30:00",1972,0.09517705,95.2,0.07051311,12.04,-369.2,0,12.76
"2026-07-14 10:00:00",1973,0.09514238,95.1,0.07142904,12.54,-369.2,0,12.81
"2026-07-14 10:30:00",1974,0.09508105,95.1,0.07250734,13.13,-370.4,0,12.87
"2026-07-14 11:00:00",1975,0.09507182,95.1,0.07299158,13.39,-370.4,0,13
"2026-07-14 11:30:00",1976,0.09503417,95,0.07337575,13.6,-371.5,0,13.18
"2026-07-14 12:00:00",1977,0.09497837,95,0.07397556,13.94,-371.5,0,13.34
"2026-07-14 12:30:00",1978,0.0948606,94.9,0.07376938,13.88,-371.5,0,13.34
"2026-07-14 13:00:00",1979,0.09468233,94.7,0.07376131,13.95,-371.5,0,13.39
"2026-07-14 13:30:00",1980,0.09446974,94.5,0.07359608,13.95,-371.5,0,13.29
"2026-07-14 14:00:00",1981,0.09427949,94.3,0.07313653,13.79,-372.7,0,13.19
"2026-07-14 14:30:00",1982,0.09397148,94,0.07292652,13.8,-372.7,0,13.2
"2026-07-14 15:00:00",1983,0.09379203,93.8,0.07337322,14.12,-372.7,0,13.37
"2026-07-14 15:30:00",1984,0.09368483,93.7,0.07407607,14.53,-372.7,0,13.27
"2026-07-14 16:00:00",1985,0.09373245,93.7,0.07339426,14.15,-375,0,13.2
"2026-07-14 16:30:00",1986,0.09354438,93.5,0.07324456,14.15,-375,0,13.23
"2026-07-14 17:00:00",1987,0.09342793,93.4,0.07344802,14.31,-375,0,13.3
"2026-07-14 17:30:00",1988,0.09331232,93.3,0.07343814,14.35,-375,0,13.33
"2026-07-14 18:00:00",1989,0.09328689,93.3,0.07268848,13.96,-375,0,13.19
"2026-07-14 18:30:00",1990,0.09315781,93.2,0.0726881,14.01,-375,0,13.17
"2026-07-14 19:00:00",1991,0.09297987,93,0.07301608,14.26,-375,0,13.26
"2026-07-14 19:30:00",1992,0.09304748,93,0.07285325,14.15,-375,0,13.14
"2026-07-14 20:00:00",1993,0.09320744,93.2,0.07279135,14.05,-375,0,13.09
"2026-07-14 20:30:00",1994,0.09365623,93.7,0.0725895,13.75,-375,0,13.03
"2026-07-14 21:00:00",1995,0.09406795,94.1,0.07270245,13.64,-375,0,13.02
"2026-07-14 21:30:00",1996,0.09411511,94.1,0.0726475,13.6,-375,0,13.01
"2026-07-14 22:00:00",1997,0.09416957,94.2,0.07250084,13.49,-375,0,12.96
"2026-07-14 22:30:00",1998,0.09425687,94.3,0.0723431,13.38,-375,0,12.96
"2026-07-14 23:00:00",1999,0.09443852,94.4,0.07218255,13.22,-375,0,12.94
"2026-07-14 23:30:00",2000,0.09473471,94.7,0.07193116,12.96,-375,0,12.91
"2026-07-15 00:00:00",2001,0.09495601,95,0.07166401,12.74,-375,0,12.91
"2026-07-15 00:30:00",2002,0.09510873,95.1,0.07153774,12.61,-375,0,12.89
"2026-07-15 01:00:00",2003,0.09529445,95.3,0.07150262,12.52,-375,0,12.87
"2026-07-15 01:30:00",2004,0.09540228,95.4,0.07135272,12.4,-375,0,12.85
"2026-07-15 02:00:00",2005,0.09540515,95.4,0.07106208,12.24,-375,0,12.83
"2026-07-15 02:30:00",2006,0.09550362,95.5,0.07083813,12.09,-375,0,12.82
"2026-07-15 03:00:00",2007,0.09580831,95.8,0.07079661,11.95,-375,0,12.81
"2026-07-15 03:30:00",2008,0.09599417,96,0.07062246,11.78,-375,0,12.77
"2026-07-15 04:00:00",2009,0.09610029,96.1,0.07036047,11.61,-375,0,12.79
"2026-07-15 04:30:00",2010,0.09623799,96.2,0.07018008,11.46,-376.2,0,12.75
"2026-07-15 05:00:00",2011,0.09632771,96.3,0.07007248,11.37,-376.2,0,12.77
"2026-07-15 05:30:00",2012,0.09644838,96.4,0.0702799,11.43,-377.3,0,12.76
"2026-07-15 06:00:00",2013,0.09660228,96.6,0.07052163,11.5,-377.3,0,12.73
"2026-07-15 06:30:00",2014,0.09675952,96.8,0.07077391,11.57,-377.3,0,12.76
"2026-07-15 07:00:00",2015,0.09682678,96.8,0.07105471,11.69,-377.3,0,12.74
"2026-07-15 07:30:00",2016,0.09690412,96.9,0.07129482,11.79,-377.3,0,12.76
"2026-07-15 08:00:00",2017,0.0969853,97,0.07149555,11.86,-377.3,0,12.77
"2026-07-15 08:30:00",2018,0.09700952,97,0.07184637,12.03,-377.3,0,12.78
"2026-07-15 09:00:00",2019,0.09703327,97,0.07234787,12.28,-377.3,0,12.79
"2026-07-15 09:30:00",2020,0.09705227,97.1,0.07308825,12.65,-377.3,0,12.83
"2026-07-15 10:00:00",2021,0.09702764,97,0.073507,12.88,-377.3,0,12.87
"2026-07-15 10:30:00",2022,0.09706155,97.1,0.07397606,13.11,-377.3,0,12.89
"2026-07-15 11:00:00",2023,0.09706611,97.1,0.07449844,13.38,-377.3,0,12.99
"2026-07-15 11:30:00",2024,0.09703686,97,0.07500117,13.65,-378.5,0,13.13
"2026-07-15 12:00:00",2025,0.09705113,97.1,0.07558167,13.94,-378.5,0,13.26
"2026-07-15 12:30:00",2026,0.09698248,97,0.07625904,14.32,-378.5,0,13.37
"2026-07-15 13:00:00",2027,0.09677572,96.8,0.07645787,14.5,-378.5,0,13.27
"2026-07-15 13:30:00",2028,0.09660711,96.6,0.07627525,14.48,-378.5,0,13.27
"2026-07-15 14:00:00",2029,0.0966027,96.6,0.07572406,14.19,-378.5,0,13.13
"2026-07-15 14:30:00",2030,0.0964227,96.4,0.07527147,14.03,-378.5,0,13.12
"2026-07-15 15:00:00",2031,0.09629904,96.3,0.0752778,14.09,-378.5,0,13.19
"2026-07-15 15:30:00",2032,0.0961277,96.1,0.07637741,14.73,-378.5,0,13.45
"2026-07-15 16:00:00",2033,0.09672117,96.7,0.07659543,14.6,-378.5,0,13.18
"2026-07-15 16:30:00",2034,0.09494609,94.9,0.07397916,13.96,-369.2,0,13.08
"2026-07-15 17:00:00",2035,0.09568224,95.7,0.07381866,13.58,-366.9,0,13.05
"2026-07-15 17:30:00",2036,0.0968236,96.8,0.07427287,13.35,-366.9,0,13.03
"2026-07-15 18:00:00",2037,0.09818123,98.2,0.07535078,13.37,-369.2,0,13.03
"2026-07-15 18:30:00",2038,0.0984147,98.4,0.07697203,14.11,-371.5,0,13.29
"2026-07-15 19:00:00",2039,0.09814527,98.1,0.07846573,14.97,-371.5,0,13.48
"2026-07-15 19:30:00",2040,0.09809261,98.1,0.07825592,14.89,-373.8,0,13.29
"2026-07-15 20:00:00",2041,0.0979389,97.9,0.07807314,14.86,-373.8,0,13.28
"2026-07-15 20:30:00",2042,0.09767684,97.7,0.0778655,14.86,-373.8,0,13.32
"2026-07-15 21:00:00",2043,0.09756566,97.6,0.07729421,14.61,-373.8,0,13.15
"2026-07-15 21:30:00",2044,0.09759577,97.6,0.07678676,14.34,-373.8,0,13.09
"2026-07-15 22:00:00",2045,0.09767684,97.7,0.0761143,13.96,-373.8,0,13.04
"2026-07-15 22:30:00",2046,0.0977367,97.7,0.07534362,13.54,-373.8,0,13.03
"2026-07-15 23:00:00",2047,0.09771969,97.7,0.07465144,13.2,-373.8,0,12.98
"2026-07-15 23:30:00",2048,0.09768181,97.7,0.07415155,12.96,-373.8,0,12.98
"2026-07-16 00:00:00",2049,0.0980609,98.1,0.07414017,12.8,-373.8,0,12.96
"2026-07-16 00:30:00",2050,0.09876873,98.8,0.07436761,12.65,-373.8,0,12.93
"2026-07-16 01:00:00",2051,0.09920944,99.2,0.07442147,12.51,-373.8,0,12.93
"2026-07-16 01:30:00",2052,0.09936024,99.4,0.07428148,12.38,-373.8,0,12.89
"2026-07-16 02:00:00",2053,0.09934116,99.3,0.07407503,12.28,-373.8,0,12.89
"2026-07-16 02:30:00",2054,0.09938271,99.4,0.07390226,12.18,-373.8,0,12.88
"2026-07-16 03:00:00",2055,0.0993267,99.3,0.07374048,12.12,-373.8,0,12.85
"2026-07-16 03:30:00",2056,0.09916719,99.2,0.07349526,12.06,-373.8,0,12.85
"2026-07-16 04:00:00",2057,0.09894314,98.9,0.07319817,11.99,-373.8,0,12.84
"2026-07-16 04:30:00",2058,0.09885272,98.9,0.07296478,11.91,-373.8,0,12.81
"2026-07-16 05:00:00",2059,0.09876987,98.8,0.0727355,11.82,-373.8,0,12.81
"2026-07-16 05:30:00",2060,0.09873717,98.7,0.07256524,11.75,-373.8,0,12.78
"2026-07-16 06:00:00",2061,0.09858706,98.6,0.07235996,11.7,-373.8,0,12.78
"2026-07-16 06:30:00",2062,0.0984901,98.5,0.07224883,11.68,-372.7,0,12.78
"2026-07-16 07:00:00",2063,0.09837904,98.4,0.07226648,11.73,-372.7,0,12.77
"2026-07-16 07:30:00",2064,0.09825411,98.3,0.07231414,11.8,-372.7,0,12.77
"2026-07-16 08:00:00",2065,0.09819622,98.2,0.07244492,11.89,-370.4,0,12.75
"2026-07-16 08:30:00",2066,0.09819265,98.2,0.07253122,11.93,-369.2,0,12.77
"2026-07-16 09:00:00",2067,0.09815672,98.2,0.07254567,11.95,-365.8,0,12.77
"2026-07-16 09:30:00",2068,0.09813324,98.1,0.07257166,11.98,-362.3,0,12.75
"2026-07-16 10:00:00",2069,0.09808912,98.1,0.07275856,12.09,-360,0,12.78
"2026-07-16 10:30:00",2070,0.09801812,98,0.07324693,12.36,-360,0,12.83
"2026-07-16 11:00:00",2071,0.09805717,98.1,0.07345334,12.45,-358.8,0,12.82
"2026-07-16 11:30:00",2072,0.09810428,98.1,0.07358785,12.5,-358.8,0,12.81
"2026-07-16 12:00:00",2073,0.09813131,98.1,0.07373374,12.57,-356.5,0,12.8
"2026-07-16 12:30:00",2074,0.09835518,98.4,0.0743437,12.79,-356.5,0,12.87
"2026-07-16 13:00:00",2075,0.09875046,98.8,0.07555375,13.25,-355.4,0,13.13
"2026-07-16 13:30:00",2076,0.09899383,99,0.07670514,13.74,-355.4,0,13.45
"2026-07-16 14:00:00",2077,0.09890068,98.9,0.07719231,14.03,-355.4,0,13.37
"2026-07-16 14:30:00",2078,0.09880739,98.8,0.07741942,14.18,-353.1,0,13.37
"2026-07-16 15:00:00",2079,0.09866799,98.7,0.078371,14.71,-353.1,0,13.45
"2026-07-16 15:30:00",2080,0.09850788,98.5,0.07842358,14.81,-353.1,0,13.4
"2026-07-16 16:00:00",2081,0.09848771,98.5,0.0791698,15.19,-351.9,0,13.49
"2026-07-16 16:30:00",2082,0.09891498,98.9,0.07959106,15.23,-351.9,0,13.46
"2026-07-16 17:00:00",2083,0.09912897,99.1,0.08014195,15.42,-350.8,0,13.52
"2026-07-16 17:30:00",2084,0.0992519,99.3,0.08038794,15.5,-350.8,0,13.47
"2026-07-16 18:00:00",2085,0.09913518,99.1,0.0802473,15.47,-349.6,0,13.49
"2026-07-16 18:30:00",2086,0.09912583,99.1,0.08005001,15.38,-348.5,0,13.48
"2026-07-16 19:00:00",2087,0.09941248,99.4,0.07992707,15.2,-348.5,0,13.48
"2026-07-16 19:30:00",2088,0.09971555,99.7,0.07970531,14.97,-348.5,0,13.44
"2026-07-16 20:00:00",2089,0.09983151,99.8,0.07933639,14.74,-347.3,0,13.4
"2026-07-16 20:30:00",2090,0.09989928,99.9,0.07884523,14.46,-347.3,0,13.25
"2026-07-16 21:00:00",2091,0.10008,100.1,0.07829793,14.12,-346.2,0,13.12
"2026-07-16 21:30:00",2092,0.1001044,100.1,0.07764912,13.78,-346.2,0,13.07
"2026-07-16 22:00:00",2093,0.1000098,100,0.07700311,13.5,-346.2,0,13.06
"2026-07-16 22:30:00",2094,0.1000199,100,0.07653013,13.26,-346.2,0,13.04
"2026-07-16 23:00:00",2095,0.1000863,100.1,0.07612882,13.03,-345,0,13.03
"2026-07-16 23:30:00",2096,0.1001813,100.2,0.07580569,12.83,-345,0,13.02
"2026-07-17 00:00:00",2097,0.1003868,100.4,0.07559954,12.65,-345,0,12.99
"2026-07-17 00:30:00",2098,0.1005477,100.5,0.07535331,12.47,-345,0,13
"2026-07-17 01:00:00",2099,0.1007171,100.7,0.0750974,12.28,-345,0,12.98
"2026-07-17 01:30:00",2100,0.1008061,100.8,0.0748481,12.12,-345,0,12.96
"2026-07-17 02:00:00",2101,0.1009445,100.9,0.07465803,11.98,-345,0,12.95
"2026-07-17 02:30:00",2102,0.1011161,101.1,0.07441546,11.8,-345,0,12.92
"2026-07-17 03:00:00",2103,0.1011861,101.2,0.07411177,11.62,-345,0,12.92
"2026-07-17 03:30:00",2104,0.1012181,101.2,0.07384738,11.48,-345,0,12.9
"2026-07-17 04:00:00",2105,0.101322,101.3,0.07365926,11.35,-345,0,12.89
"2026-07-17 04:30:00",2106,0.1013073,101.3,0.07341322,11.23,-345,0,12.86
"2026-07-17 05:00:00",2107,0.1012758,101.3,0.07327003,11.17,-345,0,12.86
"2026-07-17 05:30:00",2108,0.1012527,101.3,0.07316579,11.13,-345,0,12.84
"2026-07-17 06:00:00",2109,0.1011865,101.2,0.07315628,11.15,-345,0,12.83
"2026-07-17 06:30:00",2110,0.1010696,101.1,0.07332227,11.27,-345,0,12.83
"2026-07-17 07:00:00",2111,0.1010192,101,0.07362407,11.44,-345,0,12.83
"2026-07-17 07:30:00",2112,0.1010157,101,0.07372082,11.49,-345,0,12.83
"2026-07-17 08:00:00",2113,0.1010311,101,0.07373425,11.49,-345,0,12.83
"2026-07-17 08:30:00",2114,0.1009724,101,0.07394432,11.62,-345,0,12.84
"2026-07-17 09:00:00",2115,0.1009031,100.9,0.07418935,11.76,-345,0,12.84
"2026-07-17 09:30:00",2116,0.1008243,100.8,0.07429369,11.84,-345,0,12.85
"2026-07-17 10:00:00",2117,0.1007002,100.7,0.07468332,12.08,-345,0,12.9
"2026-07-17 10:30:00",2118,0.1007776,100.8,0.0756306,12.52,-345,0,13.02
"2026-07-17 11:00:00",2119,0.1010108,101,0.0764307,12.83,-345,0,13.02
"2026-07-17 11:30:00",2120,0.1011576,101.2,0.07697351,13.05,-345,0,13.23
"2026-07-17 12:00:00",2121,0.1013497,101.3,0.07720096,13.09,-345,0,13.4
"2026-07-17 12:30:00",2122,0.1012882,101.3,0.07693201,12.98,-345,0,13.35
"2026-07-17 13:00:00",2123,0.1012693,101.3,0.07656405,12.8,-345,0,13.2
"2026-07-17 13:30:00",2124,0.1013237,101.3,0.07643148,12.72,-345,0,13.15
"2026-07-17 14:00:00",2125,0.1012116,101.2,0.07657003,12.83,-346.2,0,13.22
"2026-07-17 14:30:00",2126,0.1012757,101.3,0.07668043,12.86,-346.2,0,13.16
"2026-07-17 15:00:00",2127,0.1011994,101.2,0.07689198,12.99,-346.2,0,13.16
"2026-07-17 15:30:00",2128,0.1010864,101.1,0.07732843,13.25,-346.2,0,13.36
"2026-07-17 16:00:00",2129,0.1010122,101,0.0773759,13.3,-346.2,0,13.29
"2026-07-17 16:30:00",2130,0.100852,100.9,0.07744916,13.4,-346.2,0,13.25
"2026-07-17 17:00:00",2131,0.1007648,100.8,0.07719305,13.3,-348.5,0,13.17
"2026-07-17 17:30:00",2132,0.1007391,100.7,0.07693771,13.19,-348.5,0,13.12
"2026-07-17 18:00:00",2133,0.1007058,100.7,0.07683674,13.15,-348.5,0,13.12
"2026-07-17 18:30:00",2134,0.1006959,100.7,0.07696842,13.22,-348.5,0,13.21
"2026-07-17 19:00:00",2135,0.1007621,100.8,0.07683495,13.13,-348.5,0,13.08
"2026-07-17 19:30:00",2136,0.1008612,100.9,0.07648029,12.91,-349.6,0,13
"2026-07-17 20:00:00",2137,0.1010178,101,0.07612867,12.68,-349.6,0,12.96
"2026-07-17 20:30:00",2138,0.1010968,101.1,0.07584931,12.51,-349.6,0,12.91
"2026-07-17 21:00:00",2139,0.1011225,101.1,0.07565571,12.41,-349.6,0,12.89
"2026-07-17 21:30:00",2140,0.1011841,101.2,0.0755189,12.32,-349.6,0,12.87
"2026-07-17 22:00:00",2141,0.1013607,101.4,0.07542827,12.21,-350.8,0,12.83
"2026-07-17 22:30:00",2142,0.1015066,101.5,0.07529854,12.09,-350.8,0,12.83
"2026-07-17 23:00:00",2143,0.101615,101.6,0.0751898,12,-350.8,0,12.81
"2026-07-17 23:30:00",2144,0.1018056,101.8,0.07512327,11.9,-350.8,0,12.79
"2026-07-18 00:00:00",2145,0.1019048,101.9,0.07495845,11.78,-350.8,0,12.8
"2026-07-18 00:30:00",2146,0.1019851,102,0.07476458,11.65,-350.8,0,12.77
"2026-07-18 01:00:00",2147,0.1022144,102.2,0.07469339,11.54,-351.9,0,12.79
"2026-07-18 01:30:00",2148,0.1022647,102.3,0.07453851,11.44,-351.9,0,12.78
"2026-07-18 02:00:00",2149,0.102269,102.3,0.07439218,11.37,-351.9,0,12.76
"2026-07-18 02:30:00",2150,0.1024491,102.4,0.07435913,11.29,-351.9,0,12.76
"2026-07-18 03:00:00",2151,0.1025712,102.6,0.07430112,11.22,-353.1,0,12.76
"2026-07-18 03:30:00",2152,0.102637,102.6,0.0742252,11.16,-353.1,0,12.73
"2026-07-18 04:00:00",2153,0.1026362,102.6,0.07412282,11.11,-353.1,0,12.75
"2026-07-18 04:30:00",2154,0.1026902,102.7,0.07402988,11.05,-353.1,0,12.75
"2026-07-18 05:00:00",2155,0.1025732,102.6,0.07383753,10.99,-353.1,0,12.72
"2026-07-18 05:30:00",2156,0.1022119,102.2,0.07350925,10.96,-353.1,0,12.75
"2026-07-18 06:00:00",2157,0.102105,102.1,0.07347611,10.98,-353.1,0,12.74
"2026-07-18 06:30:00",2158,0.1020415,102,0.07335469,10.94,-351.9,0,12.74
"2026-07-18 07:00:00",2159,0.1018788,101.9,0.07319213,10.92,-350.8,0,12.74
"2026-07-18 07:30:00",2160,0.1017766,101.8,0.07314453,10.93,-348.5,0,12.74
"2026-07-18 08:00:00",2161,0.1017385,101.7,0.07314305,10.95,-348.5,0,12.74
"2026-07-18 08:30:00",2162,0.1018417,101.8,0.07335553,11.01,-348.5,0,12.74
"2026-07-18 09:00:00",2163,0.1018655,101.9,0.07365986,11.16,-348.5,0,12.75
"2026-07-18 09:30:00",2164,0.1018327,101.8,0.07392861,11.3,-348.5,0,12.76
"2026-07-18 10:00:00",2165,0.101715,101.7,0.0741796,11.46,-348.5,0,12.77
"2026-07-18 10:30:00",2166,0.1015645,101.6,0.07448414,11.67,-348.5,0,12.81
"2026-07-18 11:00:00",2167,0.1014596,101.5,0.07475317,11.84,-348.5,0,12.82
"2026-07-18 11:30:00",2168,0.1012499,101.2,0.07503838,12.06,-348.5,0,12.87
"2026-07-18 12:00:00",2169,0.1009798,101,0.07541193,12.34,-348.5,0,12.99
"2026-07-18 12:30:00",2170,0.1007802,100.8,0.07605384,12.73,-348.5,0,13.28
"2026-07-18 13:00:00",2171,0.1007386,100.7,0.07689165,13.16,-348.5,0,13.44
"2026-07-18 13:30:00",2172,0.100822,100.8,0.07766127,13.51,-348.5,0,13.53
"2026-07-18 14:00:00",2173,0.1006592,100.7,0.07783261,13.66,-348.5,0,13.48
"2026-07-18 14:30:00",2174,0.1006136,100.6,0.07782755,13.68,-348.5,0,13.39
"2026-07-18 15:00:00",2175,0.1006885,100.7,0.07849465,13.98,-348.5,0,13.46
"2026-07-18 15:30:00",2176,0.1005259,100.5,0.07969414,14.64,-348.5,0,13.58
"2026-07-18 16:00:00",2177,0.1003602,100.4,0.08045658,15.08,-348.5,0,13.59
"2026-07-18 16:30:00",2178,0.1001622,100.2,0.08079759,15.33,-348.5,0,13.55
"2026-07-18 17:00:00",2179,0.1002759,100.3,0.08100302,15.39,-348.5,0,13.54
"2026-07-18 17:30:00",2180,0.1004137,100.4,0.0808958,15.28,-348.5,0,13.47
"2026-07-18 18:00:00",2181,0.1004178,100.4,0.08078039,15.22,-349.6,0,13.36
"2026-07-18 18:30:00",2182,0.1003943,100.4,0.08036845,15.03,-349.6,0,13.37
"2026-07-18 19:00:00",2183,0.1005316,100.5,0.07936827,14.47,-349.6,0,13.23
"2026-07-18 19:30:00",2184,0.1006206,100.6,0.07839902,13.96,-349.6,0,13.13
"2026-07-18 20:00:00",2185,0.1004692,100.5,0.07810903,13.87,-349.6,0,13.18
"2026-07-18 20:30:00",2186,0.1005113,100.5,0.07822847,13.92,-349.6,0,13.23
"2026-07-18 21:00:00",2187,0.1007831,100.8,0.07804125,13.72,-349.6,0,13.13
"2026-07-18 21:30:00",2188,0.1010729,101.1,0.07790453,13.54,-349.6,0,13.08
"2026-07-18 22:00:00",2189,0.101368,101.4,0.07771309,13.33,-349.6,0,13.05
"2026-07-18 22:30:00",2190,0.1015644,101.6,0.07735227,13.08,-349.6,0,13.04
"2026-07-18 23:00:00",2191,0.101757,101.8,0.07709999,12.88,-349.6,0,13.02
"2026-07-18 23:30:00",2192,0.1020082,102,0.07685409,12.67,-349.6,0,12.99
"2026-07-19 00:00:00",2193,0.1021934,102.2,0.07664994,12.5,-349.6,0,13
"2026-07-19 00:30:00",2194,0.102234,102.2,0.07639985,12.37,-349.6,0,12.99
"2026-07-19 01:00:00",2195,0.1023411,102.3,0.07636104,12.31,-349.6,0,12.96
"2026-07-19 01:30:00",2196,0.1017478,101.7,0.07580136,12.25,-346.2,0,12.97
"2026-07-19 02:00:00",2197,0.1016758,101.7,0.07553505,12.15,-346.2,0,12.96
"2026-07-19 02:30:00",2198,0.1020983,102.1,0.0755052,11.98,-346.2,0,12.93
"2026-07-19 03:00:00",2199,0.1023556,102.4,0.075295,11.78,-346.2,0,12.93
"2026-07-19 03:30:00",2200,0.1024171,102.4,0.07487959,11.56,-346.2,0,12.92
"2026-07-19 04:00:00",2201,0.1025426,102.5,0.07451023,11.33,-346.2,0,12.92
"2026-07-19 04:30:00",2202,0.1024886,102.5,0.07415986,11.18,-346.2,0,12.9
"2026-07-19 05:00:00",2203,0.1025222,102.5,0.07408661,11.13,-346.2,0,12.9
"2026-07-19 05:30:00",2204,0.102509,102.5,0.07408936,11.14,-346.2,0,12.86
"2026-07-19 06:00:00",2205,0.1025225,102.5,0.07399527,11.09,-346.2,0,12.87
"2026-07-19 06:30:00",2206,0.10249,102.5,0.07396062,11.08,-346.2,0,12.87
"2026-07-19 07:00:00",2207,0.1025064,102.5,0.0741395,11.16,-346.2,0,12.86
"2026-07-19 07:30:00",2208,0.102489,102.5,0.0743622,11.28,-346.2,0,12.86
"2026-07-19 08:00:00",2209,0.102521,102.5,0.07471239,11.44,-346.2,0,12.86
"2026-07-19 08:30:00",2210,0.1025304,102.5,0.07516848,11.66,-346.2,0,12.86
"2026-07-19 09:00:00",2211,0.1024247,102.4,0.07562792,11.92,-346.2,0,12.87
"2026-07-19 09:30:00",2212,0.1023612,102.4,0.07617138,12.21,-346.2,0,12.86
"2026-07-19 10:00:00",2213,0.1022687,102.3,0.07681374,12.55,-346.2,0,12.85
"2026-07-19 10:30:00",2214,0.1021799,102.2,0.07731617,12.83,-346.2,0,12.89
"2026-07-19 11:00:00",2215,0.1020479,102,0.07718842,12.82,-346.2,0,12.9
"2026-07-19 11:30:00",2216,0.1019523,102,0.07685093,12.69,-346.2,0,12.9
"2026-07-19 12:00:00",2217,0.1018265,101.8,0.07724509,12.93,-346.2,0,13
"2026-07-19 12:30:00",2218,0.1018529,101.9,0.07779872,13.19,-346.2,0,13.2
"2026-07-19 13:00:00",2219,0.10114,101.1,0.07815944,13.64,-346.2,0,13.46
"2026-07-19 13:30:00",2220,0.1004091,100.4,0.07846982,14.08,-346.2,0,13.4
"2026-07-19 14:00:00",2221,0.1017522,101.8,0.08018332,14.4,-346.2,0,13.49
"2026-07-19 14:30:00",2222,0.1015657,101.6,0.08039191,14.58,-346.2,0,13.36
"2026-07-19 15:00:00",2223,0.0996853,99.7,0.07847336,14.36,-347.3,0,13.32
"2026-07-19 15:30:00",2224,0.1013939,101.4,0.07954514,14.23,-347.3,0,13.32
"2026-07-19 16:00:00",2225,0.1013516,101.4,0.07973378,14.34,-347.3,0,13.36
"2026-07-19 16:30:00",2226,0.1014609,101.5,0.07973294,14.29,-347.3,0,13.2
"2026-07-19 17:00:00",2227,0.1014776,101.5,0.07956751,14.2,-347.3,0,13.2
"2026-07-19 17:30:00",2228,0.1012541,101.3,0.07971228,14.36,-347.3,0,13.31
"2026-07-19 18:00:00",2229,0.1013581,101.4,0.07976057,14.35,-347.3,0,13.19
"2026-07-19 18:30:00",2230,0.1014712,101.5,0.07960226,14.22,-347.3,0,13.11
"2026-07-19 19:00:00",2231,0.1014558,101.5,0.07916851,14.02,-347.3,0,13.09
"2026-07-19 19:30:00",2232,0.101709,101.7,0.07911687,13.89,-347.3,0,13.08
"2026-07-19 20:00:00",2233,0.1015094,101.5,0.07894169,13.88,-348.5,0,13.08
"2026-07-19 20:30:00",2234,0.1017872,101.8,0.07907109,13.84,-348.5,0,13.04
"2026-07-19 21:00:00",2235,0.1019091,101.9,0.07890909,13.72,-348.5,0,13.03
"2026-07-19 21:30:00",2236,0.1020288,102,0.07896892,13.7,-348.5,0,13.01
"2026-07-19 22:00:00",2237,0.1021815,102.2,0.07876705,13.54,-349.6,0,13
"2026-07-19 22:30:00",2238,0.1023302,102.3,0.078629,13.42,-349.6,0,12.99
"2026-07-19 23:00:00",2239,0.1025199,102.5,0.07856695,13.32,-349.6,0,12.97
"2026-07-19 23:30:00",2240,0.1026941,102.7,0.07850324,13.22,-349.6,0,12.96
"2026-07-20 00:00:00",2241,0.102902,102.9,0.07825888,13.03,-349.6,0,12.94
"2026-07-20 00:30:00",2242,0.1030633,103.1,0.07779554,12.74,-349.6,0,12.92
"2026-07-20 01:00:00",2243,0.1033284,103.3,0.07748479,12.49,-349.6,0,12.92
"2026-07-20 01:30:00",2244,0.1035231,103.5,0.07730203,12.34,-350.8,0,12.9
"2026-07-20 02:00:00",2245,0.1036953,103.7,0.07701702,12.14,-350.8,0,12.87
"2026-07-20 02:30:00",2246,0.1038821,103.9,0.07676462,11.95,-350.8,0,12.86
"2026-07-20 03:00:00",2247,0.1040203,104,0.07647463,11.76,-350.8,0,12.84
"2026-07-20 03:30:00",2248,0.104167,104.2,0.07624331,11.6,-351.9,0,12.83
"2026-07-20 04:00:00",2249,0.1042465,104.2,0.07610704,11.5,-351.9,0,12.8
"2026-07-20 04:30:00",2250,0.1043623,104.4,0.07604085,11.43,-351.9,0,12.81
"2026-07-20 05:00:00",2251,0.1044865,104.5,0.07605435,11.39,-351.9,0,12.79
"2026-07-20 05:30:00",2252,0.1046354,104.6,0.07607563,11.35,-351.9,0,12.77
"2026-07-20 06:00:00",2253,0.1047283,104.7,0.07618082,11.37,-353.1,0,12.78
"2026-07-20 06:30:00",2254,0.1048132,104.8,0.07643125,11.46,-353.1,0,12.78
"2026-07-20 07:00:00",2255,0.1048312,104.8,0.07665498,11.56,-353.1,0,12.78
"2026-07-20 07:30:00",2256,0.104827,104.8,0.07689653,11.68,-353.1,0,12.78
"2026-07-20 08:00:00",2257,0.1048607,104.9,0.07731666,11.87,-354.2,0,12.78
"2026-07-20 08:30:00",2258,0.104844,104.8,0.07795739,12.18,-354.2,0,12.8
"2026-07-20 09:00:00",2259,0.104827,104.8,0.07832859,12.36,-354.2,0,12.81
"2026-07-20 09:30:00",2260,0.1047249,104.7,0.07839904,12.43,-354.2,0,12.81
"2026-07-20 10:00:00",2261,0.1046465,104.6,0.07848825,12.5,-354.2,0,12.81
"2026-07-20 10:30:00",2262,0.1045986,104.6,0.07844184,12.5,-355.4,0,12.83
"2026-07-20 11:00:00",2263,0.1044742,104.5,0.07837822,12.51,-355.4,0,12.84
"2026-07-20 11:30:00",2264,0.104342,104.3,0.07839803,12.57,-355.4,0,12.85
"2026-07-20 12:00:00",2265,0.1042424,104.2,0.07852667,12.67,-356.5,0,12.86
"2026-07-20 12:30:00",2266,0.1042223,104.2,0.07885703,12.83,-356.5,0,12.93
"2026-07-20 13:00:00",2267,0.104222,104.2,0.07919293,12.99,-356.5,0,12.95
"2026-07-20 13:30:00",2268,0.10428,104.3,0.0794762,13.11,-356.5,0,12.95
"2026-07-20 14:00:00",2269,0.1042775,104.3,0.07980342,13.26,-356.5,0,13
"2026-07-20 14:30:00",2270,0.1042485,104.2,0.08014476,13.44,-356.5,0,13.03
"2026-07-20 15:00:00",2271,0.1042212,104.2,0.08038149,13.56,-357.7,0,13.02
"2026-07-20 15:30:00",2272,0.1041767,104.2,0.0804743,13.62,-357.7,0,13.01
"2026-07-20 16:00:00",2273,0.1041649,104.2,0.08044342,13.61,-357.7,0,12.97
"2026-07-20 16:30:00",2274,0.1041123,104.1,0.0805271,13.67,-357.7,0,12.97
"2026-07-20 17:00:00",2275,0.1041288,104.1,0.08091213,13.85,-357.7,0,13.02
"2026-07-20 17:30:00",2276,0.1042104,104.2,0.08105817,13.89,-358.8,0,12.96
"2026-07-20 18:00:00",2277,0.1042396,104.2,0.08107754,13.89,-358.8,0,12.95
"2026-07-20 18:30:00",2278,0.1041529,104.2,0.08122649,13.99,-360,0,12.97
"2026-07-20 19:00:00",2279,0.1041222,104.1,0.08122395,14,-360,0,12.93
"2026-07-20 19:30:00",2280,0.1041321,104.1,0.08126353,14.02,-360,0,12.88
"2026-07-20 20:00:00",2281,0.1042564,104.3,0.081139,13.91,-360,0,12.86
"2026-07-20 20:30:00",2282,0.1041864,104.2,0.08102029,13.88,-361.2,0,12.88
"2026-07-20 21:00:00",2283,0.1042185,104.2,0.08107804,13.9,-361.2,0,12.86
"2026-07-20 21:30:00",2284,0.1043804,104.4,0.08092553,13.76,-362.3,0,12.83
"2026-07-20 22:00:00",2285,0.1044131,104.4,0.08071508,13.65,-363.5,0,12.84
"2026-07-20 22:30:00",2286,0.1046228,104.6,0.08052826,13.49,-363.5,0,12.85
"2026-07-20 23:00:00",2287,0.1047166,104.7,0.08016063,13.28,-364.6,0,12.83
"2026-07-20 23:30:00",2288,0.1048149,104.8,0.07980588,13.07,-365.8,0,12.84
"2026-07-21 00:00:00",2289,0.1049279,104.9,0.07944037,12.85,-366.9,0,12.81
"2026-07-21 00:30:00",2290,0.1051216,105.1,0.07919813,12.67,-368.1,0,12.82
"2026-07-21 01:00:00",2291,0.1053231,105.3,0.07911889,12.56,-368.1,0,12.82
"2026-07-21 01:30:00",2292,0.1055821,105.6,0.07921173,12.51,-369.2,0,12.79
"2026-07-21 02:00:00",2293,0.1057258,105.7,0.07920612,12.46,-370.4,0,12.8
"2026-07-21 02:30:00",2294,0.1059706,106,0.07923787,12.39,-371.5,0,12.8
"2026-07-21 03:00:00",2295,0.1062032,106.2,0.07928564,12.33,-371.5,0,12.77
"2026-07-21 03:30:00",2296,0.106331,106.3,0.07920651,12.25,-371.5,0,12.79
"2026-07-21 04:00:00",2297,0.1064493,106.4,0.07915863,12.18,-371.5,0,12.76
"2026-07-21 04:30:00",2298,0.1066073,106.6,0.07915138,12.12,-372.7,0,12.77
"2026-07-21 05:00:00",2299,0.1067488,106.7,0.07921039,12.1,-373.8,0,12.77
"2026-07-21 05:30:00",2300,0.1066966,106.7,0.07921385,12.12,-369.2,0,12.77
"2026-07-21 06:00:00",2301,0.106753,106.8,0.07923613,12.11,-373.8,0,12.77
"2026-07-21 06:30:00",2302,0.1069449,106.9,0.07941736,12.13,-372.7,0,12.75
"2026-07-21 07:00:00",2303,0.1072452,107.2,0.07963216,12.13,-372.7,0,12.77
"2026-07-21 07:30:00",2304,0.1073331,107.3,0.0796181,12.09,-372.7,0,12.75
"2026-07-21 08:00:00",2305,0.1071912,107.2,0.07945693,12.06,-372.7,0,12.77
"2026-07-21 08:30:00",2306,0.1069856,107,0.07932349,12.07,-372.7,0,12.76
"2026-07-21 09:00:00",2307,0.1069781,107,0.07936024,12.09,-373.8,0,12.75
"2026-07-21 09:30:00",2308,0.1066937,106.7,0.07909825,12.07,-372.7,0,12.76
"2026-07-21 10:00:00",2309,0.1065827,106.6,0.07909453,12.1,-372.7,0,12.76
"2026-07-21 10:30:00",2310,0.1066589,106.7,0.07954626,12.29,-372.7,0,12.79
"2026-07-21 11:00:00",2311,0.107008,107,0.08016183,12.46,-372.7,0,12.78
"2026-07-21 11:30:00",2312,0.1069046,106.9,0.08036459,12.59,-372.7,0,12.78
"2026-07-21 12:00:00",2313,0.1069449,106.9,0.08058075,12.67,-373.8,0,12.79
"2026-07-21 12:30:00",2314,0.1068979,106.9,0.08090313,12.84,-373.8,0,12.8
"2026-07-21 13:00:00",2315,0.1068132,106.8,0.08067281,12.76,-373.8,0,12.79
"2026-07-21 13:30:00",2316,0.1065596,106.6,0.08155689,13.27,-373.8,0,12.84
"2026-07-21 14:00:00",2317,0.1066713,106.7,0.08307787,13.94,-373.8,0,13.44
"2026-07-21 14:30:00",2318,0.1065323,106.5,0.08392172,14.39,-373.8,0,13.22
"2026-07-21 15:00:00",2319,0.106525,106.5,0.08362806,14.25,-373.8,0,13.05
"2026-07-21 15:30:00",2320,0.10497,105,0.08123788,13.7,-360,0,13.01
"2026-07-21 16:00:00",2321,0.1048397,104.8,0.08129071,13.77,-362.3,0,13.07
"2026-07-21 16:30:00",2322,0.105589,105.6,0.08158603,13.63,-363.5,0,12.98
"2026-07-21 17:00:00",2323,0.1057916,105.8,0.08169935,13.61,-362.3,0,12.96
"2026-07-21 17:30:00",2324,0.1056325,105.6,0.08196434,13.8,-362.3,0,12.98
"2026-07-21 18:00:00",2325,0.1058408,105.8,0.0822804,13.87,-362.3,0,12.95
"2026-07-21 18:30:00",2326,0.1056154,105.6,0.08248941,14.05,-362.3,0,13.1
"2026-07-21 19:00:00",2327,0.1055282,105.5,0.08219237,13.94,-362.3,0,12.99
"2026-07-21 19:30:00",2328,0.1054256,105.4,0.08202287,13.9,-362.3,0,12.96
"2026-07-21 20:00:00",2329,0.1051588,105.2,0.08184511,13.92,-360,0,12.95
"2026-07-21 20:30:00",2330,0.1052289,105.2,0.08212241,14.02,-360,0,13.05
"2026-07-21 21:00:00",2331,0.1058112,105.8,0.08226193,13.87,-360,0,12.92
"2026-07-21 21:30:00",2332,0.1062167,106.2,0.08220756,13.7,-360,0,12.88
"2026-07-21 22:00:00",2333,0.1063863,106.4,0.08192208,13.5,-360,0,12.85
"2026-07-21 22:30:00",2334,0.1064234,106.4,0.08164677,13.36,-360,0,12.83
"2026-07-21 23:00:00",2335,0.1064542,106.5,0.08133236,13.2,-360,0,12.81
"2026-07-21 23:30:00",2336,0.1064794,106.5,0.0808842,12.98,-360,0,12.8
"2026-07-22 00:00:00",2337,0.1064105,106.4,0.08034373,12.75,-360,0,12.79
"2026-07-22 00:30:00",2338,0.1064093,106.4,0.08001522,12.6,-360,0,12.78
"2026-07-22 01:00:00",2339,0.1064408,106.4,0.07967951,12.43,-360,0,12.78
"2026-07-22 01:30:00",2340,0.1064434,106.4,0.07931079,12.25,-360,0,12.77
"2026-07-22 02:00:00",2341,0.1064587,106.5,0.07883368,12.03,-360,0,12.77
"2026-07-22 02:30:00",2342,0.1065264,106.5,0.07837559,11.79,-360,0,12.76
"2026-07-22 03:00:00",2343,0.1065841,106.6,0.07795041,11.57,-360,0,12.75
"2026-07-22 03:30:00",2344,0.1067027,106.7,0.07775642,11.44,-361.2,0,12.74
"2026-07-22 04:00:00",2345,0.1068077,106.8,0.07754778,11.3,-361.2,0,12.74
"2026-07-22 04:30:00",2346,0.1068896,106.9,0.07730137,11.16,-361.2,0,12.7
"2026-07-22 05:00:00",2347,0.106947,106.9,0.07721925,11.1,-361.2,0,12.72
"2026-07-22 05:30:00",2348,0.1070977,107.1,0.07730763,11.09,-361.2,0,12.72
"2026-07-22 06:00:00",2349,0.1071803,107.2,0.07742368,11.12,-361.2,0,12.72
"2026-07-22 06:30:00",2350,0.1072015,107.2,0.07769182,11.24,-361.2,0,12.71
"2026-07-22 07:00:00",2351,0.1073994,107.4,0.07792368,11.28,-361.2,0,12.72
"2026-07-22 07:30:00",2352,0.1074662,107.5,0.07800068,11.29,-361.2,0,12.7
"2026-07-22 08:00:00",2353,0.1075274,107.5,0.07828935,11.4,-361.2,0,12.72
"2026-07-22 08:30:00",2354,0.1075105,107.5,0.07886335,11.68,-361.2,0,12.75
"2026-07-22 09:00:00",2355,0.1074578,107.5,0.07974402,12.1,-361.2,0,12.76
"2026-07-22 09:30:00",2356,0.1074913,107.5,0.08058086,12.48,-361.2,0,12.76
"2026-07-22 10:00:00",2357,0.1073646,107.4,0.08112852,12.78,-361.2,0,12.81
"2026-07-22 10:30:00",2358,0.1072834,107.3,0.08097002,12.74,-360,0,12.83
"2026-07-22 11:00:00",2359,0.1071147,107.1,0.0809707,12.8,-360,0,12.86
"2026-07-22 11:30:00",2360,0.1070292,107,0.08097222,12.83,-360,0,12.89
"2026-07-22 12:00:00",2361,0.1070032,107,0.08109303,12.89,-360,0,12.93
"2026-07-22 12:30:00",2362,0.1069418,106.9,0.0809046,12.83,-360,0,12.85
"2026-07-22 13:00:00",2363,0.1070854,107.1,0.0806974,12.68,-360,0,12.81
"2026-07-22 13:30:00",2364,0.1070748,107.1,0.08051131,12.6,-360,0,12.82
"2026-07-22 14:00:00",2365,0.1069136,106.9,0.08066633,12.73,-360,0,12.88
"2026-07-22 14:30:00",2366,0.1067544,106.8,0.08120162,13.03,-360,0,13.02
"2026-07-22 15:00:00",2367,0.106729,106.7,0.08178339,13.31,-360,0,13.15
"2026-07-22 15:30:00",2368,0.1055975,105.6,0.08141783,13.55,-360,0,13.11
"2026-07-22 16:00:00",2369,0.1060016,106,0.08165319,13.52,-360,0,13.11
"2026-07-22 16:30:00",2370,0.1066267,106.6,0.08203802,13.47,-360,0,13.1
"2026-07-22 17:00:00",2371,0.1064713,106.5,0.08180225,13.42,-360,0,13.07
"2026-07-22 17:30:00",2372,0.1057492,105.7,0.08115099,13.37,-360,0,13.07
"2026-07-22 18:00:00",2373,0.106283,106.3,0.08149497,13.34,-360,0,13
"2026-07-22 18:30:00",2374,0.1065752,106.6,0.08149399,13.23,-360,0,12.97
"2026-07-22 19:00:00",2375,0.1065121,106.5,0.08134453,13.19,-360,0,12.93
"2026-07-22 19:30:00",2376,0.1064117,106.4,0.08104002,13.08,-360,0,12.89
"2026-07-22 20:00:00",2377,0.1063408,106.3,0.08075192,12.97,-360,0,12.84
"2026-07-22 20:30:00",2378,0.1063746,106.4,0.08043323,12.81,-360,0,12.8
"2026-07-22 21:00:00",2379,0.1063816,106.4,0.08023699,12.71,-360,0,12.79
"2026-07-22 21:30:00",2380,0.1066094,106.6,0.08028183,12.65,-360,0,12.77
"2026-07-22 22:00:00",2381,0.1065908,106.6,0.08012616,12.59,-360,0,12.76
"2026-07-22 22:30:00",2382,0.1070249,107,0.08024286,12.49,-360,0,12.76
"2026-07-22 23:00:00",2383,0.1074862,107.5,0.08024617,12.33,-360,0,12.75
"2026-07-22 23:30:00",2384,0.1078546,107.9,0.08023773,12.2,-360,0,12.73
"2026-07-23 00:00:00",2385,0.1080651,108.1,0.08012769,12.07,-360,0,12.74
"2026-07-23 00:30:00",2386,0.1081641,108.2,0.07992131,11.94,-360,0,12.74
"2026-07-23 01:00:00",2387,0.1082556,108.3,0.0797227,11.82,-360,0,12.73
"2026-07-23 01:30:00",2388,0.1083411,108.3,0.07945541,11.67,-360,0,12.7
"2026-07-23 02:00:00",2389,0.1083897,108.4,0.07908399,11.48,-360,0,12.72
"2026-07-23 02:30:00",2390,0.1084724,108.5,0.07878899,11.32,-360,0,12.72
"2026-07-23 03:00:00",2391,0.1085975,108.6,0.07864202,11.21,-360,0,12.69
"2026-07-23 03:30:00",2392,0.1087139,108.7,0.07863855,11.17,-360,0,12.71
"2026-07-23 04:00:00",2393,0.1088349,108.8,0.07858918,11.1,-360,0,12.71
"2026-07-23 04:30:00",2394,0.1089355,108.9,0.07857492,11.06,-361.2,0,12.71
"2026-07-23 05:00:00",2395,0.109052,109.1,0.07857467,11.03,-361.2,0,12.69
"2026-07-23 05:30:00",2396,0.1091354,109.1,0.07862762,11.02,-361.2,0,12.7
"2026-07-23 06:00:00",2397,0.1091904,109.2,0.07871168,11.04,-361.2,0,12.7
"2026-07-23 06:30:00",2398,0.1092556,109.3,0.0787702,11.05,-361.2,0,12.68
"2026-07-23 07:00:00",2399,0.10929,109.3,0.07889192,11.09,-361.2,0,12.71
"2026-07-23 07:30:00",2400,0.1092775,109.3,0.0791151,11.2,-361.2,0,12.71
"2026-07-23 08:00:00",2401,0.1092197,109.2,0.07942205,11.36,-361.2,0,12.7
"2026-07-23 08:30:00",2402,0.1091978,109.2,0.07971942,11.5,-361.2,0,12.72
"2026-07-23 09:00:00",2403,0.1092033,109.2,0.07975494,11.52,-361.2,0,12.71
"2026-07-23 09:30:00",2404,0.1090909,109.1,0.07961074,11.49,-362.3,0,12.72
"2026-07-23 10:00:00",2405,0.1088942,108.9,0.07951881,11.51,-361.2,0,12.71
"2026-07-23 10:30:00",2406,0.1086448,108.6,0.07933526,11.51,-361.2,0,12.73
"2026-07-23 11:00:00",2407,0.1085747,108.6,0.07961836,11.67,-361.2,0,12.75
"2026-07-23 11:30:00",2408,0.1086196,108.6,0.07984709,11.76,-361.2,0,12.74
"2026-07-23 12:00:00",2409,0.1086547,108.7,0.0798872,11.76,-361.2,0,12.74
"2026-07-23 12:30:00",2410,0.1082839,108.3,0.07953518,11.73,-361.2,0,12.73
"2026-07-23 13:00:00",2411,0.1079431,107.9,0.07912587,11.65,-358.8,0,12.74
"2026-07-23 13:30:00",2412,0.1073036,107.3,0.07830661,11.49,-356.5,0,12.72
"2026-07-23 14:00:00",2413,0.1073395,107.3,0.07774971,11.22,-356.5,0,12.72
"2026-07-23 14:30:00",2414,0.1076625,107.7,0.07753159,11.01,-356.5,0,12.71
"2026-07-23 15:00:00",2415,0.1080155,108,0.07764616,10.94,-356.5,0,12.72
"2026-07-23 15:30:00",2416,0.108899,108.9,0.07819328,10.9,-356.5,0,12.72
"2026-07-23 16:00:00",2417,0.1097018,109.7,0.0782942,10.69,-356.5,0,12.7
"2026-07-23 16:30:00",2418,0.1098599,109.9,0.07783358,10.42,-356.5,0,12.7
"2026-07-23 17:00:00",2419,0.1100447,110,0.07744382,10.19,-356.5,0,12.69
"2026-07-23 17:30:00",2420,0.1101342,110.1,0.07702214,9.97,-356.5,0,12.69
"2026-07-23 18:00:00",2421,0.1098873,109.9,0.07625379,9.7,-356.5,0,12.67
"2026-07-23 18:30:00",2422,0.1098882,109.9,0.07574105,9.46,-355.4,0,12.68
"2026-07-23 19:00:00",2423,0.1094699,109.5,0.07456141,9.06,-355.4,0,12.68
"2026-07-23 19:30:00",2424,0.1087558,108.8,0.0726335,8.39,-353.1,0,12.66
"2026-07-23 20:00:00",2425,0.1082976,108.3,0.07115278,7.85,-351.9,0,12.67
"2026-07-23 20:30:00",2426,0.1077604,107.8,0.0698652,7.417,-349.6,0,12.66
"2026-07-23 21:00:00",2427,0.1073522,107.4,0.06908917,7.179,-347.3,0,12.64
"2026-07-23 21:30:00",2428,0.107229,107.2,0.06872707,7.047,-345,0,12.65
"2026-07-23 22:00:00",2429,0.1070827,107.1,0.06841485,6.945,-342.7,0,12.62
"2026-07-23 22:30:00",2430,0.1070429,107,0.06849765,6.995,-341.5,0,12.65
"2026-07-23 23:00:00",2431,0.10738,107.4,0.06936975,7.301,-339.2,0,12.64
"2026-07-23 23:30:00",2432,0.1077614,107.8,0.07026257,7.601,-338.1,0,12.64
"2026-07-24 00:00:00",2433,0.1075879,107.6,0.07037866,7.708,-338.1,0,12.64
"2026-07-24 00:30:00",2434,0.1071057,107.1,0.0699917,7.674,-336.9,0,12.6
"2026-07-24 01:00:00",2435,0.1066572,106.7,0.06954274,7.601,-336.9,0,12.63
"2026-07-24 01:30:00",2436,0.1062329,106.2,0.06926659,7.601,-335.8,0,12.61
"2026-07-24 02:00:00",2437,0.1058776,105.9,0.06906638,7.616,-335.8,0,12.63
"2026-07-24 02:30:00",2438,0.1055674,105.6,0.06879885,7.585,-334.6,0,12.63
"2026-07-24 03:00:00",2439,0.1052626,105.3,0.06858525,7.578,-334.6,0,12.61
"2026-07-24 03:30:00",2440,0.1052371,105.2,0.06855825,7.573,-333.5,0,12.62
"2026-07-24 04:00:00",2441,0.1051814,105.2,0.06847955,7.553,-333.5,0,12.63
"2026-07-24 04:30:00",2442,0.1050325,105,0.06827713,7.503,-332.3,0,12.62
"2026-07-24 05:00:00",2443,0.1048556,104.9,0.0681149,7.48,-332.3,0,12.61
"2026-07-24 05:30:00",2444,0.1047048,104.7,0.06802459,7.484,-331.2,0,12.62
"2026-07-24 06:00:00",2445,0.1044988,104.5,0.06789815,7.488,-331.2,0,12.6
"2026-07-24 06:30:00",2446,0.1044097,104.4,0.06789032,7.512,-331.2,0,12.63
"2026-07-24 07:00:00",2447,0.1044399,104.4,0.06816373,7.633,-331.2,0,12.63
"2026-07-24 07:30:00",2448,0.1043355,104.3,0.06837935,7.769,-328.8,0,12.62
"2026-07-24 08:00:00",2449,0.1041615,104.2,0.06853135,7.897,-328.8,0,12.62
"2026-07-24 08:30:00",2450,0.1040545,104.1,0.06874345,8.03,-327.7,0,12.66
"2026-07-24 09:00:00",2451,0.1037454,103.7,0.06885789,8.19,-327.7,0,12.68
"2026-07-24 09:30:00",2452,0.103629,103.6,0.06920335,8.39,-327.7,0,12.68
"2026-07-24 10:00:00",2453,0.1035459,103.5,0.06979086,8.7,-325.4,0,12.85
"2026-07-24 10:30:00",2454,0.1034022,103.4,0.07002418,8.86,-324.2,0,12.88
"2026-07-24 11:00:00",2455,0.1030553,103.1,0.07008734,9,-323.1,0,12.91
"2026-07-24 11:30:00",2456,0.1030609,103.1,0.07066791,9.28,-323.1,0,13.1
"2026-07-24 12:00:00",2457,0.1030924,103.1,0.07117507,9.52,-321.9,0,13.19
"2026-07-24 12:30:00",2458,0.1031697,103.2,0.07158648,9.69,-320.8,0,13.23
"2026-07-24 13:00:00",2459,0.1030582,103.1,0.07201983,9.94,-320.8,0,13.36
"2026-07-24 13:30:00",2460,0.1031331,103.1,0.07250399,10.15,-318.5,0,13.35
"2026-07-24 14:00:00",2461,0.1030274,103,0.07386862,10.85,-318.5,0,13.6
"2026-07-24 14:30:00",2462,0.1029922,103,0.07526149,11.54,-317.3,0,13.59
"2026-07-24 15:00:00",2463,0.1029081,102.9,0.07566849,11.77,-315,0,13.58
"2026-07-24 15:30:00",2464,0.1027269,102.7,0.07612815,12.05,-313.8,0,13.71
"2026-07-24 16:00:00",2465,0.1025282,102.5,0.07598247,12.05,-311.5,0,13.62
"2026-07-24 16:30:00",2466,0.1023398,102.3,0.07597253,12.12,-309.2,0,13.39
"2026-07-24 17:00:00",2467,0.1022517,102.3,0.07560444,11.97,-308.1,0,13.38
"2026-07-24 17:30:00",2468,0.1020965,102.1,0.07535931,11.91,-306.9,0,13.4
"2026-07-24 18:00:00",2469,0.1017985,101.8,0.07548624,12.08,-304.6,0,13.44
"2026-07-24 18:30:00",2470,0.1017675,101.8,0.07538314,12.04,-303.5,0,13.36
"2026-07-24 19:00:00",2471,0.1016439,101.6,0.07516337,11.97,-301.2,0,13.4
"2026-07-24 19:30:00",2472,0.1014839,101.5,0.07526648,12.08,-300,0,13.38
"2026-07-24 20:00:00",2473,0.1015421,101.5,0.07500371,11.93,-300,0,13.24
"2026-07-24 20:30:00",2474,0.1014453,101.4,0.07446463,11.7,-296.5,0,13.14
"2026-07-24 21:00:00",2475,0.1011781,101.2,0.07391821,11.53,-295.4,0,13.13
"2026-07-24 21:30:00",2476,0.100891,100.9,0.07337207,11.36,-293.1,0,13.08
"2026-07-24 22:00:00",2477,0.1006374,100.6,0.07278321,11.16,-290.8,0,13.04
"2026-07-24 22:30:00",2478,0.1003834,100.4,0.07228673,11.01,-289.6,0,13.05
"2026-07-24 23:00:00",2479,0.1000624,100.1,0.07180639,10.88,-286.2,0,13.03
"2026-07-24 23:30:00",2480,0.09969965,99.7,0.07130481,10.76,-282.7,0,13.02
"2026-07-25 00:00:00",2481,0.0992259,99.2,0.07070605,10.63,-279.2,0,13
"2026-07-25 00:30:00",2482,0.09886118,98.9,0.07017981,10.49,-276.9,0,12.99
"2026-07-25 01:00:00",2483,0.0984338,98.4,0.06966235,10.39,-273.5,0,12.96
"2026-07-25 01:30:00",2484,0.0980272,98,0.06918909,10.29,-270,0,12.97
"2026-07-25 02:00:00",2485,0.09769275,97.7,0.06873548,10.18,-267.7,0,12.97
"2026-07-25 02:30:00",2486,0.09721793,97.2,0.06821753,10.08,-264.2,0,12.93
"2026-07-25 03:00:00",2487,0.0967662,96.8,0.06769393,9.98,-261.9,0,12.94
"2026-07-25 03:30:00",2488,0.09656062,96.6,0.06735373,9.88,-258.5,0,12.93
"2026-07-25 04:00:00",2489,0.09640684,96.4,0.06711433,9.81,-255,0,12.92
"2026-07-25 04:30:00",2490,0.09633193,96.3,0.06687029,9.71,-252.7,0,12.92
"2026-07-25 05:00:00",2491,0.09626615,96.3,0.06661173,9.6,-249.2,0,12.91
"2026-07-25 05:30:00",2492,0.09615632,96.2,0.06644854,9.55,-245.8,0,12.91
"2026-07-25 06:00:00",2493,0.0961407,96.1,0.06642224,9.54,-244.6,0,12.89
"2026-07-25 06:30:00",2494,0.09612595,96.1,0.06634589,9.51,-240,0,12.89
"2026-07-25 07:00:00",2495,0.09618054,96.2,0.0664572,9.55,-237.7,0,12.89
"2026-07-25 07:30:00",2496,0.09613638,96.1,0.06656776,9.62,-234.2,0,12.86
"2026-07-25 08:00:00",2497,0.09618149,96.2,0.06682272,9.74,-231.9,0,12.88
"2026-07-25 08:30:00",2498,0.09630226,96.3,0.06717161,9.88,-228.5,0,12.87
"2026-07-25 09:00:00",2499,0.09626914,96.3,0.06750383,10.06,-226.2,0,12.87
"2026-07-25 09:30:00",2500,0.09633537,96.3,0.06797286,10.28,-222.7,0,12.9
"2026-07-25 10:00:00",2501,0.09636117,96.4,0.06845023,10.52,-220.4,0,12.9
"2026-07-25 10:30:00",2502,0.09638876,96.4,0.0689686,10.78,-218.1,0,12.87
"2026-07-25 11:00:00",2503,0.0965577,96.6,0.06954953,11.01,-216.9,0,12.92
"2026-07-25 11:30:00",2504,0.09662353,96.6,0.07004356,11.25,-213.5,0,13.03
"2026-07-25 12:00:00",2505,0.09688149,96.9,0.0707444,11.51,-211.2,0,13.25
"2026-07-25 12:30:00",2506,0.09696826,97,0.07130003,11.76,-210,0,13.36
"2026-07-25 13:00:00",2507,0.09702823,97,0.07182726,12.01,-208.8,0,13.45
"2026-07-25 13:30:00",2508,0.09711692,97.1,0.07234804,12.25,-207.7,0,13.54
"2026-07-25 14:00:00",2509,0.09723495,97.2,0.07280477,12.44,-206.5,0,13.51
"2026-07-25 14:30:00",2510,0.09738944,97.4,0.07323226,12.6,-206.5,0,13.45
"2026-07-25 15:00:00",2511,0.09743542,97.4,0.07347174,12.7,-204.2,0,13.44
"2026-07-25 15:30:00",2512,0.09740689,97.4,0.07348485,12.72,-204.2,0,13.43
"2026-07-25 16:00:00",2513,0.09746845,97.5,0.07365355,12.78,-203.1,0,13.4
"2026-07-25 16:30:00",2514,0.09738253,97.4,0.07362834,12.8,-203.1,0,13.41
"2026-07-25 17:00:00",2515,0.09740229,97.4,0.07359359,12.78,-203.1,0,13.4
"2026-07-25 17:30:00",2516,0.09741605,97.4,0.07355409,12.75,-203.1,0,13.37
"2026-07-25 18:00:00",2517,0.09745586,97.5,0.0734928,12.71,-203.1,0,13.39
"2026-07-25 18:30:00",2518,0.09760993,97.6,0.0734684,12.63,-203.1,0,13.39
"2026-07-25 19:00:00",2519,0.09781482,97.8,0.07349269,12.57,-203.1,0,13.37
"2026-07-25 19:30:00",2520,0.09795228,98,0.07332714,12.43,-203.1,0,13.39
"2026-07-25 20:00:00",2521,0.09805009,98.1,0.07302927,12.24,-204.2,0,13.3
"2026-07-25 20:30:00",2522,0.09811681,98.1,0.07261869,12.01,-204.2,0,13.17
"2026-07-25 21:00:00",2523,0.09817573,98.2,0.07216851,11.75,-204.2,0,13.08
"2026-07-25 21:30:00",2524,0.09816352,98.2,0.07171212,11.53,-204.2,0,13.05
"2026-07-25 22:00:00",2525,0.09820839,98.2,0.07127811,11.29,-204.2,0,13.02
"2026-07-25 22:30:00",2526,0.0983045,98.3,0.07095752,11.09,-204.2,0,13.02
"2026-07-25 23:00:00",2527,0.09837775,98.4,0.07064509,10.91,-204.2,0,13.01
"2026-07-25 23:30:00",2528,0.09842228,98.4,0.07038144,10.75,-204.2,0,12.98
"2026-07-26 00:00:00",2529,0.09847727,98.5,0.07013533,10.61,-204.2,0,12.98
"2026-07-26 00:30:00",2530,0.09856467,98.6,0.06989185,10.45,-204.2,0,12.97
"2026-07-26 01:00:00",2531,0.09907728,99.1,0.07009012,10.37,-204.2,0,12.94
"2026-07-26 01:30:00",2532,0.09994371,99.9,0.07077542,10.41,-204.2,0,12.94
"2026-07-26 02:00:00",2533,0.1006696,100.7,0.0713973,10.46,-204.2,0,12.92
"2026-07-26 02:30:00",2534,0.1012297,101.2,0.07186993,10.5,-204.2,0,12.89
"2026-07-26 03:00:00",2535,0.1015496,101.5,0.07215389,10.53,-204.2,0,12.9
"2026-07-26 03:30:00",2536,0.1017718,101.8,0.07235181,10.55,-204.2,0,12.87
"2026-07-26 04:00:00",2537,0.1017531,101.8,0.07229507,10.52,-204.2,0,12.87
"2026-07-26 04:30:00",2538,0.1016685,101.7,0.07214329,10.48,-204.2,0,12.86
"2026-07-26 05:00:00",2539,0.1016164,101.6,0.07206187,10.46,-204.2,0,12.85
"2026-07-26 05:30:00",2540,0.101571,101.6,0.07202998,10.46,-204.2,0,12.85
"2026-07-26 06:00:00",2541,0.1015873,101.6,0.07206288,10.47,-205.4,0,12.81
"2026-07-26 06:30:00",2542,0.1015446,101.5,0.07204778,10.48,-205.4,0,12.84
"2026-07-26 07:00:00",2543,0.1014515,101.5,0.07197382,10.47,-205.4,0,12.82
"2026-07-26 07:30:00",2544,0.1013914,101.4,0.07200988,10.51,-205.4,0,12.84
"2026-07-26 08:00:00",2545,0.1013348,101.3,0.0720485,10.55,-205.4,0,12.85
"2026-07-26 08:30:00",2546,0.1012738,101.3,0.07205311,10.57,-205.4,0,12.83
"2026-07-26 09:00:00",2547,0.101151,101.2,0.07214471,10.66,-206.5,0,12.87
"2026-07-26 09:30:00",2548,0.1011726,101.2,0.07239432,10.78,-207.7,0,12.88
"2026-07-26 10:00:00",2549,0.1011632,101.2,0.07263038,10.9,-207.7,0,12.9
"2026-07-26 10:30:00",2550,0.1013252,101.3,0.07276697,10.91,-208.8,0,12.89
"2026-07-26 11:00:00",2551,0.1014117,101.4,0.07280713,10.9,-208.8,0,12.85
"2026-07-26 11:30:00",2552,0.1015237,101.5,0.07291909,10.91,-208.8,0,12.87
"2026-07-26 12:00:00",2553,0.1011961,101.2,0.07280423,10.97,-208.8,0,12.88
"2026-07-26 12:30:00",2554,0.1005187,100.5,0.07210995,10.87,-208.8,0,12.87
"2026-07-26 13:00:00",2555,0.09974965,99.7,0.07087608,10.53,-208.8,0,12.87
"2026-07-26 13:30:00",2556,0.09907185,99.1,0.06968575,10.17,-208.8,0,12.86
"2026-07-26 14:00:00",2557,0.098862,98.9,0.06875389,9.77,-208.8,0,12.83
"2026-07-26 14:30:00",2558,0.09841354,98.4,0.06803403,9.57,-208.8,0,12.86
"2026-07-26 15:00:00",2559,0.09787939,97.9,0.06743208,9.45,-208.8,0,12.83
"2026-07-26 15:30:00",2560,0.09754718,97.5,0.06683089,9.26,-208.8,0,12.85
"2026-07-26 16:00:00",2561,0.09699778,97,0.06613093,9.09,-208.8,0,12.85
"2026-07-26 16:30:00",2562,0.09635263,96.4,0.06561896,9.05,-208.8,0,12.86
"2026-07-26 17:00:00",2563,0.09611007,96.1,0.0653372,8.99,-208.8,0,12.87
"2026-07-26 17:30:00",2564,0.0959713,96,0.06514852,8.94,-208.8,0,12.85
"2026-07-26 18:00:00",2565,0.09582974,95.8,0.0648334,8.83,-207.7,0,12.83
"2026-07-26 18:30:00",2566,0.09570356,95.7,0.0646342,8.77,-207.7,0,12.84
"2026-07-26 19:00:00",2567,0.09571671,95.7,0.06455757,8.72,-207.7,0,12.82
"2026-07-26 19:30:00",2568,0.09559746,95.6,0.06441335,8.69,-207.7,0,12.79
"2026-07-26 20:00:00",2569,0.09562708,95.6,0.06430586,8.62,-207.7,0,12.79
"2026-07-26 20:30:00",2570,0.09563127,95.6,0.06418896,8.56,-207.7,0,12.78
"2026-07-26 21:00:00",2571,0.09549741,95.5,0.06395141,8.48,-206.5,0,12.77
"2026-07-26 21:30:00",2572,0.09547652,95.5,0.06372575,8.37,-206.5,0,12.77
"2026-07-26 22:00:00",2573,0.09535026,95.4,0.06348738,8.29,-206.5,0,12.77
"2026-07-26 22:30:00",2574,0.09545702,95.5,0.06357475,8.3,-206.5,0,12.74
"2026-07-26 23:00:00",2575,0.09542079,95.4,0.06347419,8.26,-206.5,0,12.77
"2026-07-26 23:30:00",2576,0.09540759,95.4,0.06334583,8.2,-206.5,0,12.76
"2026-07-27 00:00:00",2577,0.09537799,95.4,0.06331701,8.19,-206.5,0,12.74
"2026-07-27 00:30:00",2578,0.09539966,95.4,0.06335444,8.2,-206.5,0,12.75
"2026-07-27 01:00:00",2579,0.09547187,95.5,0.06333966,8.17,-206.5,0,12.75
"2026-07-27 01:30:00",2580,0.09544057,95.4,0.06332561,8.18,-206.5,0,12.75
"2026-07-27 02:00:00",2581,0.09546408,95.5,0.06332815,8.17,-206.5,0,12.75
"2026-07-27 02:30:00",2582,0.09539075,95.4,0.06329732,8.18,-206.5,0,12.74
"2026-07-27 03:00:00",2583,0.0953971,95.4,0.06327528,8.16,-206.5,0,12.75
"2026-07-27 03:30:00",2584,0.0953699,95.4,0.06315348,8.11,-206.5,0,12.75
"2026-07-27 04:00:00",2585,0.09544829,95.4,0.06317469,8.09,-206.5,0,12.71
"2026-07-27 04:30:00",2586,0.09549368,95.5,0.06311104,8.04,-206.5,0,12.74
"2026-07-27 05:00:00",2587,0.0954831,95.5,0.06305566,8.02,-206.5,0,12.71
"2026-07-27 05:30:00",2588,0.09545607,95.5,0.06296319,7.98,-206.5,0,12.74
"2026-07-27 06:00:00",2589,0.09549933,95.5,0.06296832,7.968,-206.5,0,12.74
"2026-07-27 06:30:00",2590,0.09545488,95.5,0.06291498,7.955,-206.5,0,12.7
"2026-07-27 07:00:00",2591,0.09544938,95.4,0.06290852,7.954,-206.5,0,12.74
"2026-07-27 07:30:00",2592,0.09596476,96,0.06329218,7.977,-206.5,0,12.72
"2026-07-27 08:00:00",2593,0.09590207,95.9,0.06332429,8.02,-206.5,0,12.73
"2026-07-27 08:30:00",2594,0.09544122,95.4,0.06315348,8.09,-206.5,0,12.76
"2026-07-27 09:00:00",2595,0.09633953,96.3,0.06387217,8.15,-206.5,0,12.79
"2026-07-27 09:30:00",2596,0.09397747,94,0.06239002,8.19,-207.7,0,12.84
"2026-07-27 10:00:00",2597,0.09501535,95,0.06321626,8.27,-207.7,0,12.89
"2026-07-27 10:30:00",2598,0.09499063,95,0.06341615,8.38,-207.7,0,13.02
"2026-07-27 11:00:00",2599,0.09479836,94.8,0.06339398,8.44,-208.8,0,13.14
"2026-07-27 11:30:00",2600,0.09488972,94.9,0.06358378,8.5,-208.8,0,13.22
"2026-07-27 12:00:00",2601,0.09595052,96,0.06460018,8.66,-208.8,0,13.35
"2026-07-27 12:30:00",2602,0.09435872,94.4,0.06368719,8.75,-210,0,13.41
"2026-07-27 13:00:00",2603,0.09451484,94.5,0.06390754,8.81,-210,0,13.41
"2026-07-27 13:30:00",2604,0.09528191,95.3,0.06473071,8.97,-211.2,0,13.46
"2026-07-27 14:00:00",2605,0.09439368,94.4,0.06443886,9.13,-211.2,0,13.58
"2026-07-27 14:30:00",2606,0.09453535,94.5,0.06482236,9.28,-211.2,0,13.7
"2026-07-27 15:00:00",2607,0.09408306,94.1,0.06489287,9.49,-211.2,0,13.9
"2026-07-27 15:30:00",2608,0.0945609,94.6,0.06537735,9.57,-211.2,0,13.82
"2026-07-27 16:00:00",2609,0.09513724,95.1,0.06591259,9.64,-211.2,0,13.78
"2026-07-27 16:30:00",2610,0.09400295,94,0.06521712,9.69,-211.2,0,13.82
"2026-07-27 17:00:00",2611,0.09402049,94,0.06546981,9.82,-211.2,0,13.85
"2026-07-27 17:30:00",2612,0.09397257,94,0.06544653,9.82,-211.2,0,13.82
"2026-07-27 18:00:00",2613,0.09374215,93.7,0.06524586,9.8,-211.2,0,13.81
"2026-07-27 18:30:00",2614,0.09376948,93.8,0.06519482,9.76,-211.2,0,13.82
"2026-07-27 19:00:00",2615,0.09378663,93.8,0.0650787,9.7,-210,0,13.73
"2026-07-27 19:30:00",2616,0.0937381,93.7,0.06485421,9.59,-210,0,13.7
"2026-07-27 20:00:00",2617,0.09366009,93.7,0.0645727,9.47,-210,0,13.51
"2026-07-27 20:30:00",2618,0.09362625,93.6,0.06427106,9.32,-210,0,13.32
"2026-07-27 21:00:00",2619,0.09374093,93.7,0.06404243,9.16,-208.8,0,13.17
"2026-07-27 21:30:00",2620,0.09378855,93.8,0.06380203,9.01,-208.8,0,13.1
"2026-07-27 22:00:00",2621,0.09382334,93.8,0.06359518,8.89,-208.8,0,13.06
"2026-07-27 22:30:00",2622,0.09383204,93.8,0.06338515,8.78,-207.7,0,13.06
"2026-07-27 23:00:00",2623,0.09384476,93.8,0.06315591,8.65,-207.7,0,13.04
"2026-07-27 23:30:00",2624,0.09383221,93.8,0.0629651,8.55,-206.5,0,13.01
"2026-07-28 00:00:00",2625,0.09389617,93.9,0.06282332,8.45,-206.5,0,13.01
"2026-07-28 00:30:00",2626,0.09386878,93.9,0.06266593,8.38,-206.5,0,12.99
"2026-07-28 01:00:00",2627,0.09395285,94,0.06262872,8.33,-206.5,0,12.98
"2026-07-28 01:30:00",2628,0.09392124,93.9,0.06250063,8.27,-204.2,0,12.97
"2026-07-28 02:00:00",2629,0.09392652,93.9,0.06231607,8.17,-204.2,0,12.92
"2026-07-28 02:30:00",2630,0.09393518,93.9,0.06219493,8.11,-204.2,0,12.95
"2026-07-28 03:00:00",2631,0.09390559,93.9,0.06211687,8.07,-203.1,0,12.94
"2026-07-28 03:30:00",2632,0.09385372,93.9,0.06203536,8.05,-203.1,0,12.93
"2026-07-28 04:00:00",2633,0.0939045,93.9,0.06200325,8.01,-203.1,0,12.92
"2026-07-28 04:30:00",2634,0.09379149,93.8,0.06183792,7.966,-203.1,0,12.89
"2026-07-28 05:00:00",2635,0.09373488,93.7,0.06176323,7.946,-201.9,0,12.91
"2026-07-28 05:30:00",2636,0.0937881,93.8,0.06178755,7.94,-200.8,0,12.91
"2026-07-28 06:00:00",2637,0.09382769,93.8,0.06182435,7.946,-200.8,0,12.88
"2026-07-28 06:30:00",2638,0.09388059,93.9,0.06186195,7.947,-200.8,0,12.9
"2026-07-28 07:00:00",2639,0.09388316,93.9,0.06190604,7.97,-199.6,0,12.9
"2026-07-28 07:30:00",2640,0.09383702,93.8,0.06193037,7.999,-199.6,0,12.88
"2026-07-28 08:00:00",2641,0.09401126,94,0.06212331,8.04,-199.6,0,12.89
"2026-07-28 08:30:00",2642,0.09395891,94,0.06223122,8.12,-199.6,0,12.88
"2026-07-28 09:00:00",2643,0.09397565,94,0.06231993,8.16,-199.6,0,12.93
"2026-07-28 09:30:00",2644,0.09391404,93.9,0.06244107,8.24,-199.6,0,12.93
"2026-07-28 10:00:00",2645,0.09379237,93.8,0.06254947,8.34,-199.6,0,13.02
"2026-07-28 10:30:00",2646,0.09366398,93.7,0.06263187,8.43,-199.6,0,13.07
"2026-07-28 11:00:00",2647,0.09364197,93.6,0.06281222,8.54,-199.6,0,13.15
"2026-07-28 11:30:00",2648,0.09358799,93.6,0.06309026,8.71,-199.6,0,13.24
"2026-07-28 12:00:00",2649,0.09357448,93.6,0.06345394,8.91,-199.6,0,13.42
"2026-07-28 12:30:00",2650,0.09351586,93.5,0.06376155,9.09,-199.6,0,13.54
"2026-07-28 13:00:00",2651,0.09348822,93.5,0.06425016,9.36,-199.6,0,13.78
"2026-07-28 13:30:00",2652,0.09331879,93.3,0.0645282,9.57,-199.6,0,13.76
"2026-07-28 14:00:00",2653,0.09311257,93.1,0.06479184,9.79,-200.8,0,13.71
"2026-07-28 14:30:00",2654,0.09277698,92.8,0.06489957,9.98,-200.8,0,13.7
"2026-07-28 15:00:00",2655,0.09259737,92.6,0.06491629,10.05,-200.8,0,13.67
"2026-07-28 15:30:00",2656,0.09240889,92.4,0.06499365,10.17,-200.8,0,13.63
"2026-07-28 16:00:00",2657,0.0922445,92.2,0.06524949,10.37,-200.8,0,13.62
"2026-07-28 16:30:00",2658,0.09211653,92.1,0.06528983,10.44,-199.6,0,13.58
"2026-07-28 17:00:00",2659,0.09206986,92.1,0.06544656,10.54,-199.6,0,13.58
"2026-07-28 17:30:00",2660,0.09195486,92,0.0653693,10.54,-199.6,0,13.45
"2026-07-28 18:00:00",2661,0.09192027,91.9,0.06490584,10.31,-199.6,0,13.39
"2026-07-28 18:30:00",2662,0.09177126,91.8,0.06489833,10.36,-198.5,0,13.55
"2026-07-28 19:00:00",2663,0.0918034,91.8,0.06486294,10.33,-198.5,0,13.54
"2026-07-28 19:30:00",2664,0.09172761,91.7,0.0644938,10.16,-197.3,0,13.42
"2026-07-28 20:00:00",2665,0.09147505,91.5,0.06411037,10.04,-196.2,0,13.38
"2026-07-28 20:30:00",2666,0.09131262,91.3,0.06369815,9.88,-195,0,13.23
"2026-07-28 21:00:00",2667,0.09116042,91.2,0.06314287,9.63,-193.8,0,13.11
"2026-07-28 21:30:00",2668,0.09102315,91,0.0626674,9.42,-192.7,0,13.06
"2026-07-28 22:00:00",2669,0.09089286,90.9,0.06222143,9.23,-190.4,0,13.05
"2026-07-28 22:30:00",2670,0.09091457,90.9,0.06192194,9.06,-189.2,0,13.04
"2026-07-28 23:00:00",2671,0.09087153,90.9,0.06159071,8.89,-185.8,0,13.02
"2026-07-28 23:30:00",2672,0.0908283,90.8,0.06129769,8.74,-183.5,0,12.99
"2026-07-29 00:00:00",2673,0.09092078,90.9,0.06119615,8.65,-181.2,0,13
"2026-07-29 00:30:00",2674,0.09077721,90.8,0.06100032,8.6,-178.8,0,12.99
"2026-07-29 01:00:00",2675,0.09070074,90.7,0.06088683,8.56,-175.4,0,12.95
"2026-07-29 01:30:00",2676,0.09046504,90.5,0.06066467,8.53,-171.9,0,12.97
"2026-07-29 02:00:00",2677,0.09019771,90.2,0.06041336,8.49,-168.5,0,12.95
"2026-07-29 02:30:00",2678,0.0898955,89.9,0.06012887,8.44,-165,0,12.93
"2026-07-29 03:00:00",2679,0.0898582,89.9,0.06003499,8.41,-161.5,0,12.93
"2026-07-29 03:30:00",2680,0.09142085,91.4,0.06103615,8.38,-156.9,0,12.92
"2026-07-29 04:00:00",2681,0.09192618,91.9,0.06132786,8.36,-154.6,0,12.92
"2026-07-29 04:30:00",2682,0.09196242,92,0.06131021,8.33,-151.2,0,12.91
"2026-07-29 05:00:00",2683,0.09187181,91.9,0.06117826,8.3,-148.8,0,12.9
"2026-07-29 05:30:00",2684,0.0917136,91.7,0.06102518,8.27,-147.7,0,12.88
"2026-07-29 06:00:00",2685,0.09160813,91.6,0.06091649,8.25,-145.4,0,12.9
"2026-07-29 06:30:00",2686,0.09152397,91.5,0.06085114,8.24,-141.9,0,12.89
"2026-07-29 07:00:00",2687,0.09146427,91.5,0.06078499,8.23,-140.8,0,12.87
"2026-07-29 07:30:00",2688,0.09137848,91.4,0.06072596,8.23,-139.6,0,12.88
"2026-07-29 08:00:00",2689,0.09136334,91.4,0.06076285,8.25,-137.3,0,12.85
"2026-07-29 08:30:00",2690,0.09133191,91.3,0.06079961,8.28,-137.3,0,12.88
"2026-07-29 09:00:00",2691,0.09129133,91.3,0.06080715,8.3,-137.3,0,12.87
"2026-07-29 09:30:00",2692,0.09122298,91.2,0.06080049,8.33,-136.2,0,12.87
"2026-07-29 10:00:00",2693,0.09117913,91.2,0.06078606,8.33,-135,0,12.87
"2026-07-29 10:30:00",2694,0.09103617,91,0.06070007,8.34,-135,0,12.86
"2026-07-29 11:00:00",2695,0.09084204,90.8,0.06062432,8.37,-135,0,12.87
"2026-07-29 11:30:00",2696,0.09071232,90.7,0.06056244,8.38,-135,0,12.87
"2026-07-29 12:00:00",2697,0.09054705,90.5,0.06045931,8.39,-135,0,12.87
"2026-07-29 12:30:00",2698,0.09037958,90.4,0.06030279,8.36,-135,0,12.87
"2026-07-29 13:00:00",2699,0.09008608,90.1,0.06007705,8.34,-135,0,12.87
"2026-07-29 13:30:00",2700,0.08979793,89.8,0.05985269,8.33,-136.2,0,12.84
"2026-07-29 14:00:00",2701,0.08969723,89.7,0.05978348,8.33,-136.2,0,12.86
"2026-07-29 14:30:00",2702,0.08973942,89.7,0.05979255,8.31,-136.2,0,12.83
"2026-07-29 15:00:00",2703,0.08969251,89.7,0.05978333,8.33,-136.2,0,12.86
"2026-07-29 15:30:00",2704,0.08927163,89.3,0.05942729,8.28,-136.2,0,12.85
"2026-07-29 16:00:00",2705,0.08879136,88.8,0.05903537,8.24,-136.2,0,12.82
"2026-07-29 16:30:00",2706,0.08867189,88.7,0.05890536,8.22,-136.2,0,12.83
"2026-07-29 17:00:00",2707,0.08848819,88.5,0.0587411,8.19,-136.2,0,12.85
"2026-07-29 17:30:00",2708,0.08829425,88.3,0.05854385,8.15,-137.3,0,12.83
"2026-07-29 18:00:00",2709,0.08806264,88.1,0.05835059,8.13,-137.3,0,12.82
"2026-07-29 18:30:00",2710,0.08790296,87.9,0.05823252,8.12,-137.3,0,12.83
"2026-07-29 19:00:00",2711,0.08748323,87.5,0.05794398,8.12,-138.5,0,12.81
"2026-07-29 19:30:00",2712,0.08723594,87.2,0.05766601,8.05,-138.5,0,12.82
"2026-07-29 20:00:00",2713,0.08714902,87.1,0.05754014,8.01,-138.5,0,12.82
"2026-07-29 20:30:00",2714,0.08692232,86.9,0.05732406,7.974,-137.3,0,12.79
"2026-07-29 21:00:00",2715,0.08690128,86.9,0.05725472,7.942,-137.3,0,12.81
"2026-07-29 21:30:00",2716,0.08680146,86.8,0.05711725,7.901,-137.3,0,12.78
"2026-07-29 22:00:00",2717,0.08669566,86.7,0.05697857,7.861,-137.3,0,12.81
"2026-07-29 22:30:00",2718,0.08655023,86.6,0.05680911,7.819,-137.3,0,12.77
"2026-07-29 23:00:00",2719,0.0864322,86.4,0.05666551,7.78,-137.3,0,12.79
"2026-07-29 23:30:00",2720,0.08624797,86.2,0.05648058,7.743,-135,0,12.79
"2026-07-30 00:00:00",2721,0.08612431,86.1,0.05633404,7.705,-133.8,0,12.76
"2026-07-30 00:30:00",2722,0.08616792,86.2,0.05631391,7.677,-133.8,0,12.79
"2026-07-30 01:00:00",2723,0.08627124,86.3,0.05635282,7.66,-131.5,0,12.78
"2026-07-30 01:30:00",2724,0.08636686,86.4,0.05638766,7.644,-130.4,0,12.76
"2026-07-30 02:00:00",2725,0.08646502,86.5,0.05641847,7.625,-128.1,0,12.78
"2026-07-30 02:30:00",2726,0.08642723,86.4,0.05634888,7.599,-126.9,0,12.77
"2026-07-30 03:00:00",2727,0.08652284,86.5,0.05637382,7.577,-123.5,0,12.75
"2026-07-30 03:30:00",2728,0.08653373,86.5,0.05636578,7.569,-121.2,0,12.75
"2026-07-30 04:00:00",2729,0.08647083,86.5,0.05627504,7.54,-120,0,12.77
"2026-07-30 04:30:00",2730,0.08646364,86.5,0.05620649,7.503,-116.5,0,12.74
"2026-07-30 05:00:00",2731,0.08656958,86.6,0.05625718,7.492,-113.1,0,12.77
"2026-07-30 05:30:00",2732,0.08673666,86.7,0.05636346,7.491,-110.8,0,12.76
"2026-07-30 06:00:00",2733,0.08709611,87.1,0.05662803,7.509,-109.6,0,12.73
"2026-07-30 06:30:00",2734,0.08742201,87.4,0.05690935,7.549,-106.2,0,12.76
"2026-07-30 07:00:00",2735,0.08755149,87.6,0.05705078,7.581,-103.8,0,12.75
"2026-07-30 07:30:00",2736,0.08746542,87.5,0.05702055,7.596,-102.7,0,12.73
"2026-07-30 08:00:00",2737,0.08757375,87.6,0.0571508,7.63,-100.4,0,12.75
"2026-07-30 08:30:00",2738,0.08763696,87.6,0.05727959,7.68,-99.2,0,12.73
"2026-07-30 09:00:00",2739,0.08748918,87.5,0.05724999,7.718,-96.9,0,12.78
"2026-07-30 09:30:00",2740,0.08725193,87.3,0.05710019,7.721,-95.8,0,12.8
"2026-07-30 10:00:00",2741,0.08691292,86.9,0.05699555,7.789,-95.8,0,12.79
"2026-07-30 10:30:00",2742,0.08707405,87.1,0.05725177,7.875,-94.6,0,12.81
"2026-07-30 11:00:00",2743,0.08720051,87.2,0.0574493,7.941,-94.6,0,12.85
"2026-07-30 11:30:00",2744,0.08709249,87.1,0.05756104,8.05,-94.6,0,12.9
"2026-07-30 12:00:00",2745,0.08678979,86.8,0.0576188,8.19,-94.6,0,13.28
"2026-07-30 12:30:00",2746,0.08623566,86.2,0.05735325,8.25,-94.6,0,13.47
"2026-07-30 13:00:00",2747,0.08576809,85.8,0.05722248,8.36,-95.8,0,13.57
"2026-07-30 13:30:00",2748,0.08538932,85.4,0.05718814,8.49,-95.8,0,13.65
"2026-07-30 14:00:00",2749,0.08520617,85.2,0.05730953,8.63,-95.8,0,13.63
"2026-07-30 14:30:00",2750,0.08525954,85.3,0.05763952,8.8,-96.9,0,13.63
"2026-07-30 15:00:00",2751,0.08533093,85.3,0.057972,8.97,-98.1,0,13.61
"2026-07-30 15:30:00",2752,0.08538638,85.4,0.05826617,9.12,-99.2,0,13.6
"2026-07-30 16:00:00",2753,0.08522411,85.2,0.05836428,9.24,-100.4,0,13.55
"2026-07-30 16:30:00",2754,0.08477653,84.8,0.05814227,9.29,-101.5,0,13.56
"2026-07-30 17:00:00",2755,0.08439342,84.4,0.05788781,9.3,-103.8,0,13.52
"2026-07-30 17:30:00",2756,0.08432289,84.3,0.05785146,9.3,-105,0,13.52
"2026-07-30 18:00:00",2757,0.0843375,84.3,0.0579001,9.33,-106.2,0,13.48
"2026-07-30 18:30:00",2758,0.08413649,84.1,0.05771897,9.3,-109.6,0,13.49
"2026-07-30 19:00:00",2759,0.08400687,84,0.05755529,9.26,-109.6,0,13.47
"2026-07-30 19:30:00",2760,0.08376966,83.8,0.0572763,9.19,-110.8,0,13.45
"2026-07-30 20:00:00",2761,0.08357592,83.6,0.05698102,9.09,-111.9,0,13.37
"2026-07-30 20:30:00",2762,0.08342062,83.4,0.0566875,8.98,-114.2,0,13.2
"2026-07-30 21:00:00",2763,0.08328648,83.3,0.05639837,8.86,-116.5,0,13.12
"2026-07-30 21:30:00",2764,0.08327181,83.3,0.0561793,8.73,-117.7,0,13.07
"2026-07-30 22:00:00",2765,0.08326248,83.3,0.05602287,8.64,-118.8,0,13.04
"2026-07-30 22:30:00",2766,0.08330683,83.3,0.05592002,8.56,-121.2,0,13.05
"2026-07-30 23:00:00",2767,0.08333793,83.3,0.05582046,8.49,-122.3,0,13.03
"2026-07-30 23:30:00",2768,0.08338771,83.4,0.05573753,8.42,-124.6,0,13
"2026-07-31 00:00:00",2769,0.08340181,83.4,0.05563174,8.35,-126.9,0,13.01
"2026-07-31 00:30:00",2770,0.08350573,83.5,0.05559582,8.29,-129.2,0,12.99
"2026-07-31 01:00:00",2771,0.08362348,83.6,0.05556486,8.22,-130.4,0,12.96
"2026-07-31 01:30:00",2772,0.08374636,83.7,0.05557559,8.18,-132.7,0,12.97
"2026-07-31 02:00:00",2773,0.08428182,84.3,0.05593936,8.19,-133.8,0,12.94
"2026-07-31 02:30:00",2774,0.08466706,84.7,0.05625755,8.22,-136.2,0,12.91
"2026-07-31 03:00:00",2775,0.08475862,84.8,0.05625701,8.19,-138.5,0,12.92
"2026-07-31 03:30:00",2776,0.08479592,84.8,0.0561916,8.13,-139.6,0,12.88
"2026-07-31 04:00:00",2777,0.08497492,85,0.05630078,8.13,-143.1,0,12.89
"2026-07-31 04:30:00",2778,0.08519021,85.2,0.05644201,8.13,-144.2,0,12.86
"2026-07-31 05:00:00",2779,0.0849373,84.9,0.05620334,8.09,-145.4,0,12.87
"2026-07-31 05:30:00",2780,0.08468259,84.7,0.05594435,8.03,-147.7,0,12.84
"2026-07-31 06:00:00",2781,0.08469451,84.7,0.05591761,8.01,-148.8,0,12.86
"2026-07-31 06:30:00",2782,0.08489875,84.9,0.05609426,8.04,-150,0,12.82
"2026-07-31 07:00:00",2783,0.08512636,85.1,0.05632224,8.08,-152.3,0,12.86
"2026-07-31 07:30:00",2784,0.08498941,85,0.05630136,8.12,-153.5,0,12.85
"2026-07-31 08:00:00",2785,0.08498514,85,0.05642781,8.2,-155.8,0,12.83
"2026-07-31 08:30:00",2786,0.08503919,85,0.05672348,8.35,-156.9,0,12.87
"2026-07-31 09:00:00",2787,0.08502778,85,0.05696175,8.5,-158.1,0,12.85
"2026-07-31 09:30:00",2788,0.08495481,85,0.05700967,8.55,-159.2,0,12.88
"2026-07-31 10:00:00",2789,0.08476341,84.8,0.05725401,8.77,-160.4,0,12.89
"2026-07-31 10:30:00",2790,0.08437826,84.4,0.05732268,8.97,-161.5,0,12.91
"2026-07-31 11:00:00",2791,0.08408141,84.1,0.05745852,9.17,-162.7,0,12.95
"2026-07-31 11:30:00",2792,0.08413181,84.1,0.05784721,9.38,-165,0,13.07
"2026-07-31 12:00:00",2793,0.08437297,84.4,0.05837677,9.59,-166.2,0,13.34
"2026-07-31 12:30:00",2794,0.08448552,84.5,0.05875849,9.77,-167.3,0,13.5
"2026-07-31 13:00:00",2795,0.08404537,84,0.05873742,9.94,-169.6,0,13.63
"2026-07-31 13:30:00",2796,0.08374846,83.7,0.05875637,10.08,-170.8,0,13.59
"2026-07-31 14:00:00",2797,0.08334087,83.3,0.05866626,10.2,-170.8,0,13.56
"2026-07-31 14:30:00",2798,0.08298697,83,0.05856306,10.28,-173.1,0,13.52
"2026-07-31 15:00:00",2799,0.08284654,82.8,0.05859339,10.36,-174.2,0,13.47
"2026-07-31 15:30:00",2800,0.08259914,82.6,0.05853335,10.43,-174.2,0,13.49
"2026-07-31 16:00:00",2801,0.08257177,82.6,0.05853744,10.45,-176.5,0,13.48
"2026-07-31 16:30:00",2802,0.08239841,82.4,0.05855241,10.53,-178.8,0,13.42
"2026-07-31 17:00:00",2803,0.08243328,82.4,0.05869693,10.6,-178.8,0,13.43
"2026-07-31 17:30:00",2804,0.08244374,82.4,0.05864267,10.57,-180,0,13.37
"2026-07-31 18:00:00",2805,0.08260317,82.6,0.05882211,10.61,-182.3,0,13.38
"2026-07-31 18:30:00",2806,0.08256431,82.6,0.05868983,10.54,-183.5,0,13.42
"2026-07-31 19:00:00",2807,0.08244227,82.4,0.058432,10.44,-183.5,0,13.31
"2026-07-31 19:30:00",2808,0.08249004,82.5,0.05824273,10.3,-184.6,0,13.29
"2026-07-31 20:00:00",2809,0.08251693,82.5,0.05822531,10.28,-185.8,0,13.44
"2026-07-31 20:30:00",2810,0.08232812,82.3,0.05789053,10.16,-186.9,0,13.11
"2026-07-31 21:00:00",2811,0.08239421,82.4,0.05752064,9.91,-188.1,0,13.06
"2026-07-31 21:30:00",2812,0.08234134,82.3,0.05727609,9.78,-188.1,0,13.04
"2026-07-31 22:00:00",2813,0.08225846,82.3,0.05704711,9.68,-190.4,0,13.02
"2026-07-31 22:30:00",2814,0.08234464,82.3,0.05698991,9.6,-190.4,0,12.99
"2026-07-31 23:00:00",2815,0.08241089,82.4,0.05700434,9.59,-191.5,0,13
"2026-07-31 23:30:00",2816,0.08270237,82.7,0.05719673,9.58,-192.7,0,12.98
"2026-08-01 00:00:00",2817,0.08304673,83,0.0575147,9.63,-193.8,0,12.96
"2026-08-01 00:30:00",2818,0.08343216,83.4,0.05790181,9.7,-195,0,12.96
"2026-08-01 01:00:00",2819,0.08358259,83.6,0.05809081,9.75,-196.2,0,12.92
"2026-08-01 01:30:00",2820,0.08358106,83.6,0.05809574,9.75,-197.3,0,12.94
"2026-08-01 02:00:00",2821,0.0836117,83.6,0.05811746,9.75,-198.5,0,12.94
"2026-08-01 02:30:00",2822,0.08383,83.8,0.05822124,9.73,-199.6,0,12.89
"2026-08-01 03:00:00",2823,0.08400392,84,0.05829321,9.7,-199.6,0,12.92
"2026-08-01 03:30:00",2824,0.08434106,84.3,0.05845209,9.65,-201.9,0,12.88
"2026-08-01 04:00:00",2825,0.08435791,84.4,0.05840834,9.62,-201.9,0,12.9
"2026-08-01 04:30:00",2826,0.08435642,84.4,0.05830527,9.56,-203.1,0,12.89
"2026-08-01 05:00:00",2827,0.08440158,84.4,0.05818496,9.47,-204.2,0,12.87
"2026-08-01 05:30:00",2828,0.08445869,84.5,0.05820651,9.46,-204.2,0,12.88
"2026-08-01 06:00:00",2829,0.08458242,84.6,0.05831694,9.47,-205.4,0,12.87
"2026-08-01 06:30:00",2830,0.0849478,84.9,0.05854191,9.46,-205.4,0,12.83
"2026-08-01 07:00:00",2831,0.08497706,85,0.05857737,9.47,-207.7,0,12.86
"2026-08-01 07:30:00",2832,0.08515844,85.2,0.05878638,9.52,-208.8,0,12.84
"2026-08-01 08:00:00",2833,0.08553226,85.5,0.05923548,9.63,-208.8,0,12.85
"2026-08-01 08:30:00",2834,0.08579174,85.8,0.05985552,9.88,-210,0,12.83
"2026-08-01 09:00:00",2835,0.08614413,86.1,0.06051646,10.13,-211.2,0,12.88
"2026-08-01 09:30:00",2836,0.08640787,86.4,0.06086919,10.22,-212.3,0,12.88
"2026-08-01 10:00:00",2837,0.08673545,86.7,0.06123744,10.3,-212.3,0,12.88
"2026-08-01 10:30:00",2838,0.08674069,86.7,0.06148003,10.44,-213.5,0,12.93
"2026-08-01 11:00:00",2839,0.08683133,86.8,0.06208146,10.75,-214.6,0,13
"2026-08-01 11:30:00",2840,0.08703811,87,0.06254093,10.93,-215.8,0,13.1
"2026-08-01 12:00:00",2841,0.08712914,87.1,0.06265673,10.96,-215.8,0,13.1
"2026-08-01 12:30:00",2842,0.08656641,86.6,0.06260896,11.16,-216.9,0,13.22
"2026-08-01 13:00:00",2843,0.08603638,86,0.06245814,11.3,-216.9,0,13.27
"2026-08-01 13:30:00",2844,0.08539733,85.4,0.06162755,11.08,-218.1,0,13.08
"2026-08-01 14:00:00",2845,0.08503387,85,0.06111228,10.93,-219.2,0,13.05
"2026-08-01 14:30:00",2846,0.0846998,84.7,0.06080033,10.89,-219.2,0,13.01
"2026-08-01 15:00:00",2847,0.08467819,84.7,0.0606228,10.8,-219.2,0,12.99
"2026-08-01 15:30:00",2848,0.08481789,84.8,0.0608109,10.85,-221.5,0,13
"2026-08-01 16:00:00",2849,0.08492884,84.9,0.06087957,10.84,-221.5,0,13.01
"2026-08-01 16:30:00",2850,0.08486535,84.9,0.06095636,10.91,-221.5,0,13.03
"2026-08-01 17:00:00",2851,0.08487011,84.9,0.06096981,10.92,-222.7,0,13.02
"2026-08-01 17:30:00",2852,0.08506118,85.1,0.06102115,10.87,-223.8,0,13.02
"2026-08-01 18:00:00",2853,0.08513677,85.1,0.06111343,10.89,-225,0,13
"2026-08-01 18:30:00",2854,0.08513019,85.1,0.06119231,10.94,-225,0,13.07
"2026-08-01 19:00:00",2855,0.08511741,85.1,0.06128966,11,-226.2,0,13.05
"2026-08-01 19:30:00",2856,0.08528255,85.3,0.06138803,10.99,-226.2,0,13.03
"2026-08-01 20:00:00",2857,0.08524362,85.2,0.06131103,10.96,-227.3,0,12.95
"2026-08-01 20:30:00",2858,0.08506455,85.1,0.06083239,10.76,-227.3,0,12.9
"2026-08-01 21:00:00",2859,0.08487203,84.9,0.06039631,10.58,-226.2,0,12.91
"2026-08-01 21:30:00",2860,0.08528638,85.3,0.0605815,10.52,-225,0,12.89
"2026-08-01 22:00:00",2861,0.08528528,85.3,0.06040889,10.42,-225,0,12.86
"2026-08-01 22:30:00",2862,0.08491911,84.9,0.05994811,10.3,-226.2,0,12.87
"2026-08-01 23:00:00",2863,0.08464185,84.6,0.05954038,10.17,-226.2,0,12.86
"2026-08-01 23:30:00",2864,0.08460461,84.6,0.05932051,10.06,-226.2,0,12.83
"2026-08-02 00:00:00",2865,0.08450655,84.5,0.05909745,9.97,-226.2,0,12.85
"2026-08-02 00:30:00",2866,0.08479755,84.8,0.0592222,9.92,-226.2,0,12.84
"2026-08-02 01:00:00",2867,0.0849537,85,0.0593737,9.94,-226.2,0,12.81
"2026-08-02 01:30:00",2868,0.08520678,85.2,0.05964306,10,-226.2,0,12.83
"2026-08-02 02:00:00",2869,0.08554292,85.5,0.05999196,10.07,-227.3,0,12.83
"2026-08-02 02:30:00",2870,0.08583072,85.8,0.06027605,10.11,-227.3,0,12.82
"2026-08-02 03:00:00",2871,0.0861038,86.1,0.06053353,10.15,-227.3,0,12.81
"2026-08-02 03:30:00",2872,0.08633477,86.3,0.06076385,10.19,-227.3,0,12.81
"2026-08-02 04:00:00",2873,0.08649597,86.5,0.06092232,10.22,-228.5,0,12.81
"2026-08-02 04:30:00",2874,0.08680688,86.8,0.06114189,10.22,-228.5,0,12.79
"2026-08-02 05:00:00",2875,0.08710643,87.1,0.06135875,10.22,-228.5,0,12.81
"2026-08-02 05:30:00",2876,0.08740261,87.4,0.06157864,10.23,-228.5,0,12.78
"2026-08-02 06:00:00",2877,0.08740812,87.4,0.06163896,10.26,-228.5,0,12.8
"2026-08-02 06:30:00",2878,0.08744907,87.4,0.06168469,10.27,-228.5,0,12.8
"2026-08-02 07:00:00",2879,0.08757792,87.6,0.06172968,10.24,-228.5,0,12.77
"2026-08-02 07:30:00",2880,0.08736747,87.4,0.06154442,10.22,-228.5,0,12.8
"2026-08-02 08:00:00",2881,0.08722416,87.2,0.06140367,10.2,-227.3,0,12.79
"2026-08-02 08:30:00",2882,0.08733121,87.3,0.06145719,10.19,-227.3,0,12.76
"2026-08-02 09:00:00",2883,0.08709796,87.1,0.06126774,10.17,-226.2,0,12.79
"2026-08-02 09:30:00",2884,0.08695411,87,0.06112953,10.15,-226.2,0,12.76
"2026-08-02 10:00:00",2885,0.08663101,86.6,0.06086819,10.13,-225,0,12.79
"2026-08-02 10:30:00",2886,0.08638813,86.4,0.06065464,10.11,-223.8,0,12.78
"2026-08-02 11:00:00",2887,0.08639363,86.4,0.06063895,10.09,-223.8,0,12.79
"2026-08-02 11:30:00",2888,0.08641289,86.4,0.06075691,10.16,-222.7,0,12.81
"2026-08-02 12:00:00",2889,0.08653315,86.5,0.06094377,10.21,-222.7,0,12.8
"2026-08-02 12:30:00",2890,0.08657894,86.6,0.06103501,10.25,-221.5,0,12.81
"2026-08-02 13:00:00",2891,0.08646671,86.5,0.06105964,10.31,-221.5,0,12.79
"2026-08-02 13:30:00",2892,0.08651447,86.5,0.06114587,10.34,-221.5,0,12.81
"2026-08-02 14:00:00",2893,0.08635353,86.4,0.06098624,10.31,-218.1,0,12.79
"2026-08-02 14:30:00",2894,0.08623098,86.2,0.06095539,10.34,-218.1,0,12.79
"2026-08-02 15:00:00",2895,0.08681808,86.8,0.06151012,10.42,-218.1,0,12.81
"2026-08-02 15:30:00",2896,0.08695915,87,0.06162729,10.43,-216.9,0,12.78
"2026-08-02 16:00:00",2897,0.08680562,86.8,0.06169073,10.53,-216.9,0,12.83
"2026-08-02 16:30:00",2898,0.08681373,86.8,0.06190628,10.65,-216.9,0,13.01
"2026-08-02 17:00:00",2899,0.08668794,86.7,0.06197923,10.75,-215.8,0,13.06
"2026-08-02 17:30:00",2900,0.08666385,86.7,0.06224045,10.91,-214.6,0,13.27
"2026-08-02 18:00:00",2901,0.08676688,86.8,0.06217118,10.83,-214.6,0,13.22
"2026-08-02 18:30:00",2902,0.08680663,86.8,0.0621887,10.82,-213.5,0,13.1
"2026-08-02 19:00:00",2903,0.08688951,86.9,0.06216805,10.77,-213.5,0,13.07
"2026-08-02 19:30:00",2904,0.08691023,86.9,0.0621935,10.78,-212.3,0,13.09
"2026-08-02 20:00:00",2905,0.08707345,87.1,0.06217863,10.7,-211.2,0,12.98
"2026-08-02 20:30:00",2906,0.0872915,87.3,0.0621811,10.62,-210,0,12.91
"2026-08-02 21:00:00",2907,0.087327,87.3,0.06207102,10.54,-208.8,0,12.88
"2026-08-02 21:30:00",2908,0.08737188,87.4,0.06195217,10.45,-207.7,0,12.85
"2026-08-02 22:00:00",2909,0.08756606,87.6,0.06189863,10.34,-206.5,0,12.83
"2026-08-02 22:30:00",2910,0.08768822,87.7,0.06180067,10.24,-206.5,0,12.82
"2026-08-02 23:00:00",2911,0.0876895,87.7,0.0616593,10.16,-206.5,0,12.77
"2026-08-02 23:30:00",2912,0.08770978,87.7,0.06156349,10.1,-204.2,0,12.8
"2026-08-03 00:00:00",2913,0.08774899,87.7,0.0615796,10.09,-203.1,0,12.79
"2026-08-03 00:30:00",2914,0.08808067,88.1,0.06188889,10.13,-203.1,0,12.77
"2026-08-03 01:00:00",2915,0.08835525,88.4,0.06217818,10.19,-200.8,0,12.78
"2026-08-03 01:30:00",2916,0.08834805,88.3,0.06219579,10.2,-199.6,0,12.78
"2026-08-03 02:00:00",2917,0.08844645,88.4,0.06221388,10.17,-198.5,0,12.75
"2026-08-03 02:30:00",2918,0.08835588,88.4,0.06204787,10.11,-196.2,0,12.77
"2026-08-03 03:00:00",2919,0.08836654,88.4,0.06193728,10.05,-196.2,0,12.77
"2026-08-03 03:30:00",2920,0.08834906,88.3,0.06184038,10,-195,0,12.75
"2026-08-03 04:00:00",2921,0.08848619,88.5,0.06186091,9.96,-193.8,0,12.77
"2026-08-03 04:30:00",2922,0.08832506,88.3,0.06168307,9.92,-193.8,0,12.77
"2026-08-03 05:00:00",2923,0.08840988,88.4,0.06168391,9.89,-192.7,0,12.76
"2026-08-03 05:30:00",2924,0.08863149,88.6,0.06183644,9.88,-192.7,0,12.7
"2026-08-03 06:00:00",2925,0.0885969,88.6,0.06182932,9.89,-192.7,0,12.68
"2026-08-03 06:30:00",2926,0.08893012,88.9,0.06210443,9.92,-192.7,0,12.72
"2026-08-03 07:00:00",2927,0.08912032,89.1,0.06234541,9.98,-191.5,0,12.73
"2026-08-03 07:30:00",2928,0.08954732,89.5,0.06274135,10.03,-191.5,0,12.71
"2026-08-03 08:00:00",2929,0.08978964,89.8,0.0630193,10.09,-190.4,0,12.71
"2026-08-03 08:30:00",2930,0.0901758,90.2,0.0634082,10.16,-190.4,0,12.73
"2026-08-03 09:00:00",2931,0.09050176,90.5,0.06381889,10.26,-190.4,0,12.72
"2026-08-03 09:30:00",2932,0.09074972,90.7,0.06423898,10.39,-190.4,0,12.77
"2026-08-03 10:00:00",2933,0.09076874,90.8,0.06449662,10.53,-190.4,0,12.75
"2026-08-03 10:30:00",2934,0.09058841,90.6,0.06484662,10.79,-190.4,0,12.76
"2026-08-03 11:00:00",2935,0.09072079,90.7,0.06533823,11.01,-190.4,0,12.9
"2026-08-03 11:30:00",2936,0.09105413,91.1,0.06603958,11.26,-190.4,0,13.07
"2026-08-03 12:00:00",2937,0.09104572,91,0.06608527,11.29,-190.4,0,13.15
"2026-08-03 12:30:00",2938,0.09096859,91,0.06610523,11.33,-190.4,0,13.04
"2026-08-03 13:00:00",2939,0.09072565,90.7,0.06574936,11.24,-191.5,0,12.91
"2026-08-03 13:30:00",2940,0.09053669,90.5,0.06542622,11.13,-191.5,0,12.91
"2026-08-03 14:00:00",2941,0.09035133,90.4,0.0652935,11.13,-191.5,0,12.85
"2026-08-03 14:30:00",2942,0.09029334,90.3,0.06513759,11.07,-191.5,0,12.84
"2026-08-03 15:00:00",2943,0.09013566,90.1,0.06498384,11.05,-191.5,0,12.81
"2026-08-03 15:30:00",2944,0.0901159,90.1,0.06488726,11,-193.8,0,12.81
"2026-08-03 16:00:00",2945,0.08980803,89.8,0.06457779,10.95,-193.8,0,12.78
"2026-08-03 16:30:00",2946,0.08938129,89.4,0.0642998,10.97,-193.8,0,12.8
"2026-08-03 17:00:00",2947,0.08925068,89.3,0.06409404,10.91,-195,0,12.79
"2026-08-03 17:30:00",2948,0.08918341,89.2,0.06392546,10.84,-195,0,12.78
"2026-08-03 18:00:00",2949,0.08898397,89,0.06372411,10.81,-195,0,12.77
"2026-08-03 18:30:00",2950,0.08878067,88.8,0.06376306,10.91,-196.2,0,12.87
"2026-08-03 19:00:00",2951,0.08864952,88.6,0.06367556,10.91,-197.3,0,12.84
"2026-08-03 19:30:00",2952,0.08837619,88.4,0.06349068,10.92,-197.3,0,12.87
"2026-08-03 20:00:00",2953,0.08828253,88.3,0.0633885,10.9,-198.5,0,12.83
"2026-08-03 20:30:00",2954,0.08812895,88.1,0.06323533,10.88,-199.6,0,12.81
"2026-08-03 21:00:00",2955,0.08795504,88,0.06312635,10.89,-200.8,0,12.78
"2026-08-03 21:30:00",2956,0.08786701,87.9,0.06294432,10.82,-200.8,0,12.78
"2026-08-03 22:00:00",2957,0.0880845,88.1,0.0628997,10.7,-201.9,0,12.75
"2026-08-03 22:30:00",2958,0.08817793,88.2,0.06279245,10.61,-201.9,0,12.74
"2026-08-03 23:00:00",2959,0.08829344,88.3,0.06270783,10.51,-201.9,0,12.77
"2026-08-03 23:30:00",2960,0.08839904,88.4,0.0625935,10.4,-203.1,0,12.77
"2026-08-04 00:00:00",2961,0.08839423,88.4,0.06244002,10.32,-204.2,0,12.74
"2026-08-04 00:30:00",2962,0.0885408,88.5,0.06238614,10.23,-204.2,0,12.75
"2026-08-04 01:00:00",2963,0.08863658,88.6,0.06233777,10.16,-205.4,0,12.75
"2026-08-04 01:30:00",2964,0.0888369,88.8,0.06238214,10.11,-205.4,0,12.74
"2026-08-04 02:00:00",2965,0.08890305,88.9,0.06239967,10.09,-206.5,0,12.72
"2026-08-04 02:30:00",2966,0.08908316,89.1,0.06245466,10.05,-207.7,0,12.74
"2026-08-04 03:00:00",2967,0.08912063,89.1,0.06235119,9.98,-208.8,0,12.7
"2026-08-04 03:30:00",2968,0.08891234,88.9,0.06211112,9.93,-210,0,12.73
"2026-08-04 04:00:00",2969,0.08879488,88.8,0.06196655,9.89,-210,0,12.7
"2026-08-04 04:30:00",2970,0.08865956,88.7,0.06183126,9.87,-211.2,0,12.69
"2026-08-04 05:00:00",2971,0.08849742,88.5,0.06169654,9.86,-212.3,0,12.73
"2026-08-04 05:30:00",2972,0.0884197,88.4,0.06167214,9.87,-212.3,0,12.69
"2026-08-04 06:00:00",2973,0.08856578,88.6,0.06178959,9.88,-213.5,0,12.72
"2026-08-04 06:30:00",2974,0.08855308,88.6,0.06181794,9.9,-214.6,0,12.72
"2026-08-04 07:00:00",2975,0.08851783,88.5,0.06184999,9.94,-214.6,0,12.7
"2026-08-04 07:30:00",2976,0.08859289,88.6,0.06198273,9.98,-215.8,0,12.72
"2026-08-04 08:00:00",2977,0.08862141,88.6,0.06211929,10.05,-215.8,0,12.72
"2026-08-04 08:30:00",2978,0.08851893,88.5,0.06219195,10.13,-216.9,0,12.73
"2026-08-04 09:00:00",2979,0.08849484,88.5,0.06250291,10.31,-218.1,0,12.74
"2026-08-04 09:30:00",2980,0.08870085,88.7,0.06276615,10.38,-218.1,0,12.75
"2026-08-04 10:00:00",2981,0.08857282,88.6,0.06295127,10.54,-218.1,0,12.77
