"TOA5","Tlk_InletCR800_2","CR800","1025","CR800.Std.32.05","","0","Status"
"TIMESTAMP","RECORD","OSVersion","OSDate","OSSignature","SerialNumber","RevBoard","StationName","ProgName","StartTime","RunSignature","ProgSignature","WatchdogErrors","PanelTemp","Battery","LithiumBattery","Low12VCount","Low5VCount","CompileResults","StartUpCode","ProgErrors","VarOutOfBound","SkippedScan","SkippedSystemScan","ErrorCalib","MemorySize","MemoryFree","CommsMemFree","FullMemReset","MeasureOps","MeasureTime","ProcessTime","MaxProcTime","BuffDepth","MaxBuffDepth","LastSystemScan","SystemProcTime","MaxSystemProcTime","PortStatus(1)","PortStatus(2)","PortStatus(3)","PortStatus(4)","PortConfig(1)","PortConfig(2)","PortConfig(3)","PortConfig(4)","SW12Volts","PakBusRoutes","Messages","CalGain(1)","CalGain(2)","CalGain(3)","CalGain(4)","CalGain(5)","CalGain(6)","CalGain(7)","CalGain(8)","CalGain(9)","CalGain(10)","CalGain(11)","CalGain(12)","CalGain(13)","CalGain(14)","CalGain(15)","CalGain(16)","CalGain(17)","CalGain(18)","CalSeOffset(1)","CalSeOffset(2)","CalSeOffset(3)","CalSeOffset(4)","CalSeOffset(5)","CalSeOffset(6)","CalSeOffset(7)","CalSeOffset(8)","CalSeOffset(9)","CalSeOffset(10)","CalSeOffset(11)","CalSeOffset(12)","CalSeOffset(13)","CalSeOffset(14)","CalSeOffset(15)","CalSeOffset(16)","CalSeOffset(17)","CalSeOffset(18)","CalDiffOffset(1)","CalDiffOffset(2)","CalDiffOffset(3)","CalDiffOffset(4)","CalDiffOffset(5)","CalDiffOffset(6)","CalDiffOffset(7)","CalDiffOffset(8)","CalDiffOffset(9)","CalDiffOffset(10)","CalDiffOffset(11)","CalDiffOffset(12)","CalDiffOffset(13)","CalDiffOffset(14)","CalDiffOffset(15)","CalDiffOffset(16)","CalDiffOffset(17)","CalDiffOffset(18)"
"TS","RN","","","","","","","","","","","","DegC","Volts","Volts","","","","","","","","","","bytes","bytes","","","","usec","usec","usec","scans","scans","","usec","usec","","","","","","","","","","","","","","","","","","","","","","","","","","","","","","","","","","","","","","","","","","","","","","","","","","","","","","","","","","","","","","","","",""
"","","","","","","","","","","","","","","","","","","","","","","","","","","","","","","","","","","","","","","","","","","","","","","","","","","","","","","","","","","","","","","","","","","","","","","","","","","","","","","","","","","","","","","","","","","","","","","","","","","","","","",""
"2025-10-13 04:57:50.37",1,"CR800.Std.32.05","01/06/2020",29708,"1025","009.007","1025","","2025-10-09 10:29:20.17",43690,0,-939220958,2.288395,12.8892,3.391535,1937621641,0,"Warning: Default Settings might have been restored.  No Program  ",0,1,0,0,0,0,2097152,1766980,"305  ",0,43,0,0,0,0,0,"2025-10-13 04:57:40",4047,5177,0,0,0,0,"Input","Input","Input","Input",0,"4,678,678,5000  ","",0,-0.6831641,0,0,0,0,0,0,0,0,0,0,0,0,0,0,0,0,0,5,0,0,0,0,0,0,0,0,0,0,0,0,0,0,0,0,0,0,0,0,0,0,0,0,0,0,0,0,0,0,0,0,0,0
"2025-10-13 04:58:24.56",2,"CR800.Std.32.05","01/06/2020",29708,"1025","009.007","1025","","2025-10-09 10:29:20.17",43690,0,-939220958,2.288395,12.87818,3.39086,1937621641,0,"Warning: Default Settings might have been restored.  No Program  ",0,1,0,0,0,0,2097152,1766980,"305  ",0,43,0,0,0,0,0,"2025-10-13 04:58:20",4047,5177,0,0,0,0,"Input","Input","Input","Input",0,"4,678,678,5000  ","",0,-0.6831687,0,0,0,0,0,0,0,0,0,0,0,0,0,0,0,0,0,5,0,0,0,0,0,0,0,0,0,0,0,0,0,0,0,0,0,0,0,0,0,0,0,0,0,0,0,0,0,0,0,0,0,0
"2026-06-03 07:46:10.82",3,"CR800.Std.32.05","01/06/2020",29708,"1025","009.007","1025","","2025-10-09 10:29:20.17",43690,0,-939220958,2.288395,12.88934,3.39086,1937621641,0,"Warning: Default Settings might have been restored.  No Program  ",0,1,0,0,0,0,2097152,1766980,"305  ",0,43,0,0,0,0,0,"2026-06-03 07:46:08",4045,5177,0,0,0,0,"Input","Input","Input","Input",0,"4,678,678,5000  ","",0,-0.6831703,0,0,0,0,0,0,0,0,0,0,0,0,0,0,0,0,0,5,0,0,0,0,0,0,0,0,0,0,0,0,0,0,0,0,0,0,0,0,0,0,0,0,0,0,0,0,0,0,0,0,0,0
"2026-06-03 07:47:18.52",4,"CR800.Std.32.05","01/06/2020",29708,"1025","009.007","1025","","2025-10-09 10:29:20.17",43690,0,-939220958,2.288395,12.87785,3.391535,1937621641,0,"Warning: Default Settings might have been restored.  No Program  ",0,1,0,0,0,0,2097152,1766980,"305  ",0,43,0,0,0,0,0,"2026-06-03 07:47:08",4045,5177,0,0,0,0,"Input","Input","Input","Input",0,"4,678,678,5000  ","",0,-0.6831315,0,0,0,0,0,0,0,0,0,0,0,0,0,0,0,0,0,5,0,0,0,0,0,0,0,0,0,0,0,0,0,0,0,0,0,0,0,0,0,0,0,0,0,0,0,0,0,0,0,0,0,0
"2026-06-03 07:47:45.83",5,"CR800.Std.32.05","01/06/2020",29708,"1025","009.007","1025","","2025-10-09 10:29:20.17",43690,0,-939220958,2.288395,12.89977,3.391535,1937621641,0,"Warning: Default Settings might have been restored.  No Program  ",0,1,0,0,0,0,2097152,1766980,"305  ",0,43,0,0,0,0,0,"2026-06-03 07:47:28",4049,5177,0,0,0,0,"Input","Input","Input","Input",0,"4,678,678,5000  ","",0,-0.6831405,0,0,0,0,0,0,0,0,0,0,0,0,0,0,0,0,0,5,0,0,0,0,0,0,0,0,0,0,0,0,0,0,0,0,0,0,0,0,0,0,0,0,0,0,0,0,0,0,0,0,0,0
"2026-06-03 07:51:07.12",6,"CR800.Std.32.05","01/06/2020",29708,"1025","009.007","1025","","2025-10-09 10:29:20.17",43690,0,-939220958,2.288395,12.84966,3.390185,1937621641,0,"Warning: Default Settings might have been restored.  No Program  ",0,1,0,0,0,0,2097152,1766980,"305  ",0,43,0,0,0,0,0,"2026-06-03 07:50:48",4047,5177,0,0,0,0,"Input","Input","Input","Input",0,"4,678,678,5000  ","",0,-0.6831389,0,0,0,0,0,0,0,0,0,0,0,0,0,0,0,0,0,5,0,0,0,0,0,0,0,0,0,0,0,0,0,0,0,0,0,0,0,0,0,0,0,0,0,0,0,0,0,0,0,0,0,0
"2026-06-03 08:00:03",7,"CR800.Std.32.05","01/06/2020",29708,"1025","009.007","1025","","2025-10-09 10:29:20.17",43690,0,-939220958,2.288395,12.87796,3.391535,1937621641,0,"Warning: Default Settings might have been restored.  No Program  ",0,1,0,0,0,0,2097152,1766980,"305  ",0,43,0,0,0,0,0,"2026-06-03 07:59:48",4047,5177,0,0,0,0,"Input","Input","Input","Input",0,"4,678,678,5000  ","",0,-0.6831592,0,0,0,0,0,0,0,0,0,0,0,0,0,0,0,0,0,5,0,0,0,0,0,0,0,0,0,0,0,0,0,0,0,0,0,0,0,0,0,0,0,0,0,0,0,0,0,0,0,0,0,0
"2026-06-03 09:00:03.21",8,"CR800.Std.32.05","01/06/2020",29708,"1025","009.007","1025","","2025-10-09 10:29:20.17",43690,0,-939220958,2.310989,12.88267,3.389509,1937621641,0,"Warning: Default Settings might have been restored.  No Program  ",0,1,0,0,0,0,2097152,1766980,"305  ",0,43,0,0,0,0,0,"2026-06-03 08:59:48",4049,5177,0,0,0,0,"Input","Input","Input","Input",0,"4,678,678,5000  ","",0,-0.6831233,0,0,0,0,0,0,0,0,0,0,0,0,0,0,0,0,0,5,0,0,0,0,0,0,0,0,0,0,0,0,0,0,0,0,0,0,0,0,0,0,0,0,0,0,0,0,0,0,0,0,0,0
"2026-06-03 10:00:02.92",9,"CR800.Std.32.05","01/06/2020",29708,"1025","009.007","1025","","2025-10-09 10:29:20.17",43690,0,-939220958,4.192944,12.88565,3.390185,1937621641,0,"Warning: Default Settings might have been restored.  No Program  ",0,1,0,0,0,0,2097152,1766980,"305  ",0,43,0,0,0,0,0,"2026-06-03 09:59:48",4047,5177,0,0,0,0,"Input","Input","Input","Input",0,"4,678,678,5000  ","",0,-0.6829671,0,0,0,0,0,0,0,0,0,0,0,0,0,0,0,0,0,5,0,0,0,0,0,0,0,0,0,0,0,0,0,0,0,0,0,0,0,0,0,0,0,0,0,0,0,0,0,0,0,0,0,0
"2026-06-03 11:00:03.13",15,"CR800.Std.32.05","01/06/2020",29708,"1025","009.007","1025","CPU:CR800_Tlk_inlet.CR8","2026-06-03 10:28:49.75",61534,19067,0,6.874676,12.92031,3.390185,0,0,"CPU:CR800_Tlk_inlet.CR8 -- Compiled in SequentialMode.  ",0,0,0,0,0,0,2097152,37068,"305  ",0,180,33800,36449,36527,0,0,"2026-06-03 10:59:36.01",7356,7463,0,0,0,0,"Input","Input","Input","Input",0,"4,678,678,5000  ","",0,-0.68274,-0.06850461,-0.006792284,-0.00204266,0,0,-0.3413603,0,0,0,0,0,0,0,0,0,0,0,5,0,0,-2,0,0,12,0,0,0,0,0,0,0,0,0,0,0,0,0,0,0,0,0,0,0,0,0,0,0,0,0,0,0,0
"2026-06-03 09:00:05.22",2,"CR800.Std.32.05","01/06/2020",29708,"1025","009.007","1025","CPU:CR800_Tlk_inlet_v1.1.CR8","2026-06-03 08:56:38.46",1992,22673,0,9.637737,12.91185,3.38816,0,0,"CPU:CR800_Tlk_inlet_v1.1.CR8 -- Compiled in SequentialMode.  ",0,0,0,0,0,0,2097152,37572,"304  ",0,180,33800,36165,36165,0,0,"2026-06-03 08:59:52.01",7411,7458,0,0,0,0,"Input","Input","Input","Input",0,"4,678,678,5000  ","",0,-0.6825939,-0.06850695,-0.006792232,-0.00204289,0,0,-0.3412741,0,0,0,0,0,0,0,0,0,0,0,5,0,0,-2,0,0,12,0,0,0,0,0,0,0,0,0,0,0,0,0,0,0,0,0,0,0,0,0,0,0,0,0,0,0,0
"2026-06-03 09:41:45.19",38,"CR800.Std.32.05","01/06/2020",29708,"1025","009.007","1025","CPU:CR800_Tlk_inlet_v1.1.CR8","2026-06-03 08:56:38.46",1992,22673,0,11.58747,12.98555,3.38816,0,0,"CPU:CR800_Tlk_inlet_v1.1.CR8 -- Compiled in SequentialMode.  ",0,0,0,0,0,0,2097152,37572,"303  ",0,180,33800,33135,36165,0,0,"2026-06-03 09:41:16.01",7356,7458,0,0,0,0,"Input","Input","Input","Input",0,"4,678,678,5000  ","",0,-0.6823744,-0.06849056,-0.006790853,-0.002042603,0,0,-0.3411894,0,0,0,0,0,0,0,0,0,0,0,5,0,0,-1,0,0,12,0,0,0,0,0,0,0,0,0,0,0,0,0,0,0,0,0,0,0,0,0,0,0,0,0,0,0,0
"2026-06-03 10:00:05.2",39,"CR800.Std.32.05","01/06/2020",29708,"1025","009.007","1025","CPU:CR800_Tlk_inlet_v1.1.CR8","2026-06-03 08:56:38.46",1992,22673,0,12.16358,12.98525,3.388835,0,0,"CPU:CR800_Tlk_inlet_v1.1.CR8 -- Compiled in SequentialMode.  ",0,0,0,0,0,0,2097152,37572,"305  ",0,180,33800,35946,36165,0,0,"2026-06-03 09:59:40.01",7358,7458,0,0,0,0,"Input","Input","Input","Input",0,"4,678,678,5000  ","",0,-0.682362,-0.06848511,-0.006790143,-0.002042375,0,0,-0.3411811,0,0,0,0,0,0,0,0,0,0,0,5,0,0,-1,0,0,12,0,0,0,0,0,0,0,0,0,0,0,0,0,0,0,0,0,0,0,0,0,0,0,0,0,0,0,0
"2026-06-03 11:00:05.16",40,"CR800.Std.32.05","01/06/2020",29708,"1025","009.007","1025","CPU:CR800_Tlk_inlet_v1.1.CR8","2026-06-03 08:56:38.46",1992,22673,0,13.35195,13.47078,3.38816,0,0,"CPU:CR800_Tlk_inlet_v1.1.CR8 -- Compiled in SequentialMode.  ",0,0,0,0,0,0,2097152,37572,"305  ",0,180,33800,35954,36165,0,0,"2026-06-03 10:59:28.01",7352,7458,0,0,0,0,"Input","Input","Input","Input",0,"4,678,678,5000  ","",0,-0.6821762,-0.06848472,-0.00678999,-0.002042273,0,0,-0.3410954,0,0,0,0,0,0,0,0,0,0,0,5,0,0,-1,0,0,12,0,0,0,0,0,0,0,0,0,0,0,0,0,0,0,0,0,0,0,0,0,0,0,0,0,0,0,0
"2026-06-03 12:00:05.36",41,"CR800.Std.32.05","01/06/2020",29708,"1025","009.007","1025","CPU:CR800_Tlk_inlet_v1.1.CR8","2026-06-03 08:56:38.46",1992,22673,0,14.82724,13.68067,3.39086,0,0,"CPU:CR800_Tlk_inlet_v1.1.CR8 -- Compiled in SequentialMode.  ",0,0,0,0,0,0,2097152,37572,"305  ",0,180,33800,35944,36165,0,0,"2026-06-03 11:59:16.01",7406,7458,0,0,0,0,"Input","Input","Input","Input",0,"4,678,678,5000  ","",0,-0.6821285,-0.06848472,-0.00678999,-0.002042273,0,0,-0.3410643,0,0,0,0,0,0,0,0,0,0,0,5,0,0,-1,0,0,12,0,0,0,0,0,0,0,0,0,0,0,0,0,0,0,0,0,0,0,0,0,0,0,0,0,0,0,0
"2026-06-03 13:00:05.41",42,"CR800.Std.32.05","01/06/2020",29708,"1025","009.007","1025","CPU:CR800_Tlk_inlet_v1.1.CR8","2026-06-03 08:56:38.46",1992,22673,0,14.54031,13.72511,3.391535,0,0,"CPU:CR800_Tlk_inlet_v1.1.CR8 -- Compiled in SequentialMode.  ",0,0,0,0,0,0,2097152,37572,"305  ",0,180,33800,36011,36165,0,0,"2026-06-03 12:59:04.01",7345,7458,0,0,0,0,"Input","Input","Input","Input",0,"4,678,678,5000  ","",0,-0.6821285,-0.06848472,-0.00678999,-0.002042273,0,0,-0.3410643,0,0,0,0,0,0,0,0,0,0,0,5,0,0,-1,0,0,12,0,0,0,0,0,0,0,0,0,0,0,0,0,0,0,0,0,0,0,0,0,0,0,0,0,0,0,0
"2026-06-03 14:00:05.25",43,"CR800.Std.32.05","01/06/2020",29708,"1025","009.007","1025","CPU:CR800_Tlk_inlet_v1.1.CR8","2026-06-03 08:56:38.46",1992,22673,0,15.28813,13.70289,3.392885,0,0,"CPU:CR800_Tlk_inlet_v1.1.CR8 -- Compiled in SequentialMode.  ",0,0,0,0,0,0,2097152,37572,"305  ",0,180,33800,35935,36165,0,0,"2026-06-03 13:58:52.01",7154,7458,0,0,0,0,"Input","Input","Input","Input",0,"4,678,678,5000  ","",0,-0.6821285,-0.06848472,-0.00678999,-0.002042273,0,0,-0.3410643,0,0,0,0,0,0,0,0,0,0,0,5,0,0,0,0,0,12,0,0,0,0,0,0,0,0,0,0,0,0,0,0,0,0,0,0,0,0,0,0,0,0,0,0,0,0
"2026-06-03 15:00:53.75",44,"CR800.Std.32.05","01/06/2020",29708,"1025","009.007","1025","CPU:CR800_Tlk_inlet_v1.1.CR8","2026-06-03 08:56:38.46",1992,22673,0,14.68264,13.73622,3.394235,0,0,"CPU:CR800_Tlk_inlet_v1.1.CR8 -- Compiled in SequentialMode.  ",0,0,0,0,0,0,2097152,37572,"305  ",0,180,33800,32990,36165,0,0,"2026-06-03 15:00:12.01",7348,7458,0,0,0,0,"Input","Input","Input","Input",0,"4,678,678,5000  ","",0,-0.6821285,-0.06848472,-0.00678999,-0.002042273,0,0,-0.3410643,0,0,0,0,0,0,0,0,0,0,0,5,0,0,-1,0,0,12,0,0,0,0,0,0,0,0,0,0,0,0,0,0,0,0,0,0,0,0,0,0,0,0,0,0,0,0
"2026-06-03 16:00:05.68",45,"CR800.Std.32.05","01/06/2020",29708,"1025","009.007","1025","CPU:CR800_Tlk_inlet_v1.1.CR8","2026-06-03 08:56:38.46",1992,22673,0,14.1811,13.73622,3.394235,0,0,"CPU:CR800_Tlk_inlet_v1.1.CR8 -- Compiled in SequentialMode.  ",0,0,0,0,0,0,2097152,37572,"305  ",0,180,33800,36267,36267,0,0,"2026-06-03 16:00:00.05",7343,7458,0,0,0,0,"Input","Input","Input","Input",0,"4,678,678,5000  ","",0,-0.6821285,-0.06848472,-0.00678999,-0.002042273,0,0,-0.3410643,0,0,0,0,0,0,0,0,0,0,0,5,0,0,-1,0,0,12,0,0,0,0,0,0,0,0,0,0,0,0,0,0,0,0,0,0,0,0,0,0,0,0,0,0,0,0
"2026-06-03 17:00:05.42",46,"CR800.Std.32.05","01/06/2020",29708,"1025","009.007","1025","CPU:CR800_Tlk_inlet_v1.1.CR8","2026-06-03 08:56:38.46",1992,22673,0,12.74421,13.79467,3.39356,0,0,"CPU:CR800_Tlk_inlet_v1.1.CR8 -- Compiled in SequentialMode.  ",0,0,0,0,0,0,2097152,37572,"305  ",0,180,33800,36093,36267,0,0,"2026-06-03 16:59:48.01",7406,7458,0,0,0,0,"Input","Input","Input","Input",0,"4,678,678,5000  ","",0,-0.6822669,-0.06848472,-0.00678999,-0.002042273,0,0,-0.3411339,0,0,0,0,0,0,0,0,0,0,0,5,0,0,-1,0,0,12,0,0,0,0,0,0,0,0,0,0,0,0,0,0,0,0,0,0,0,0,0,0,0,0,0,0,0,0
"2026-06-03 18:00:05.39",47,"CR800.Std.32.05","01/06/2020",29708,"1025","009.007","1025","CPU:CR800_Tlk_inlet_v1.1.CR8","2026-06-03 08:56:38.46",1992,22673,0,11.56488,13.39084,3.392885,0,0,"CPU:CR800_Tlk_inlet_v1.1.CR8 -- Compiled in SequentialMode.  ",0,0,0,0,0,0,2097152,37572,"305  ",0,180,33800,36072,36267,0,0,"2026-06-03 17:59:36.01",7354,7458,0,0,0,0,"Input","Input","Input","Input",0,"4,678,678,5000  ","",0,-0.6823608,-0.06848879,-0.006790222,-0.002042312,0,0,-0.3411804,0,0,0,0,0,0,0,0,0,0,0,5,0,0,-1,0,0,12,0,0,0,0,0,0,0,0,0,0,0,0,0,0,0,0,0,0,0,0,0,0,0,0,0,0,0,0
"2026-06-03 19:00:05.35",48,"CR800.Std.32.05","01/06/2020",29708,"1025","009.007","1025","CPU:CR800_Tlk_inlet_v1.1.CR8","2026-06-03 08:56:38.46",1992,22673,0,9.771038,13.15461,3.39221,0,0,"CPU:CR800_Tlk_inlet_v1.1.CR8 -- Compiled in SequentialMode.  ",0,0,0,0,0,0,2097152,37572,"305  ",0,180,33800,36076,36267,0,0,"2026-06-03 18:59:24.01",7352,7458,0,0,0,0,"Input","Input","Input","Input",0,"4,678,678,5000  ","",0,-0.6825193,-0.0685056,-0.006791956,-0.00204283,0,0,-0.3412547,0,0,0,0,0,0,0,0,0,0,0,5,0,0,-1,0,0,12,0,0,0,0,0,0,0,0,0,0,0,0,0,0,0,0,0,0,0,0,0,0,0,0,0,0,0,0
"2026-06-03 20:00:05.3",49,"CR800.Std.32.05","01/06/2020",29708,"1025","009.007","1025","CPU:CR800_Tlk_inlet_v1.1.CR8","2026-06-03 08:56:38.46",1992,22673,0,8.722744,13.08971,3.39221,0,0,"CPU:CR800_Tlk_inlet_v1.1.CR8 -- Compiled in SequentialMode.  ",0,0,0,0,0,0,2097152,37572,"305  ",0,180,33800,36093,36267,0,0,"2026-06-03 19:59:12.01",7356,7458,0,0,0,0,"Input","Input","Input","Input",0,"4,678,678,5000  ","",0,-0.6825938,-0.06850813,-0.006792293,-0.002042955,0,0,-0.3412969,0,0,0,0,0,0,0,0,0,0,0,5,0,0,-1,0,0,12,0,0,0,0,0,0,0,0,0,0,0,0,0,0,0,0,0,0,0,0,0,0,0,0,0,0,0,0
"2026-06-03 21:00:57.48",50,"CR800.Std.32.05","01/06/2020",29708,"1025","009.007","1025","CPU:CR800_Tlk_inlet_v1.1.CR8","2026-06-03 08:56:38.46",1992,22673,0,6.962788,13.04525,3.390185,0,0,"CPU:CR800_Tlk_inlet_v1.1.CR8 -- Compiled in SequentialMode.  ",0,0,0,0,0,0,2097152,37572,"305  ",0,180,33800,33146,36267,0,0,"2026-06-03 21:00:32.01",7363,7458,0,0,0,0,"Input","Input","Input","Input",0,"4,678,678,5000  ","",0,-0.6826171,-0.06850816,-0.006792312,-0.00204297,0,0,-0.3413224,0,0,0,0,0,0,0,0,0,0,0,5,0,0,-2,0,0,12,0,0,0,0,0,0,0,0,0,0,0,0,0,0,0,0,0,0,0,0,0,0,0,0,0,0,0,0
"2026-06-03 22:00:05.47",51,"CR800.Std.32.05","01/06/2020",29708,"1025","009.007","1025","CPU:CR800_Tlk_inlet_v1.1.CR8","2026-06-03 08:56:38.46",1992,22673,0,4.622204,13.02388,3.39086,0,0,"CPU:CR800_Tlk_inlet_v1.1.CR8 -- Compiled in SequentialMode.  ",0,0,0,0,0,0,2097152,37572,"305  ",0,180,33800,36106,36267,0,0,"2026-06-03 21:58:48.01",7350,7458,0,0,0,0,"Input","Input","Input","Input",0,"4,678,678,5000  ","",0,-0.6829334,-0.06853157,-0.006794593,-0.002043627,0,0,-0.3414643,0,0,0,0,0,0,0,0,0,0,0,5,0,0,-1,0,0,12,0,0,0,0,0,0,0,0,0,0,0,0,0,0,0,0,0,0,0,0,0,0,0,0,0,0,0,0
"2026-06-03 23:00:05.41",52,"CR800.Std.32.05","01/06/2020",29708,"1025","009.007","1025","CPU:CR800_Tlk_inlet_v1.1.CR8","2026-06-03 08:56:38.46",1992,22673,0,2.887096,12.98741,3.389509,0,0,"CPU:CR800_Tlk_inlet_v1.1.CR8 -- Compiled in SequentialMode.  ",0,0,0,0,0,0,2097152,37572,"305  ",0,180,33800,36108,36267,0,0,"2026-06-03 22:58:36.01",7350,7458,0,0,0,0,"Input","Input","Input","Input",0,"4,678,678,5000  ","",0,-0.6830599,-0.06853163,-0.006794638,-0.00204367,0,0,-0.34153,0,0,0,0,0,0,0,0,0,0,0,5,0,0,-1,0,0,12,0,0,0,0,0,0,0,0,0,0,0,0,0,0,0,0,0,0,0,0,0,0,0,0,0,0,0,0
"2026-06-04 00:00:05.4",53,"CR800.Std.32.05","01/06/2020",29708,"1025","009.007","1025","CPU:CR800_Tlk_inlet_v1.1.CR8","2026-06-03 08:56:38.46",1992,22673,0,1.416325,12.94534,3.386134,0,0,"CPU:CR800_Tlk_inlet_v1.1.CR8 -- Compiled in SequentialMode.  ",0,0,0,0,0,0,2097152,37572,"305  ",0,180,33800,36106,36267,0,0,"2026-06-03 23:59:56.01",7354,7458,0,0,0,0,"Input","Input","Input","Input",0,"4,678,678,5000  ","",0,-0.6832092,-0.06853848,-0.00679518,-0.002043809,0,0,-0.3415962,0,0,0,0,0,0,0,0,0,0,0,5,0,0,-2,0,0,12,0,0,0,0,0,0,0,0,0,0,0,0,0,0,0,0,0,0,0,0,0,0,0,0,0,0,0,0
"2026-06-04 01:03:28.81",55,"CR800.Std.32.05","01/06/2020",29708,"1025","009.007","1025","CPU:CR800_Tlk_inlet_v1.1.CR8","2026-06-03 08:56:38.46",1992,22673,0,0.2460327,12.91395,3.384784,0,0,"CPU:CR800_Tlk_inlet_v1.1.CR8 -- Compiled in SequentialMode.  ",0,0,0,0,0,0,2097152,37572,"305  ",0,180,33800,33144,38305,0,0,"2026-06-04 01:02:48.01",7356,7458,0,0,0,0,"Input","Input","Input","Input",0,"4,678,678,5000  ","",0,-0.6832933,-0.06854337,-0.006795796,-0.002044014,0,0,-0.3416467,0,0,0,0,0,0,0,0,0,0,0,5,0,0,-2,0,0,12,0,0,0,0,0,0,0,0,0,0,0,0,0,0,0,0,0,0,0,0,0,0,0,0,0,0,0,0
"2026-06-04 02:00:05.44",56,"CR800.Std.32.05","01/06/2020",29708,"1025","009.007","1025","CPU:CR800_Tlk_inlet_v1.1.CR8","2026-06-03 08:56:38.46",1992,22673,0,-0.4159279,12.88827,3.382084,0,0,"CPU:CR800_Tlk_inlet_v1.1.CR8 -- Compiled in SequentialMode.  ",0,0,0,0,0,0,2097152,37572,"305  ",0,180,33800,36111,38305,0,0,"2026-06-04 01:59:32.01",7356,7458,0,0,0,0,"Input","Input","Input","Input",0,"4,678,678,5000  ","",0,-0.6834076,-0.06854467,-0.00679593,-0.002044054,0,0,-0.3417023,0,0,0,0,0,0,0,0,0,0,0,5,0,0,-2,0,0,12,0,0,0,0,0,0,0,0,0,0,0,0,0,0,0,0,0,0,0,0,0,0,0,0,0,0,0,0
"2026-06-04 03:00:05.4",57,"CR800.Std.32.05","01/06/2020",29708,"1025","009.007","1025","CPU:CR800_Tlk_inlet_v1.1.CR8","2026-06-03 08:56:38.46",1992,22673,0,-0.9468498,12.86051,3.380734,0,0,"CPU:CR800_Tlk_inlet_v1.1.CR8 -- Compiled in SequentialMode.  ",0,0,0,0,0,0,2097152,37572,"305  ",0,180,33800,36113,38305,0,0,"2026-06-04 02:59:20.01",7363,7458,0,0,0,0,"Input","Input","Input","Input",0,"4,678,678,5000  ","",0,-0.6834101,-0.0685459,-0.006795895,-0.002044044,0,0,-0.3417051,0,0,0,0,0,0,0,0,0,0,0,5,0,0,-2,0,0,12,0,0,0,0,0,0,0,0,0,0,0,0,0,0,0,0,0,0,0,0,0,0,0,0,0,0,0,0
"2026-06-04 04:00:53.62",60,"CR800.Std.32.05","01/06/2020",29708,"1025","009.007","1025","CPU:CR800_Tlk_inlet_v1.1.CR8","2026-06-03 08:56:38.46",1992,22673,0,-1.351257,12.84527,3.378709,0,0,"CPU:CR800_Tlk_inlet_v1.1.CR8 -- Compiled in SequentialMode.  ",0,0,0,0,0,0,2097152,37572,"303  ",0,180,33800,33007,38305,0,0,"2026-06-04 04:00:40.01",7356,7458,0,0,0,0,"Input","Input","Input","Input",0,"4,678,678,5000  ","",0,-0.6834721,-0.06855282,-0.006796512,-0.002044196,0,0,-0.3417329,0,0,0,0,0,0,0,0,0,0,0,5,0,0,-2,0,0,12,0,0,0,0,0,0,0,0,0,0,0,0,0,0,0,0,0,0,0,0,0,0,0,0,0,0,0,0
"2026-06-04 05:00:05.31",61,"CR800.Std.32.05","01/06/2020",29708,"1025","009.007","1025","CPU:CR800_Tlk_inlet_v1.1.CR8","2026-06-03 08:56:38.46",1992,22673,0,-1.60881,12.8627,3.377358,0,0,"CPU:CR800_Tlk_inlet_v1.1.CR8 -- Compiled in SequentialMode.  ",0,0,0,0,0,0,2097152,37572,"305  ",0,180,33800,36113,38305,0,0,"2026-06-04 04:58:56.01",7354,7458,0,0,0,0,"Input","Input","Input","Input",0,"4,678,678,5000  ","",0,-0.6835268,-0.06855215,-0.006796783,-0.002044312,0,0,-0.3417618,0,0,0,0,0,0,0,0,0,0,0,5,0,0,-2,0,0,12,0,0,0,0,0,0,0,0,0,0,0,0,0,0,0,0,0,0,0,0,0,0,0,0,0,0,0,0
"2026-06-04 06:00:05.25",62,"CR800.Std.32.05","01/06/2020",29708,"1025","009.007","1025","CPU:CR800_Tlk_inlet_v1.1.CR8","2026-06-03 08:56:38.46",1992,22673,0,-1.692402,12.85714,3.376009,0,0,"CPU:CR800_Tlk_inlet_v1.1.CR8 -- Compiled in SequentialMode.  ",0,0,0,0,0,0,2097152,37572,"305  ",0,180,33800,36102,38305,0,0,"2026-06-04 05:58:44.01",7352,7458,0,0,0,0,"Input","Input","Input","Input",0,"4,678,678,5000  ","",0,-0.6835269,-0.06855512,-0.006796966,-0.00204437,0,0,-0.3417632,0,0,0,0,0,0,0,0,0,0,0,5,0,0,-2,0,0,12,0,0,0,0,0,0,0,0,0,0,0,0,0,0,0,0,0,0,0,0,0,0,0,0,0,0,0,0
"2026-06-04 07:00:05.21",63,"CR800.Std.32.05","01/06/2020",29708,"1025","009.007","1025","CPU:CR800_Tlk_inlet_v1.1.CR8","2026-06-03 08:56:38.46",1992,22673,0,-1.58622,12.84044,3.373983,0,0,"CPU:CR800_Tlk_inlet_v1.1.CR8 -- Compiled in SequentialMode.  ",0,0,0,0,0,0,2097152,37572,"305  ",0,180,33800,36161,38305,0,0,"2026-06-04 07:00:04.01",7387,7458,0,0,0,0,"Input","Input","Input","Input",0,"4,678,678,5000  ","",0,-0.6835269,-0.06855512,-0.006796966,-0.00204437,0,0,-0.3417635,0,0,0,0,0,0,0,0,0,0,0,5,0,0,-2,0,0,12,0,0,0,0,0,0,0,0,0,0,0,0,0,0,0,0,0,0,0,0,0,0,0,0,0,0,0,0
"2026-06-04 08:00:05.68",64,"CR800.Std.32.05","01/06/2020",29708,"1025","009.007","1025","CPU:CR800_Tlk_inlet_v1.1.CR8","2026-06-03 08:56:38.46",1992,22673,0,-1.394184,12.85631,3.375333,0,0,"CPU:CR800_Tlk_inlet_v1.1.CR8 -- Compiled in SequentialMode.  ",0,0,0,0,0,0,2097152,37572,"305  ",0,180,33800,36100,38305,0,0,"2026-06-04 07:59:52.01",7411,7458,0,0,0,0,"Input","Input","Input","Input",0,"4,678,678,5000  ","",0,-0.683468,-0.0685532,-0.006796872,-0.002044349,0,0,-0.3417474,0,0,0,0,0,0,0,0,0,0,0,5,0,0,-2,0,0,12,0,0,0,0,0,0,0,0,0,0,0,0,0,0,0,0,0,0,0,0,0,0,0,0,0,0,0,0
"2026-06-04 09:00:04.67",65,"CR800.Std.32.05","01/06/2020",29708,"1025","009.007","1025","CPU:CR800_Tlk_inlet_v1.1.CR8","2026-06-03 08:56:38.46",1992,22673,0,-0.9897766,12.86621,3.374658,0,0,"CPU:CR800_Tlk_inlet_v1.1.CR8 -- Compiled in SequentialMode.  ",0,0,0,0,0,0,2097152,37572,"304  ",0,180,33800,36121,38305,0,0,"2026-06-04 08:59:40.01",7363,7458,0,0,0,0,"Input","Input","Input","Input",0,"4,678,678,5000  ","",0,-0.6834161,-0.06854726,-0.006796125,-0.002044105,0,0,-0.3417057,0,0,0,0,0,0,0,0,0,0,0,5,0,0,-2,0,0,12,0,0,0,0,0,0,0,0,0,0,0,0,0,0,0,0,0,0,0,0,0,0,0,0,0,0,0,0
"2026-06-04 09:49:31.22",18,"CR800.Std.32.05","01/06/2020",29708,"1025","009.007","1025","CPU:CR800_Tlk_inlet_v1.1.CR8","2026-06-04 09:12:24.9",1992,22673,0,-0.5853691,12.92729,3.373983,0,0,"CPU:CR800_Tlk_inlet_v1.1.CR8 -- Compiled in SequentialMode.  ",0,0,0,0,0,0,2097152,37572,"304  ",0,180,33800,33213,36230,0,0,"2026-06-04 09:49:20.01",7361,7467,0,0,0,0,"Input","Input","Input","Input",0,"4,678,678,5000  ","",0,-0.6834102,-0.0685422,-0.006795747,-0.002043176,0,0,-0.3417051,0,0,0,0,0,0,0,0,0,0,0,5,0,0,-2,0,0,12,0,0,0,0,0,0,0,0,0,0,0,0,0,0,0,0,0,0,0,0,0,0,0,0,0,0,0,0
"2026-06-04 10:00:05.85",19,"CR800.Std.32.05","01/06/2020",29708,"1025","009.007","1025","CPU:CR800_Tlk_inlet_v1.1.CR8","2026-06-04 09:12:24.9",1992,22673,0,-0.4995193,12.92729,3.373983,0,0,"CPU:CR800_Tlk_inlet_v1.1.CR8 -- Compiled in SequentialMode.  ",0,0,0,0,0,0,2097152,37572,"305  ",0,180,33800,36091,36230,0,0,"2026-06-04 10:00:04.01",7363,7467,0,0,0,0,"Input","Input","Input","Input",0,"4,678,678,5000  ","",0,-0.6834102,-0.06854218,-0.006795736,-0.002043167,0,0,-0.3417051,0,0,0,0,0,0,0,0,0,0,0,5,0,0,-2,0,0,12,0,0,0,0,0,0,0,0,0,0,0,0,0,0,0,0,0,0,0,0,0,0,0,0,0,0,0,0
"2026-06-04 11:00:05.67",20,"CR800.Std.32.05","01/06/2020",29708,"1025","009.007","1025","CPU:CR800_Tlk_inlet_v1.1.CR8","2026-06-04 09:12:24.9",1992,22673,0,-0.158371,13.03177,3.373983,0,0,"CPU:CR800_Tlk_inlet_v1.1.CR8 -- Compiled in SequentialMode.  ",0,0,0,0,0,0,2097152,37572,"305  ",0,180,33800,36128,36230,0,0,"2026-06-04 10:59:52.01",7365,7467,0,0,0,0,"Input","Input","Input","Input",0,"4,678,678,5000  ","",0,-0.6833341,-0.06854232,-0.006795782,-0.00204319,0,0,-0.3416629,0,0,0,0,0,0,0,0,0,0,0,5,0,0,-1,0,0,12,0,0,0,0,0,0,0,0,0,0,0,0,0,0,0,0,0,0,0,0,0,0,0,0,0,0,0,0
"2026-06-04 12:00:05.74",21,"CR800.Std.32.05","01/06/2020",29708,"1025","009.007","1025","CPU:CR800_Tlk_inlet_v1.1.CR8","2026-06-04 09:12:24.9",1992,22673,0,0.0314064,13.13099,3.373308,0,0,"CPU:CR800_Tlk_inlet_v1.1.CR8 -- Compiled in SequentialMode.  ",0,0,0,0,0,0,2097152,37572,"305  ",0,180,33800,36100,36230,0,0,"2026-06-04 11:59:40.01",7361,7467,0,0,0,0,"Input","Input","Input","Input",0,"4,678,678,5000  ","",0,-0.6832952,-0.06854257,-0.006795831,-0.002043205,0,0,-0.3416469,0,0,0,0,0,0,0,0,0,0,0,5,0,0,-2,0,0,12,0,0,0,0,0,0,0,0,0,0,0,0,0,0,0,0,0,0,0,0,0,0,0,0,0,0,0,0
"2026-06-04 13:00:05.2",22,"CR800.Std.32.05","01/06/2020",29708,"1025","009.007","1025","CPU:CR800_Tlk_inlet_v1.1.CR8","2026-06-04 09:12:24.9",1992,22673,0,0.3522186,13.33682,3.373308,0,0,"CPU:CR800_Tlk_inlet_v1.1.CR8 -- Compiled in SequentialMode.  ",0,0,0,0,0,0,2097152,37572,"305  ",0,180,33800,36117,36302,0,0,"2026-06-04 12:59:28.01",7354,7467,0,0,0,0,"Input","Input","Input","Input",0,"4,678,678,5000  ","",0,-0.6832938,-0.06854218,-0.006795737,-0.002043167,0,0,-0.3416469,0,0,0,0,0,0,0,0,0,0,0,5,0,0,-2,0,0,12,0,0,0,0,0,0,0,0,0,0,0,0,0,0,0,0,0,0,0,0,0,0,0,0,0,0,0,0
"2026-06-04 14:00:05.37",23,"CR800.Std.32.05","01/06/2020",29708,"1025","009.007","1025","CPU:CR800_Tlk_inlet_v1.1.CR8","2026-06-04 09:12:24.9",1992,22673,0,1.58577,13.63532,3.373308,0,0,"CPU:CR800_Tlk_inlet_v1.1.CR8 -- Compiled in SequentialMode.  ",0,0,0,0,0,0,2097152,37572,"305  ",0,180,33800,36234,36302,0,0,"2026-06-04 13:59:16.01",7417,7467,0,0,0,0,"Input","Input","Input","Input",0,"4,678,678,5000  ","",0,-0.683192,-0.06853908,-0.006795565,-0.002043124,0,0,-0.3415985,0,0,0,0,0,0,0,0,0,0,0,5,0,0,-2,0,0,12,0,0,0,0,0,0,0,0,0,0,0,0,0,0,0,0,0,0,0,0,0,0,0,0,0,0,0,0
"2026-06-04 15:00:12.63",24,"CR800.Std.32.05","01/06/2020",29708,"1025","009.007","1025","CPU:CR800_Tlk_inlet_v1.1.CR8","2026-06-04 09:12:24.9",1992,22673,0,2.993282,13.64935,3.373983,0,0,"CPU:CR800_Tlk_inlet_v1.1.CR8 -- Compiled in SequentialMode.  ",0,0,0,0,0,0,2097152,37572,"305  ",0,180,33800,36108,36302,0,0,"2026-06-04 14:59:04.01",7361,7467,0,0,0,0,"Input","Input","Input","Input",0,"4,678,678,5000  ","",0,-0.6830622,-0.06853043,-0.006794572,-0.002042818,0,0,-0.3415307,0,0,0,0,0,0,0,0,0,0,0,5,0,0,-2,0,0,12,0,0,0,0,0,0,0,0,0,0,0,0,0,0,0,0,0,0,0,0,0,0,0,0,0,0,0,0
"2026-06-04 16:00:05.27",30,"CR800.Std.32.05","01/06/2020",29708,"1025","009.007","1025","CPU:CR800_Tlk_inlet_v1.1.CR8","2026-06-04 09:12:24.9",1992,22673,0,3.526466,14.06646,3.373983,0,0,"CPU:CR800_Tlk_inlet_v1.1.CR8 -- Compiled in SequentialMode.  ",0,0,0,0,0,0,2097152,37572,"305  ",0,180,33800,36111,36302,0,0,"2026-06-04 15:58:52.01",7415,7467,0,0,0,0,"Input","Input","Input","Input",0,"4,678,678,5000  ","",0,-0.6830604,-0.06853043,-0.00679457,-0.002042814,0,0,-0.3415302,0,0,0,0,0,0,0,0,0,0,0,5,0,0,-1,0,0,12,0,0,0,0,0,0,0,0,0,0,0,0,0,0,0,0,0,0,0,0,0,0,0,0,0,0,0,0
"2026-06-04 17:00:05.51",36,"CR800.Std.32.05","01/06/2020",29708,"1025","009.007","1025","CPU:CR800_Tlk_inlet_v1.1.CR8","2026-06-04 09:12:24.9",1992,22673,0,4.622204,13.75265,3.374658,0,0,"CPU:CR800_Tlk_inlet_v1.1.CR8 -- Compiled in SequentialMode.  ",0,0,0,0,0,0,2097152,37572,"305  ",0,180,33800,36085,36302,0,0,"2026-06-04 16:58:40.01",7361,7467,0,0,0,0,"Input","Input","Input","Input",0,"4,678,678,5000  ","",0,-0.6829445,-0.06853043,-0.00679457,-0.002042814,0,0,-0.3414721,0,0,0,0,0,0,0,0,0,0,0,5,0,0,-2,0,0,12,0,0,0,0,0,0,0,0,0,0,0,0,0,0,0,0,0,0,0,0,0,0,0,0,0,0,0,0
"2026-06-04 18:00:05.46",37,"CR800.Std.32.05","01/06/2020",29708,"1025","009.007","1025","CPU:CR800_Tlk_inlet_v1.1.CR8","2026-06-04 09:12:24.9",1992,22673,0,4.170353,13.46345,3.375333,0,0,"CPU:CR800_Tlk_inlet_v1.1.CR8 -- Compiled in SequentialMode.  ",0,0,0,0,0,0,2097152,37572,"305  ",0,180,33800,36095,40082,0,0,"2026-06-04 18:00:00.05",7413,7467,0,0,0,0,"Input","Input","Input","Input",0,"4,678,678,5000  ","",0,-0.6829436,-0.0685304,-0.006794563,-0.00204281,0,0,-0.3414717,0,0,0,0,0,0,0,0,0,0,0,5,0,0,-1,0,0,12,0,0,0,0,0,0,0,0,0,0,0,0,0,0,0,0,0,0,0,0,0,0,0,0,0,0,0,0
"2026-06-04 19:00:05.65",38,"CR800.Std.32.05","01/06/2020",29708,"1025","009.007","1025","CPU:CR800_Tlk_inlet_v1.1.CR8","2026-06-04 09:12:24.9",1992,22673,0,3.056541,13.41569,3.373308,0,0,"CPU:CR800_Tlk_inlet_v1.1.CR8 -- Compiled in SequentialMode.  ",0,0,0,0,0,0,2097152,37572,"305  ",0,180,33800,36128,40082,0,0,"2026-06-04 18:59:48.01",7352,7467,0,0,0,0,"Input","Input","Input","Input",0,"4,678,678,5000  ","",0,-0.6830599,-0.0685304,-0.006794563,-0.002042811,0,0,-0.34153,0,0,0,0,0,0,0,0,0,0,0,5,0,0,-2,0,0,12,0,0,0,0,0,0,0,0,0,0,0,0,0,0,0,0,0,0,0,0,0,0,0,0,0,0,0,0
"2026-06-04 20:00:25.08",40,"CR800.Std.32.05","01/06/2020",29708,"1025","009.007","1025","CPU:CR800_Tlk_inlet_v1.1.CR8","2026-06-04 09:12:24.9",1992,22673,0,1.94725,13.15526,3.371958,0,0,"CPU:CR800_Tlk_inlet_v1.1.CR8 -- Compiled in SequentialMode.  ",0,0,0,0,0,0,2097152,37572,"304  ",0,180,33800,36102,40082,0,0,"2026-06-04 19:59:36.01",7354,7467,0,0,0,0,"Input","Input","Input","Input",0,"4,678,678,5000  ","",0,-0.6831012,-0.0685304,-0.006794563,-0.002042811,0,0,-0.3415692,0,0,0,0,0,0,0,0,0,0,0,5,0,0,-1,0,0,12,0,0,0,0,0,0,0,0,0,0,0,0,0,0,0,0,0,0,0,0,0,0,0,0,0,0,0,0
"2026-06-04 21:00:26.95",41,"CR800.Std.32.05","01/06/2020",29708,"1025","009.007","1025","CPU:CR800_Tlk_inlet_v1.1.CR8","2026-06-04 09:12:24.9",1992,22673,0,0.372551,13.06971,3.368582,0,0,"CPU:CR800_Tlk_inlet_v1.1.CR8 -- Compiled in SequentialMode.  ",0,0,0,0,0,0,2097152,37572,"305  ",0,180,33800,36098,40082,0,0,"2026-06-04 20:59:24.01",7354,7467,0,0,0,0,"Input","Input","Input","Input",0,"4,678,678,5000  ","",0,-0.6832923,-0.06854212,-0.006795708,-0.002043141,0,0,-0.3416463,0,0,0,0,0,0,0,0,0,0,0,5,0,0,-1,0,0,12,0,0,0,0,0,0,0,0,0,0,0,0,0,0,0,0,0,0,0,0,0,0,0,0,0,0,0,0
"2026-06-04 22:00:05.56",42,"CR800.Std.32.05","01/06/2020",29708,"1025","009.007","1025","CPU:CR800_Tlk_inlet_v1.1.CR8","2026-06-04 09:12:24.9",1992,22673,0,-0.7548141,12.99962,3.367907,0,0,"CPU:CR800_Tlk_inlet_v1.1.CR8 -- Compiled in SequentialMode.  ",0,0,0,0,0,0,2097152,37572,"305  ",0,180,33800,36108,40082,0,0,"2026-06-04 21:59:12.01",7358,7467,0,0,0,0,"Input","Input","Input","Input",0,"4,678,678,5000  ","",0,-0.6834096,-0.0685422,-0.006795744,-0.002043171,0,0,-0.3417048,0,0,0,0,0,0,0,0,0,0,0,5,0,0,-2,0,0,12,0,0,0,0,0,0,0,0,0,0,0,0,0,0,0,0,0,0,0,0,0,0,0,0,0,0,0,0
"2026-06-04 23:00:05.99",43,"CR800.Std.32.05","01/06/2020",29708,"1025","009.007","1025","CPU:CR800_Tlk_inlet_v1.1.CR8","2026-06-04 09:12:24.9",1992,22673,0,-1.565884,12.92898,3.364532,0,0,"CPU:CR800_Tlk_inlet_v1.1.CR8 -- Compiled in SequentialMode.  ",0,0,0,0,0,0,2097152,37572,"305  ",0,180,33800,36137,40082,0,0,"2026-06-04 22:59:00.05",7354,7467,0,0,0,0,"Input","Input","Input","Input",0,"4,678,678,5000  ","",0,-0.6835052,-0.06855251,-0.006796549,-0.002043349,0,0,-0.3417557,0,0,0,0,0,0,0,0,0,0,0,5,0,0,-2,0,0,12,0,0,0,0,0,0,0,0,0,0,0,0,0,0,0,0,0,0,0,0,0,0,0,0,0,0,0,0
"2026-06-05 00:00:05.41",44,"CR800.Std.32.05","01/06/2020",29708,"1025","009.007","1025","CPU:CR800_Tlk_inlet_v1.1.CR8","2026-06-04 09:12:24.9",1992,22673,0,-2.376957,12.87384,3.361832,0,0,"CPU:CR800_Tlk_inlet_v1.1.CR8 -- Compiled in SequentialMode.  ",0,0,0,0,0,0,2097152,37572,"305  ",0,180,33800,36111,40082,0,0,"2026-06-04 23:58:48.01",7350,7467,0,0,0,0,"Input","Input","Input","Input",0,"4,678,678,5000  ","",0,-0.6835269,-0.06855389,-0.006796893,-0.00204351,0,0,-0.3417635,0,0,0,0,0,0,0,0,0,0,0,5,0,0,-2,0,0,12,0,0,0,0,0,0,0,0,0,0,0,0,0,0,0,0,0,0,0,0,0,0,0,0,0,0,0,0
"2026-06-05 01:00:05.16",45,"CR800.Std.32.05","01/06/2020",29708,"1025","009.007","1025","CPU:CR800_Tlk_inlet_v1.1.CR8","2026-06-04 09:12:24.9",1992,22673,0,-3.06377,12.82931,3.360482,0,0,"CPU:CR800_Tlk_inlet_v1.1.CR8 -- Compiled in SequentialMode.  ",0,0,0,0,0,0,2097152,37572,"305  ",0,180,33800,36100,40082,0,0,"2026-06-05 00:58:36.01",7348,7467,0,0,0,0,"Input","Input","Input","Input",0,"4,678,678,5000  ","",0,-0.6835269,-0.06855825,-0.006797444,-0.002043657,0,0,-0.3417635,0,0,0,0,0,0,0,0,0,0,0,5,0,0,-2,0,0,12,0,0,0,0,0,0,0,0,0,0,0,0,0,0,0,0,0,0,0,0,0,0,0,0,0,0,0,0
"2026-06-05 02:00:25",47,"CR800.Std.32.05","01/06/2020",29708,"1025","009.007","1025","CPU:CR800_Tlk_inlet_v1.1.CR8","2026-06-04 09:12:24.9",1992,22673,0,-3.599213,12.85157,3.359807,0,0,"CPU:CR800_Tlk_inlet_v1.1.CR8 -- Compiled in SequentialMode.  ",0,0,0,0,0,0,2097152,37572,"304  ",0,180,33800,36098,40082,0,0,"2026-06-05 01:59:56.01",7404,7467,0,0,0,0,"Input","Input","Input","Input",0,"4,678,678,5000  ","",0,-0.6835269,-0.06856558,-0.006798029,-0.002043839,0,0,-0.3417672,0,0,0,0,0,0,0,0,0,0,0,5,0,0,-2,0,0,12,0,0,0,0,0,0,0,0,0,0,0,0,0,0,0,0,0,0,0,0,0,0,0,0,0,0,0,0
"2026-06-05 03:00:05.2",48,"CR800.Std.32.05","01/06/2020",29708,"1025","009.007","1025","CPU:CR800_Tlk_inlet_v1.1.CR8","2026-06-04 09:12:24.9",1992,22673,0,-3.987801,12.83789,3.357106,0,0,"CPU:CR800_Tlk_inlet_v1.1.CR8 -- Compiled in SequentialMode.  ",0,0,0,0,0,0,2097152,37572,"305  ",0,180,33800,36098,40082,0,0,"2026-06-05 02:59:44.01",7339,7467,0,0,0,0,"Input","Input","Input","Input",0,"4,678,678,5000  ","",0,-0.6836788,-0.06856686,-0.006798155,-0.002043877,0,0,-0.3418514,0,0,0,0,0,0,0,0,0,0,0,5,0,0,-2,0,0,12,0,0,0,0,0,0,0,0,0,0,0,0,0,0,0,0,0,0,0,0,0,0,0,0,0,0,0,0
"2026-06-05 04:00:05.54",49,"CR800.Std.32.05","01/06/2020",29708,"1025","009.007","1025","CPU:CR800_Tlk_inlet_v1.1.CR8","2026-06-04 09:12:24.9",1992,22673,0,-4.202431,12.81134,3.356431,0,0,"CPU:CR800_Tlk_inlet_v1.1.CR8 -- Compiled in SequentialMode.  ",0,0,0,0,0,0,2097152,37572,"305  ",0,180,33800,36095,40082,0,0,"2026-06-05 03:59:32.01",7341,7467,0,0,0,0,"Input","Input","Input","Input",0,"4,678,678,5000  ","",0,-0.683757,-0.0685666,-0.006798198,-0.002043904,0,0,-0.3418739,0,0,0,0,0,0,0,0,0,0,0,5,0,0,-2,0,0,12,0,0,0,0,0,0,0,0,0,0,0,0,0,0,0,0,0,0,0,0,0,0,0,0,0,0,0,0
"2026-06-05 05:00:25.23",51,"CR800.Std.32.05","01/06/2020",29708,"1025","009.007","1025","CPU:CR800_Tlk_inlet_v1.1.CR8","2026-06-04 09:12:24.9",1992,22673,0,-4.182098,12.84437,3.356431,0,0,"CPU:CR800_Tlk_inlet_v1.1.CR8 -- Compiled in SequentialMode.  ",0,0,0,0,0,0,2097152,37572,"304  ",0,180,33800,36089,40082,0,0,"2026-06-05 04:59:20.01",7337,7467,0,0,0,0,"Input","Input","Input","Input",0,"4,678,678,5000  ","",0,-0.6837174,-0.06856752,-0.006798259,-0.002043911,0,0,-0.3418798,0,0,0,0,0,0,0,0,0,0,0,5,0,0,-2,0,0,12,0,0,0,0,0,0,0,0,0,0,0,0,0,0,0,0,0,0,0,0,0,0,0,0,0,0,0,0
"2026-06-05 06:00:05.43",52,"CR800.Std.32.05","01/06/2020",29708,"1025","009.007","1025","CPU:CR800_Tlk_inlet_v1.1.CR8","2026-06-04 09:12:24.9",1992,22673,0,-3.987801,12.83834,3.355756,0,0,"CPU:CR800_Tlk_inlet_v1.1.CR8 -- Compiled in SequentialMode.  ",0,0,0,0,0,0,2097152,37572,"305  ",0,180,33800,36111,40082,0,0,"2026-06-05 05:59:08.01",7339,7467,0,0,0,0,"Input","Input","Input","Input",0,"4,678,678,5000  ","",0,-0.6836977,-0.06856567,-0.006798064,-0.002043865,0,0,-0.341853,0,0,0,0,0,0,0,0,0,0,0,5,0,0,-2,0,0,12,0,0,0,0,0,0,0,0,0,0,0,0,0,0,0,0,0,0,0,0,0,0,0,0,0,0,0,0
"2026-06-05 07:00:05.04",53,"CR800.Std.32.05","01/06/2020",29708,"1025","009.007","1025","CPU:CR800_Tlk_inlet_v1.1.CR8","2026-06-04 09:12:24.9",1992,22673,0,-3.36425,12.83489,3.357106,0,0,"CPU:CR800_Tlk_inlet_v1.1.CR8 -- Compiled in SequentialMode.  ",0,0,0,0,0,0,2097152,37572,"305  ",0,180,33800,36102,40082,0,0,"2026-06-05 06:58:56.01",7348,7467,0,0,0,0,"Input","Input","Input","Input",0,"4,678,678,5000  ","",0,-0.6835275,-0.06856567,-0.006798064,-0.002043864,0,0,-0.3417641,0,0,0,0,0,0,0,0,0,0,0,5,0,0,-2,0,0,12,0,0,0,0,0,0,0,0,0,0,0,0,0,0,0,0,0,0,0,0,0,0,0,0,0,0,0,0
"2026-06-05 08:00:24.84",55,"CR800.Std.32.05","01/06/2020",29708,"1025","009.007","1025","CPU:CR800_Tlk_inlet_v1.1.CR8","2026-06-04 09:12:24.9",1992,22673,0,-2.462807,12.91837,3.358457,0,0,"CPU:CR800_Tlk_inlet_v1.1.CR8 -- Compiled in SequentialMode.  ",0,0,0,0,0,0,2097152,37572,"304  ",0,180,33800,36113,40082,0,0,"2026-06-05 08:00:16.01",7406,7467,0,0,0,0,"Input","Input","Input","Input",0,"4,678,678,5000  ","",0,-0.6835272,-0.06855409,-0.006796958,-0.002043553,0,0,-0.3417636,0,0,0,0,0,0,0,0,0,0,0,5,0,0,-2,0,0,12,0,0,0,0,0,0,0,0,0,0,0,0,0,0,0,0,0,0,0,0,0,0,0,0,0,0,0,0
"2026-06-05 09:00:05.19",56,"CR800.Std.32.05","01/06/2020",29708,"1025","009.007","1025","CPU:CR800_Tlk_inlet_v1.1.CR8","2026-06-04 09:12:24.9",1992,22673,0,-1.565884,12.9629,3.359807,0,0,"CPU:CR800_Tlk_inlet_v1.1.CR8 -- Compiled in SequentialMode.  ",0,0,0,0,0,0,2097152,37572,"305  ",0,180,33800,36106,40082,0,0,"2026-06-05 09:00:04.01",7350,7467,0,0,0,0,"Input","Input","Input","Input",0,"4,678,678,5000  ","",0,-0.6835272,-0.06854814,-0.006796484,-0.002043439,0,0,-0.3417547,0,0,0,0,0,0,0,0,0,0,0,5,0,0,-2,0,0,12,0,0,0,0,0,0,0,0,0,0,0,0,0,0,0,0,0,0,0,0,0,0,0,0,0,0,0,0
"2026-06-05 10:00:05.14",57,"CR800.Std.32.05","01/06/2020",29708,"1025","009.007","1025","CPU:CR800_Tlk_inlet_v1.1.CR8","2026-06-04 09:12:24.9",1992,22673,0,-0.2668152,13.26119,3.361832,0,0,"CPU:CR800_Tlk_inlet_v1.1.CR8 -- Compiled in SequentialMode.  ",0,0,0,0,0,0,2097152,37572,"305  ",0,180,33800,36113,40082,0,0,"2026-06-05 09:59:52.01",7356,7467,0,0,0,0,"Input","Input","Input","Input",0,"4,678,678,5000  ","",0,-0.6834103,-0.06854453,-0.006795785,-0.002043172,0,0,-0.3417022,0,0,0,0,0,0,0,0,0,0,0,5,0,0,-2,0,0,12,0,0,0,0,0,0,0,0,0,0,0,0,0,0,0,0,0,0,0,0,0,0,0,0,0,0,0,0
"2026-06-05 11:00:05.12",58,"CR800.Std.32.05","01/06/2020",29708,"1025","009.007","1025","CPU:CR800_Tlk_inlet_v1.1.CR8","2026-06-04 09:12:24.9",1992,22673,0,1.456993,13.73574,3.363182,0,0,"CPU:CR800_Tlk_inlet_v1.1.CR8 -- Compiled in SequentialMode.  ",0,0,0,0,0,0,2097152,37572,"305  ",0,180,33800,36121,40082,0,0,"2026-06-05 10:59:40.01",7363,7467,0,0,0,0,"Input","Input","Input","Input",0,"4,678,678,5000  ","",0,-0.6832034,-0.06853674,-0.006795517,-0.002043141,0,0,-0.3416025,0,0,0,0,0,0,0,0,0,0,0,5,0,0,-1,0,0,12,0,0,0,0,0,0,0,0,0,0,0,0,0,0,0,0,0,0,0,0,0,0,0,0,0,0,0,0
"2026-06-05 12:00:24.94",60,"CR800.Std.32.05","01/06/2020",29708,"1025","009.007","1025","CPU:CR800_Tlk_inlet_v1.1.CR8","2026-06-04 09:12:24.9",1992,22673,0,3.291504,13.97749,3.364532,0,0,"CPU:CR800_Tlk_inlet_v1.1.CR8 -- Compiled in SequentialMode.  ",0,0,0,0,0,0,2097152,37572,"304  ",0,180,33800,36100,40082,0,0,"2026-06-05 11:59:28.01",7352,7467,0,0,0,0,"Input","Input","Input","Input",0,"4,678,678,5000  ","",0,-0.6830614,-0.06853043,-0.00679457,-0.002042815,0,0,-0.3415308,0,0,0,0,0,0,0,0,0,0,0,5,0,0,-2,0,0,12,0,0,0,0,0,0,0,0,0,0,0,0,0,0,0,0,0,0,0,0,0,0,0,0,0,0,0,0
"2026-06-05 13:00:25.04",62,"CR800.Std.32.05","01/06/2020",29708,"1025","009.007","1025","CPU:CR800_Tlk_inlet_v1.1.CR8","2026-06-04 09:12:24.9",1992,22673,0,5.74279,13.98965,3.365882,0,0,"CPU:CR800_Tlk_inlet_v1.1.CR8 -- Compiled in SequentialMode.  ",0,0,0,0,0,0,2097152,37572,"304  ",0,180,33800,36093,40082,0,0,"2026-06-05 12:59:16.01",7367,7467,0,0,0,0,"Input","Input","Input","Input",0,"4,678,678,5000  ","",0,-0.6828379,-0.06853043,-0.00679457,-0.002042814,0,0,-0.3414195,0,0,0,0,0,0,0,0,0,0,0,5,0,0,-1,0,0,12,0,0,0,0,0,0,0,0,0,0,0,0,0,0,0,0,0,0,0,0,0,0,0,0,0,0,0,0
"2026-06-05 14:00:05.19",67,"CR800.Std.32.05","01/06/2020",29708,"1025","009.007","1025","CPU:CR800_Tlk_inlet_v1.1.CR8","2026-06-04 09:12:24.9",1992,22673,0,7.310711,13.94579,3.366557,0,0,"CPU:CR800_Tlk_inlet_v1.1.CR8 -- Compiled in SequentialMode.  ",0,0,0,0,0,0,2097152,37572,"305  ",0,180,33800,36115,40082,0,0,"2026-06-05 13:59:04.01",7363,7467,0,0,0,0,"Input","Input","Input","Input",0,"4,678,678,5000  ","",0,-0.682598,-0.06850696,-0.006792249,-0.002042124,0,0,-0.3412997,0,0,0,0,0,0,0,0,0,0,0,5,0,0,-1,0,0,11,0,0,0,0,0,0,0,0,0,0,0,0,0,0,0,0,0,0,0,0,0,0,0,0,0,0,0,0
"2026-06-05 15:00:34.8",68,"CR800.Std.32.05","01/06/2020",29708,"1025","009.007","1025","CPU:CR800_Tlk_inlet_v1.1.CR8","2026-06-04 09:12:24.9",1992,22673,0,9.793629,13.89481,3.369258,0,0,"CPU:CR800_Tlk_inlet_v1.1.CR8 -- Compiled in SequentialMode.  ",0,0,0,0,0,0,2097152,37572,"305  ",0,180,33800,32990,40082,0,0,"2026-06-05 15:00:24.01",7356,7467,0,0,0,0,"Input","Input","Input","Input",0,"4,678,678,5000  ","",0,-0.6825604,-0.06850076,-0.006791934,-0.002042071,0,0,-0.3412686,0,0,0,0,0,0,0,0,0,0,0,5,0,0,-1,0,0,11,0,0,0,0,0,0,0,0,0,0,0,0,0,0,0,0,0,0,0,0,0,0,0,0,0,0,0,0
"2026-06-05 16:00:05.97",69,"CR800.Std.32.05","01/06/2020",29708,"1025","009.007","1025","CPU:CR800_Tlk_inlet_v1.1.CR8","2026-06-04 09:12:24.9",1992,22673,0,10.40362,13.87657,3.370608,0,0,"CPU:CR800_Tlk_inlet_v1.1.CR8 -- Compiled in SequentialMode.  ",0,0,0,0,0,0,2097152,37572,"305  ",0,180,33800,36091,40082,0,0,"2026-06-05 15:58:40.01",7157,7467,0,0,0,0,"Input","Input","Input","Input",0,"4,678,678,5000  ","",0,-0.6824754,-0.06849998,-0.006791666,-0.002041939,0,0,-0.3412388,0,0,0,0,0,0,0,0,0,0,0,5,0,0,0,0,0,11,0,0,0,0,0,0,0,0,0,0,0,0,0,0,0,0,0,0,0,0,0,0,0,0,0,0,0,0
"2026-06-05 17:00:05.59",70,"CR800.Std.32.05","01/06/2020",29708,"1025","009.007","1025","CPU:CR800_Tlk_inlet_v1.1.CR8","2026-06-04 09:12:24.9",1992,22673,0,10.1777,13.8655,3.372633,0,0,"CPU:CR800_Tlk_inlet_v1.1.CR8 -- Compiled in SequentialMode.  ",0,0,0,0,0,0,2097152,37572,"305  ",0,180,33800,36098,40082,0,0,"2026-06-05 17:00:00.05",7350,7467,0,0,0,0,"Input","Input","Input","Input",0,"4,678,678,5000  ","",0,-0.6824773,-0.06849889,-0.006791535,-0.002041906,0,0,-0.3412388,0,0,0,0,0,0,0,0,0,0,0,5,0,0,-1,0,0,11,0,0,0,0,0,0,0,0,0,0,0,0,0,0,0,0,0,0,0,0,0,0,0,0,0,0,0,0
"2026-06-05 18:00:05.54",71,"CR800.Std.32.05","01/06/2020",29708,"1025","009.007","1025","CPU:CR800_Tlk_inlet_v1.1.CR8","2026-06-04 09:12:24.9",1992,22673,0,9.83881,13.75435,3.374658,0,0,"CPU:CR800_Tlk_inlet_v1.1.CR8 -- Compiled in SequentialMode.  ",0,0,0,0,0,0,2097152,37572,"305  ",0,180,33800,36137,40082,0,0,"2026-06-05 17:59:48.01",7352,7467,0,0,0,0,"Input","Input","Input","Input",0,"4,678,678,5000  ","",0,-0.6824773,-0.06850169,-0.006791744,-0.002041964,0,0,-0.3412424,0,0,0,0,0,0,0,0,0,0,0,5,0,0,-1,0,0,11,0,0,0,0,0,0,0,0,0,0,0,0,0,0,0,0,0,0,0,0,0,0,0,0,0,0,0,0
"2026-06-05 19:00:25.24",73,"CR800.Std.32.05","01/06/2020",29708,"1025","009.007","1025","CPU:CR800_Tlk_inlet_v1.1.CR8","2026-06-04 09:12:24.9",1992,22673,0,7.224857,13.38461,3.373983,0,0,"CPU:CR800_Tlk_inlet_v1.1.CR8 -- Compiled in SequentialMode.  ",0,0,0,0,0,0,2097152,37572,"304  ",0,180,33800,36093,42673,0,0,"2026-06-05 18:59:36.01",7361,7467,0,0,0,0,"Input","Input","Input","Input",0,"4,678,678,5000  ","",0,-0.6826064,-0.06850693,-0.006792236,-0.00204211,0,0,-0.3413008,0,0,0,0,0,0,0,0,0,0,0,5,0,0,-1,0,0,11,0,0,0,0,0,0,0,0,0,0,0,0,0,0,0,0,0,0,0,0,0,0,0,0,0,0,0,0
"2026-06-05 20:00:25.72",75,"CR800.Std.32.05","01/06/2020",29708,"1025","009.007","1025","CPU:CR800_Tlk_inlet_v1.1.CR8","2026-06-04 09:12:24.9",1992,22673,0,5.182495,13.29435,3.372633,0,0,"CPU:CR800_Tlk_inlet_v1.1.CR8 -- Compiled in SequentialMode.  ",0,0,0,0,0,0,2097152,37572,"304  ",0,180,33800,36095,42673,0,0,"2026-06-05 19:59:24.01",7363,7467,0,0,0,0,"Input","Input","Input","Input",0,"4,678,678,5000  ","",0,-0.6828269,-0.0685297,-0.006794324,-0.002042664,0,0,-0.3414134,0,0,0,0,0,0,0,0,0,0,0,5,0,0,-1,0,0,11,0,0,0,0,0,0,0,0,0,0,0,0,0,0,0,0,0,0,0,0,0,0,0,0,0,0,0,0
"2026-06-05 21:00:47.36",77,"CR800.Std.32.05","01/06/2020",29708,"1025","009.007","1025","CPU:CR800_Tlk_inlet_v1.1.CR8","2026-06-04 09:12:24.9",1992,22673,0,3.99865,13.15203,3.372633,0,0,"CPU:CR800_Tlk_inlet_v1.1.CR8 -- Compiled in SequentialMode.  ",0,0,0,0,0,0,2097152,37572,"304  ",0,180,33800,33012,42673,0,0,"2026-06-05 21:00:44.01",7365,7467,0,0,0,0,"Input","Input","Input","Input",0,"4,678,678,5000  ","",0,-0.6829434,-0.0685304,-0.006794563,-0.002042811,0,0,-0.3414783,0,0,0,0,0,0,0,0,0,0,0,5,0,0,-2,0,0,11,0,0,0,0,0,0,0,0,0,0,0,0,0,0,0,0,0,0,0,0,0,0,0,0,0,0,0,0
"2026-06-05 22:00:05.37",78,"CR800.Std.32.05","01/06/2020",29708,"1025","009.007","1025","CPU:CR800_Tlk_inlet_v1.1.CR8","2026-06-04 09:12:24.9",1992,22673,0,2.310989,13.08781,3.371958,0,0,"CPU:CR800_Tlk_inlet_v1.1.CR8 -- Compiled in SequentialMode.  ",0,0,0,0,0,0,2097152,37572,"305  ",0,180,33800,36089,42673,0,0,"2026-06-05 21:59:00.05",7352,7467,0,0,0,0,"Input","Input","Input","Input",0,"4,678,678,5000  ","",0,-0.683072,-0.0685304,-0.006794563,-0.002042811,0,0,-0.3415428,0,0,0,0,0,0,0,0,0,0,0,5,0,0,-2,0,0,11,0,0,0,0,0,0,0,0,0,0,0,0,0,0,0,0,0,0,0,0,0,0,0,0,0,0,0,0
"2026-06-05 23:00:05.34",79,"CR800.Std.32.05","01/06/2020",29708,"1025","009.007","1025","CPU:CR800_Tlk_inlet_v1.1.CR8","2026-06-04 09:12:24.9",1992,22673,0,0.9260674,13.06929,3.369932,0,0,"CPU:CR800_Tlk_inlet_v1.1.CR8 -- Compiled in SequentialMode.  ",0,0,0,0,0,0,2097152,37572,"305  ",0,180,33800,36095,42673,0,0,"2026-06-05 22:58:48.01",7358,7467,0,0,0,0,"Input","Input","Input","Input",0,"4,678,678,5000  ","",0,-0.6832744,-0.06854174,-0.006795574,-0.002043065,0,0,-0.3416376,0,0,0,0,0,0,0,0,0,0,0,5,0,0,-2,0,0,11,0,0,0,0,0,0,0,0,0,0,0,0,0,0,0,0,0,0,0,0,0,0,0,0,0,0,0,0
"2026-06-06 00:00:05.16",80,"CR800.Std.32.05","01/06/2020",29708,"1025","009.007","1025","CPU:CR800_Tlk_inlet_v1.1.CR8","2026-06-04 09:12:24.9",1992,22673,0,-0.09511185,13.01439,3.368582,0,0,"CPU:CR800_Tlk_inlet_v1.1.CR8 -- Compiled in SequentialMode.  ",0,0,0,0,0,0,2097152,37572,"305  ",0,180,33800,36161,42673,0,0,"2026-06-05 23:58:36.01",7367,7467,0,0,0,0,"Input","Input","Input","Input",0,"4,678,678,5000  ","",0,-0.683303,-0.06854404,-0.006795804,-0.002043169,0,0,-0.3416525,0,0,0,0,0,0,0,0,0,0,0,5,0,0,-2,0,0,11,0,0,0,0,0,0,0,0,0,0,0,0,0,0,0,0,0,0,0,0,0,0,0,0,0,0,0,0
"2026-06-06 01:00:24.82",82,"CR800.Std.32.05","01/06/2020",29708,"1025","009.007","1025","CPU:CR800_Tlk_inlet_v1.1.CR8","2026-06-04 09:12:24.9",1992,22673,0,-0.9265175,12.98822,3.366557,0,0,"CPU:CR800_Tlk_inlet_v1.1.CR8 -- Compiled in SequentialMode.  ",0,0,0,0,0,0,2097152,37572,"304  ",0,180,33800,36085,42673,0,0,"2026-06-06 00:59:56.01",7361,7467,0,0,0,0,"Input","Input","Input","Input",0,"4,678,678,5000  ","",0,-0.6833982,-0.06854453,-0.006795781,-0.002043167,0,0,-0.3417051,0,0,0,0,0,0,0,0,0,0,0,5,0,0,-2,0,0,11,0,0,0,0,0,0,0,0,0,0,0,0,0,0,0,0,0,0,0,0,0,0,0,0,0,0,0,0
"2026-06-06 02:00:24.82",84,"CR800.Std.32.05","01/06/2020",29708,"1025","009.007","1025","CPU:CR800_Tlk_inlet_v1.1.CR8","2026-06-04 09:12:24.9",1992,22673,0,-1.522961,12.99033,3.366557,0,0,"CPU:CR800_Tlk_inlet_v1.1.CR8 -- Compiled in SequentialMode.  ",0,0,0,0,0,0,2097152,37572,"304  ",0,180,33800,36078,42673,0,0,"2026-06-06 01:59:44.01",7352,7467,0,0,0,0,"Input","Input","Input","Input",0,"4,678,678,5000  ","",0,-0.6835105,-0.06854911,-0.006796383,-0.002043329,0,0,-0.3417411,0,0,0,0,0,0,0,0,0,0,0,5,0,0,-2,0,0,11,0,0,0,0,0,0,0,0,0,0,0,0,0,0,0,0,0,0,0,0,0,0,0,0,0,0,0,0
"2026-06-06 03:00:05.04",85,"CR800.Std.32.05","01/06/2020",29708,"1025","009.007","1025","CPU:CR800_Tlk_inlet_v1.1.CR8","2026-06-04 09:12:24.9",1992,22673,0,-1.970291,12.94619,3.364532,0,0,"CPU:CR800_Tlk_inlet_v1.1.CR8 -- Compiled in SequentialMode.  ",0,0,0,0,0,0,2097152,37572,"305  ",0,180,33800,36095,42673,0,0,"2026-06-06 02:59:32.01",7352,7467,0,0,0,0,"Input","Input","Input","Input",0,"4,678,678,5000  ","",0,-0.6835268,-0.06855389,-0.006796883,-0.002043501,0,0,-0.3417635,0,0,0,0,0,0,0,0,0,0,0,5,0,0,-2,0,0,11,0,0,0,0,0,0,0,0,0,0,0,0,0,0,0,0,0,0,0,0,0,0,0,0,0,0,0,0
"2026-06-06 04:00:05.25",86,"CR800.Std.32.05","01/06/2020",29708,"1025","009.007","1025","CPU:CR800_Tlk_inlet_v1.1.CR8","2026-06-04 09:12:24.9",1992,22673,0,-2.227844,12.96289,3.364532,0,0,"CPU:CR800_Tlk_inlet_v1.1.CR8 -- Compiled in SequentialMode.  ",0,0,0,0,0,0,2097152,37572,"305  ",0,180,33800,36137,42673,0,0,"2026-06-06 03:59:20.01",7354,7467,0,0,0,0,"Input","Input","Input","Input",0,"4,678,678,5000  ","",0,-0.6835269,-0.06855389,-0.006796894,-0.002043512,0,0,-0.3417635,0,0,0,0,0,0,0,0,0,0,0,5,0,0,-2,0,0,11,0,0,0,0,0,0,0,0,0,0,0,0,0,0,0,0,0,0,0,0,0,0,0,0,0,0,0,0
"2026-06-06 05:00:05.24",87,"CR800.Std.32.05","01/06/2020",29708,"1025","009.007","1025","CPU:CR800_Tlk_inlet_v1.1.CR8","2026-06-04 09:12:24.9",1992,22673,0,-2.227844,12.94063,3.363182,0,0,"CPU:CR800_Tlk_inlet_v1.1.CR8 -- Compiled in SequentialMode.  ",0,0,0,0,0,0,2097152,37572,"305  ",0,180,33800,36095,42673,0,0,"2026-06-06 04:59:08.01",7352,7467,0,0,0,0,"Input","Input","Input","Input",0,"4,678,678,5000  ","",0,-0.6835269,-0.06855389,-0.006796894,-0.002043512,0,0,-0.3417635,0,0,0,0,0,0,0,0,0,0,0,5,0,0,-2,0,0,11,0,0,0,0,0,0,0,0,0,0,0,0,0,0,0,0,0,0,0,0,0,0,0,0,0,0,0,0
"2026-06-06 06:00:05.17",88,"CR800.Std.32.05","01/06/2020",29708,"1025","009.007","1025","CPU:CR800_Tlk_inlet_v1.1.CR8","2026-06-04 09:12:24.9",1992,22673,0,-2.035809,12.91837,3.362507,0,0,"CPU:CR800_Tlk_inlet_v1.1.CR8 -- Compiled in SequentialMode.  ",0,0,0,0,0,0,2097152,37572,"305  ",0,180,33800,36089,42673,0,0,"2026-06-06 05:58:56.01",7350,7467,0,0,0,0,"Input","Input","Input","Input",0,"4,678,678,5000  ","",0,-0.6835269,-0.06855389,-0.006796894,-0.002043512,0,0,-0.3417635,0,0,0,0,0,0,0,0,0,0,0,5,0,0,-2,0,0,11,0,0,0,0,0,0,0,0,0,0,0,0,0,0,0,0,0,0,0,0,0,0,0,0,0,0,0,0
"2026-06-06 07:00:05.34",89,"CR800.Std.32.05","01/06/2020",29708,"1025","009.007","1025","CPU:CR800_Tlk_inlet_v1.1.CR8","2026-06-04 09:12:24.9",1992,22673,0,-1.416775,12.91172,3.363857,0,0,"CPU:CR800_Tlk_inlet_v1.1.CR8 -- Compiled in SequentialMode.  ",0,0,0,0,0,0,2097152,37572,"305  ",0,180,33800,36087,42673,0,0,"2026-06-06 06:58:44.01",7358,7467,0,0,0,0,"Input","Input","Input","Input",0,"4,678,678,5000  ","",0,-0.6834812,-0.0685506,-0.006796539,-0.002043425,0,0,-0.3417401,0,0,0,0,0,0,0,0,0,0,0,5,0,0,-2,0,0,11,0,0,0,0,0,0,0,0,0,0,0,0,0,0,0,0,0,0,0,0,0,0,0,0,0,0,0,0
"2026-06-06 08:02:37.06",90,"CR800.Std.32.05","01/06/2020",29708,"1025","009.007","1025","CPU:CR800_Tlk_inlet_v1.1.CR8","2026-06-04 09:12:24.9",1992,22673,0,-0.4565926,12.94399,3.364532,0,0,"CPU:CR800_Tlk_inlet_v1.1.CR8 -- Compiled in SequentialMode.  ",0,0,0,0,0,0,2097152,37572,"305  ",0,180,33800,33144,42673,0,0,"2026-06-06 08:01:36.01",7365,7467,0,0,0,0,"Input","Input","Input","Input",0,"4,678,678,5000  ","",0,-0.6834103,-0.06854406,-0.006795811,-0.002043174,0,0,-0.3416993,0,0,0,0,0,0,0,0,0,0,0,5,0,0,-2,0,0,11,0,0,0,0,0,0,0,0,0,0,0,0,0,0,0,0,0,0,0,0,0,0,0,0,0,0,0,0
"2026-06-06 09:03:24.01",94,"CR800.Std.32.05","01/06/2020",29708,"1025","009.007","1025","CPU:CR800_Tlk_inlet_v1.1.CR8","2026-06-04 09:12:24.9",1992,22673,0,1.350807,13.01399,3.365882,0,0,"CPU:CR800_Tlk_inlet_v1.1.CR8 -- Compiled in SequentialMode.  ",0,0,0,0,0,0,2097152,37572,"303  ",0,180,33800,33120,42673,0,0,"2026-06-06 09:02:56.01",7358,7467,0,0,0,0,"Input","Input","Input","Input",0,"4,678,678,5000  ","",0,-0.6832654,-0.0685394,-0.00679559,-0.002043123,0,0,-0.3416185,0,0,0,0,0,0,0,0,0,0,0,5,0,0,-1,0,0,11,0,0,0,0,0,0,0,0,0,0,0,0,0,0,0,0,0,0,0,0,0,0,0,0,0,0,0,0
"2026-06-06 10:00:05.18",95,"CR800.Std.32.05","01/06/2020",29708,"1025","009.007","1025","CPU:CR800_Tlk_inlet_v1.1.CR8","2026-06-04 09:12:24.9",1992,22673,0,3.122059,13.17658,3.367233,0,0,"CPU:CR800_Tlk_inlet_v1.1.CR8 -- Compiled in SequentialMode.  ",0,0,0,0,0,0,2097152,37572,"305  ",0,180,33800,36087,42673,0,0,"2026-06-06 09:59:40.01",7354,7467,0,0,0,0,"Input","Input","Input","Input",0,"4,678,678,5000  ","",0,-0.6830627,-0.06853043,-0.006794572,-0.002042818,0,0,-0.341531,0,0,0,0,0,0,0,0,0,0,0,5,0,0,-1,0,0,11,0,0,0,0,0,0,0,0,0,0,0,0,0,0,0,0,0,0,0,0,0,0,0,0,0,0,0,0
"2026-06-06 11:00:05.46",96,"CR800.Std.32.05","01/06/2020",29708,"1025","009.007","1025","CPU:CR800_Tlk_inlet_v1.1.CR8","2026-06-04 09:12:24.9",1992,22673,0,5.096645,13.5567,3.368582,0,0,"CPU:CR800_Tlk_inlet_v1.1.CR8 -- Compiled in SequentialMode.  ",0,0,0,0,0,0,2097152,37572,"305  ",0,180,33800,36087,42673,0,0,"2026-06-06 10:59:28.01",7365,7467,0,0,0,0,"Input","Input","Input","Input",0,"4,678,678,5000  ","",0,-0.6828682,-0.06853043,-0.00679457,-0.002042814,0,0,-0.3414459,0,0,0,0,0,0,0,0,0,0,0,5,0,0,-1,0,0,11,0,0,0,0,0,0,0,0,0,0,0,0,0,0,0,0,0,0,0,0,0,0,0,0,0,0,0,0
"2026-06-06 12:00:05.39",97,"CR800.Std.32.05","01/06/2020",29708,"1025","009.007","1025","CPU:CR800_Tlk_inlet_v1.1.CR8","2026-06-04 09:12:24.9",1992,22673,0,7.37849,13.95732,3.369932,0,0,"CPU:CR800_Tlk_inlet_v1.1.CR8 -- Compiled in SequentialMode.  ",0,0,0,0,0,0,2097152,37572,"305  ",0,180,33800,36104,42673,0,0,"2026-06-06 11:59:16.01",7358,9678,0,0,0,0,"Input","Input","Input","Input",0,"4,678,678,5000  ","",0,-0.6826142,-0.068507,-0.006792272,-0.002042144,0,0,-0.3413073,0,0,0,0,0,0,0,0,0,0,0,5,0,0,-1,0,0,11,0,0,0,0,0,0,0,0,0,0,0,0,0,0,0,0,0,0,0,0,0,0,0,0,0,0,0,0
"2026-06-06 13:00:25.03",99,"CR800.Std.32.05","01/06/2020",29708,"1025","009.007","1025","CPU:CR800_Tlk_inlet_v1.1.CR8","2026-06-04 09:12:24.9",1992,22673,0,9.502186,13.87899,3.371283,0,0,"CPU:CR800_Tlk_inlet_v1.1.CR8 -- Compiled in SequentialMode.  ",0,0,0,0,0,0,2097152,37572,"304  ",0,180,33800,36158,42673,0,0,"2026-06-06 12:59:04.01",7350,9678,0,0,0,0,"Input","Input","Input","Input",0,"4,678,678,5000  ","",0,-0.6825708,-0.06849925,-0.006791845,-0.00204206,0,0,-0.3412924,0,0,0,0,0,0,0,0,0,0,0,5,0,0,-1,0,0,11,0,0,0,0,0,0,0,0,0,0,0,0,0,0,0,0,0,0,0,0,0,0,0,0,0,0,0,0
"2026-06-06 14:00:05.49",100,"CR800.Std.32.05","01/06/2020",29708,"1025","009.007","1025","CPU:CR800_Tlk_inlet_v1.1.CR8","2026-06-04 09:12:24.9",1992,22673,0,11.56488,13.81326,3.372633,0,0,"CPU:CR800_Tlk_inlet_v1.1.CR8 -- Compiled in SequentialMode.  ",0,0,0,0,0,0,2097152,37572,"305  ",0,180,33800,36176,42673,0,0,"2026-06-06 13:58:52.01",7356,9678,0,0,0,0,"Input","Input","Input","Input",0,"4,678,678,5000  ","",0,-0.682366,-0.06848396,-0.006790103,-0.002041543,0,0,-0.3411822,0,0,0,0,0,0,0,0,0,0,0,5,0,0,-1,0,0,11,0,0,0,0,0,0,0,0,0,0,0,0,0,0,0,0,0,0,0,0,0,0,0,0,0,0,0,0
"2026-06-06 15:01:00.19",103,"CR800.Std.32.05","01/06/2020",29708,"1025","009.007","1025","CPU:CR800_Tlk_inlet_v1.1.CR8","2026-06-04 09:12:24.9",1992,22673,0,11.95573,13.81314,3.373983,0,0,"CPU:CR800_Tlk_inlet_v1.1.CR8 -- Compiled in SequentialMode.  ",0,0,0,0,0,0,2097152,37572,"303  ",0,180,33800,33181,42673,0,0,"2026-06-06 15:00:12.01",7361,9678,0,0,0,0,"Input","Input","Input","Input",0,"4,678,678,5000  ","",0,-0.6823612,-0.06848351,-0.006789918,-0.002041416,0,0,-0.3411806,0,0,0,0,0,0,0,0,0,0,0,5,0,0,-1,0,0,11,0,0,0,0,0,0,0,0,0,0,0,0,0,0,0,0,0,0,0,0,0,0,0,0,0,0,0,0
"2026-06-06 16:00:53.78",106,"CR800.Std.32.05","01/06/2020",29708,"1025","009.007","1025","CPU:CR800_Tlk_inlet_v1.1.CR8","2026-06-04 09:12:24.9",1992,22673,0,12.25621,13.79647,3.378034,0,0,"CPU:CR800_Tlk_inlet_v1.1.CR8 -- Compiled in SequentialMode.  ",0,0,0,0,0,0,2097152,37572,"303  ",0,180,33800,33070,42673,0,0,"2026-06-06 16:00:00.05",7350,9678,0,0,0,0,"Input","Input","Input","Input",0,"4,678,678,5000  ","",0,-0.6823612,-0.06848351,-0.006789918,-0.002041416,0,0,-0.3411743,0,0,0,0,0,0,0,0,0,0,0,5,0,0,-1,0,0,11,0,0,0,0,0,0,0,0,0,0,0,0,0,0,0,0,0,0,0,0,0,0,0,0,0,0,0,0
"2026-06-06 17:00:05.39",107,"CR800.Std.32.05","01/06/2020",29708,"1025","009.007","1025","CPU:CR800_Tlk_inlet_v1.1.CR8","2026-06-04 09:12:24.9",1992,22673,0,12.90687,13.80523,3.379384,0,0,"CPU:CR800_Tlk_inlet_v1.1.CR8 -- Compiled in SequentialMode.  ",0,0,0,0,0,0,2097152,37572,"305  ",0,180,33800,36121,42673,0,0,"2026-06-06 16:59:48.01",7356,9678,0,0,0,0,"Input","Input","Input","Input",0,"4,678,678,5000  ","",0,-0.6822451,-0.06848351,-0.006789918,-0.002041416,0,0,-0.3411195,0,0,0,0,0,0,0,0,0,0,0,5,0,0,-1,0,0,11,0,0,0,0,0,0,0,0,0,0,0,0,0,0,0,0,0,0,0,0,0,0,0,0,0,0,0,0
"2026-06-06 18:00:25.43",109,"CR800.Std.32.05","01/06/2020",29708,"1025","009.007","1025","CPU:CR800_Tlk_inlet_v1.1.CR8","2026-06-04 09:12:24.9",1992,22673,0,13.46943,13.78694,3.382084,0,0,"CPU:CR800_Tlk_inlet_v1.1.CR8 -- Compiled in SequentialMode.  ",0,0,0,0,0,0,2097152,37572,"304  ",0,180,33800,36163,42673,0,0,"2026-06-06 17:59:36.01",7348,9678,0,0,0,0,"Input","Input","Input","Input",0,"4,678,678,5000  ","",0,-0.6821576,-0.06848351,-0.006789918,-0.002041416,0,0,-0.3410732,0,0,0,0,0,0,0,0,0,0,0,5,0,0,-1,0,0,11,0,0,0,0,0,0,0,0,0,0,0,0,0,0,0,0,0,0,0,0,0,0,0,0,0,0,0,0
"2026-06-06 19:00:05.59",110,"CR800.Std.32.05","01/06/2020",29708,"1025","009.007","1025","CPU:CR800_Tlk_inlet_v1.1.CR8","2026-06-04 09:12:24.9",1992,22673,0,12.41887,13.47266,3.382084,0,0,"CPU:CR800_Tlk_inlet_v1.1.CR8 -- Compiled in SequentialMode.  ",0,0,0,0,0,0,2097152,37572,"305  ",0,180,33800,36165,42673,0,0,"2026-06-06 18:59:24.01",7296,9678,0,0,0,0,"Input","Input","Input","Input",0,"4,678,678,5000  ","",0,-0.6822755,-0.06848351,-0.006789918,-0.002041416,0,0,-0.341141,0,0,0,0,0,0,0,0,0,0,0,5,0,0,0,0,0,11,0,0,0,0,0,0,0,0,0,0,0,0,0,0,0,0,0,0,0,0,0,0,0,0,0,0,0,0
"2026-06-06 20:00:05.3",111,"CR800.Std.32.05","01/06/2020",29708,"1025","009.007","1025","CPU:CR800_Tlk_inlet_v1.1.CR8","2026-06-04 09:12:24.9",1992,22673,0,10.1777,13.23193,3.382084,0,0,"CPU:CR800_Tlk_inlet_v1.1.CR8 -- Compiled in SequentialMode.  ",0,0,0,0,0,0,2097152,37572,"305  ",0,180,33800,36091,42673,0,0,"2026-06-06 19:59:12.01",7350,9678,0,0,0,0,"Input","Input","Input","Input",0,"4,678,678,5000  ","",0,-0.6824756,-0.0685012,-0.006791523,-0.002041809,0,0,-0.341238,0,0,0,0,0,0,0,0,0,0,0,5,0,0,-1,0,0,11,0,0,0,0,0,0,0,0,0,0,0,0,0,0,0,0,0,0,0,0,0,0,0,0,0,0,0,0
"2026-06-06 21:00:07.1",112,"CR800.Std.32.05","01/06/2020",29708,"1025","009.007","1025","CPU:CR800_Tlk_inlet_v1.1.CR8","2026-06-04 09:12:24.9",1992,22673,0,8.810856,13.1175,3.382084,0,0,"CPU:CR800_Tlk_inlet_v1.1.CR8 -- Compiled in SequentialMode.  ",0,0,0,0,0,0,2097152,37572,"305  ",0,180,33800,36093,42673,0,0,"2026-06-06 20:59:00.05",7350,9678,0,0,0,0,"Input","Input","Input","Input",0,"4,678,678,5000  ","",0,-0.6825936,-0.06850585,-0.006792089,-0.002042058,0,0,-0.3412968,0,0,0,0,0,0,0,0,0,0,0,5,0,0,-2,0,0,11,0,0,0,0,0,0,0,0,0,0,0,0,0,0,0,0,0,0,0,0,0,0,0,0,0,0,0,0
"2026-06-06 22:00:05.45",113,"CR800.Std.32.05","01/06/2020",29708,"1025","009.007","1025","CPU:CR800_Tlk_inlet_v1.1.CR8","2026-06-04 09:12:24.9",1992,22673,0,7.202267,13.10088,3.381409,0,0,"CPU:CR800_Tlk_inlet_v1.1.CR8 -- Compiled in SequentialMode.  ",0,0,0,0,0,0,2097152,37572,"305  ",0,180,33800,36108,42673,0,0,"2026-06-06 21:58:48.01",7354,9678,0,0,0,0,"Input","Input","Input","Input",0,"4,678,678,5000  ","",0,-0.682596,-0.06850693,-0.006792238,-0.002042111,0,0,-0.3412983,0,0,0,0,0,0,0,0,0,0,0,5,0,0,-1,0,0,11,0,0,0,0,0,0,0,0,0,0,0,0,0,0,0,0,0,0,0,0,0,0,0,0,0,0,0,0
"2026-06-06 23:00:05.39",114,"CR800.Std.32.05","01/06/2020",29708,"1025","009.007","1025","CPU:CR800_Tlk_inlet_v1.1.CR8","2026-06-04 09:12:24.9",1992,22673,0,5.008533,13.05525,3.378034,0,0,"CPU:CR800_Tlk_inlet_v1.1.CR8 -- Compiled in SequentialMode.  ",0,0,0,0,0,0,2097152,37572,"305  ",0,180,33800,36082,42673,0,0,"2026-06-06 22:58:36.01",7361,9678,0,0,0,0,"Input","Input","Input","Input",0,"4,678,678,5000  ","",0,-0.6828499,-0.06852933,-0.006794198,-0.002042594,0,0,-0.3414217,0,0,0,0,0,0,0,0,0,0,0,5,0,0,-1,0,0,11,0,0,0,0,0,0,0,0,0,0,0,0,0,0,0,0,0,0,0,0,0,0,0,0,0,0,0,0
"2026-06-07 00:00:25.09",116,"CR800.Std.32.05","01/06/2020",29708,"1025","009.007","1025","CPU:CR800_Tlk_inlet_v1.1.CR8","2026-06-04 09:12:24.9",1992,22673,0,3.271172,13.03745,3.378709,0,0,"CPU:CR800_Tlk_inlet_v1.1.CR8 -- Compiled in SequentialMode.  ",0,0,0,0,0,0,2097152,37572,"304  ",0,180,33800,36141,42673,0,0,"2026-06-06 23:59:56.01",7411,9678,0,0,0,0,"Input","Input","Input","Input",0,"4,678,678,5000  ","",0,-0.6830591,-0.0685304,-0.006794563,-0.002042811,0,0,-0.3415295,0,0,0,0,0,0,0,0,0,0,0,5,0,0,-2,0,0,11,0,0,0,0,0,0,0,0,0,0,0,0,0,0,0,0,0,0,0,0,0,0,0,0,0,0,0,0
"2026-06-07 01:00:05.09",117,"CR800.Std.32.05","01/06/2020",29708,"1025","009.007","1025","CPU:CR800_Tlk_inlet_v1.1.CR8","2026-06-04 09:12:24.9",1992,22673,0,2.417175,12.99898,3.378034,0,0,"CPU:CR800_Tlk_inlet_v1.1.CR8 -- Compiled in SequentialMode.  ",0,0,0,0,0,0,2097152,37572,"305  ",0,180,33800,36095,42673,0,0,"2026-06-07 00:59:44.01",7358,9678,0,0,0,0,"Input","Input","Input","Input",0,"4,678,678,5000  ","",0,-0.6830786,-0.0685304,-0.006794563,-0.002042811,0,0,-0.3415406,0,0,0,0,0,0,0,0,0,0,0,5,0,0,-2,0,0,11,0,0,0,0,0,0,0,0,0,0,0,0,0,0,0,0,0,0,0,0,0,0,0,0,0,0,0,0
"2026-06-07 02:00:24.92",119,"CR800.Std.32.05","01/06/2020",29708,"1025","009.007","1025","CPU:CR800_Tlk_inlet_v1.1.CR8","2026-06-04 09:12:24.9",1992,22673,0,1.798138,12.97771,3.378034,0,0,"CPU:CR800_Tlk_inlet_v1.1.CR8 -- Compiled in SequentialMode.  ",0,0,0,0,0,0,2097152,37572,"304  ",0,180,33800,36078,42673,0,0,"2026-06-07 01:59:32.01",7358,9678,0,0,0,0,"Input","Input","Input","Input",0,"4,678,678,5000  ","",0,-0.6831201,-0.06853279,-0.006794719,-0.00204284,0,0,-0.3415778,0,0,0,0,0,0,0,0,0,0,0,5,0,0,-2,0,0,11,0,0,0,0,0,0,0,0,0,0,0,0,0,0,0,0,0,0,0,0,0,0,0,0,0,0,0,0
"2026-06-07 03:00:05.14",120,"CR800.Std.32.05","01/06/2020",29708,"1025","009.007","1025","CPU:CR800_Tlk_inlet_v1.1.CR8","2026-06-04 09:12:24.9",1992,22673,0,1.181362,12.95733,3.376009,0,0,"CPU:CR800_Tlk_inlet_v1.1.CR8 -- Compiled in SequentialMode.  ",0,0,0,0,0,0,2097152,37572,"305  ",0,180,33800,36115,42673,0,0,"2026-06-07 02:59:20.01",7350,9678,0,0,0,0,"Input","Input","Input","Input",0,"4,678,678,5000  ","",0,-0.6832224,-0.06854135,-0.00679555,-0.002043084,0,0,-0.3416145,0,0,0,0,0,0,0,0,0,0,0,5,0,0,-2,0,0,11,0,0,0,0,0,0,0,0,0,0,0,0,0,0,0,0,0,0,0,0,0,0,0,0,0,0,0,0
"2026-06-07 04:00:05.33",121,"CR800.Std.32.05","01/06/2020",29708,"1025","009.007","1025","CPU:CR800_Tlk_inlet_v1.1.CR8","2026-06-04 09:12:24.9",1992,22673,0,0.4787369,12.93621,3.373983,0,0,"CPU:CR800_Tlk_inlet_v1.1.CR8 -- Compiled in SequentialMode.  ",0,0,0,0,0,0,2097152,37572,"305  ",0,180,33800,36091,42673,0,0,"2026-06-07 03:59:08.01",7361,9678,0,0,0,0,"Input","Input","Input","Input",0,"4,678,678,5000  ","",0,-0.6832933,-0.06854215,-0.00679573,-0.002043162,0,0,-0.3416467,0,0,0,0,0,0,0,0,0,0,0,5,0,0,-1,0,0,11,0,0,0,0,0,0,0,0,0,0,0,0,0,0,0,0,0,0,0,0,0,0,0,0,0,0,0,0
"2026-06-07 05:00:05.28",122,"CR800.Std.32.05","01/06/2020",29708,"1025","009.007","1025","CPU:CR800_Tlk_inlet_v1.1.CR8","2026-06-04 09:12:24.9",1992,22673,0,-0.1809654,12.91462,3.372633,0,0,"CPU:CR800_Tlk_inlet_v1.1.CR8 -- Compiled in SequentialMode.  ",0,0,0,0,0,0,2097152,37572,"305  ",0,180,33800,36111,42673,0,0,"2026-06-07 04:58:56.01",7369,9678,0,0,0,0,"Input","Input","Input","Input",0,"4,678,678,5000  ","",0,-0.6833453,-0.06854215,-0.00679573,-0.002043162,0,0,-0.3416729,0,0,0,0,0,0,0,0,0,0,0,5,0,0,-1,0,0,11,0,0,0,0,0,0,0,0,0,0,0,0,0,0,0,0,0,0,0,0,0,0,0,0,0,0,0,0
"2026-06-07 06:00:24.75",124,"CR800.Std.32.05","01/06/2020",29708,"1025","009.007","1025","CPU:CR800_Tlk_inlet_v1.1.CR8","2026-06-04 09:12:24.9",1992,22673,0,-0.479187,12.89371,3.371283,0,0,"CPU:CR800_Tlk_inlet_v1.1.CR8 -- Compiled in SequentialMode.  ",0,0,0,0,0,0,2097152,37572,"304  ",0,180,33800,36089,42673,0,0,"2026-06-07 06:00:16.01",7365,9678,0,0,0,0,"Input","Input","Input","Input",0,"4,678,678,5000  ","",0,-0.6834022,-0.06854406,-0.006795809,-0.002043171,0,0,-0.3417026,0,0,0,0,0,0,0,0,0,0,0,5,0,0,-1,0,0,11,0,0,0,0,0,0,0,0,0,0,0,0,0,0,0,0,0,0,0,0,0,0,0,0,0,0,0,0
"2026-06-07 07:00:05.46",125,"CR800.Std.32.05","01/06/2020",29708,"1025","009.007","1025","CPU:CR800_Tlk_inlet_v1.1.CR8","2026-06-04 09:12:24.9",1992,22673,0,-0.3933334,12.86051,3.371283,0,0,"CPU:CR800_Tlk_inlet_v1.1.CR8 -- Compiled in SequentialMode.  ",0,0,0,0,0,0,2097152,37572,"305  ",0,180,33800,36104,42673,0,0,"2026-06-07 07:00:04.01",7358,9678,0,0,0,0,"Input","Input","Input","Input",0,"4,678,678,5000  ","",0,-0.6834101,-0.0685422,-0.006795744,-0.002043171,0,0,-0.3417047,0,0,0,0,0,0,0,0,0,0,0,5,0,0,-2,0,0,11,0,0,0,0,0,0,0,0,0,0,0,0,0,0,0,0,0,0,0,0,0,0,0,0,0,0,0,0
"2026-06-07 08:00:05.19",126,"CR800.Std.32.05","01/06/2020",29708,"1025","009.007","1025","CPU:CR800_Tlk_inlet_v1.1.CR8","2026-06-04 09:12:24.9",1992,22673,0,-0.2012978,12.91473,3.369932,0,0,"CPU:CR800_Tlk_inlet_v1.1.CR8 -- Compiled in SequentialMode.  ",0,0,0,0,0,0,2097152,37572,"305  ",0,180,33800,36104,42673,0,0,"2026-06-07 07:59:52.01",7365,9678,0,0,0,0,"Input","Input","Input","Input",0,"4,678,678,5000  ","",0,-0.6833266,-0.06854594,-0.006795973,-0.002043217,0,0,-0.3416763,0,0,0,0,0,0,0,0,0,0,0,5,0,0,-2,0,0,11,0,0,0,0,0,0,0,0,0,0,0,0,0,0,0,0,0,0,0,0,0,0,0,0,0,0,0,0
"2026-06-07 09:00:05.72",127,"CR800.Std.32.05","01/06/2020",29708,"1025","009.007","1025","CPU:CR800_Tlk_inlet_v1.1.CR8","2026-06-04 09:12:24.9",1992,22673,0,0.07432938,12.97517,3.369932,0,0,"CPU:CR800_Tlk_inlet_v1.1.CR8 -- Compiled in SequentialMode.  ",0,0,0,0,0,0,2097152,37572,"305  ",0,180,33800,36095,42673,0,0,"2026-06-07 08:59:40.01",7376,9678,0,0,0,0,"Input","Input","Input","Input",0,"4,678,678,5000  ","",0,-0.6832941,-0.06854233,-0.006795774,-0.002043181,0,0,-0.3416469,0,0,0,0,0,0,0,0,0,0,0,5,0,0,-2,0,0,11,0,0,0,0,0,0,0,0,0,0,0,0,0,0,0,0,0,0,0,0,0,0,0,0,0,0,0,0
"2026-06-07 10:00:25.23",129,"CR800.Std.32.05","01/06/2020",29708,"1025","009.007","1025","CPU:CR800_Tlk_inlet_v1.1.CR8","2026-06-04 09:12:24.9",1992,22673,0,1.201698,13.27984,3.371958,0,0,"CPU:CR800_Tlk_inlet_v1.1.CR8 -- Compiled in SequentialMode.  ",0,0,0,0,0,0,2097152,37572,"304  ",0,180,33800,36150,42673,0,0,"2026-06-07 09:59:28.01",7361,9678,0,0,0,0,"Input","Input","Input","Input",0,"4,678,678,5000  ","",0,-0.6832385,-0.06853983,-0.00679569,-0.002043164,0,0,-0.3416246,0,0,0,0,0,0,0,0,0,0,0,5,0,0,-2,0,0,11,0,0,0,0,0,0,0,0,0,0,0,0,0,0,0,0,0,0,0,0,0,0,0,0,0,0,0,0
"2026-06-07 11:00:05.25",130,"CR800.Std.32.05","01/06/2020",29708,"1025","009.007","1025","CPU:CR800_Tlk_inlet_v1.1.CR8","2026-06-04 09:12:24.9",1992,22673,0,2.821579,13.38796,3.372633,0,0,"CPU:CR800_Tlk_inlet_v1.1.CR8 -- Compiled in SequentialMode.  ",0,0,0,0,0,0,2097152,37572,"305  ",0,180,33800,36100,42673,0,0,"2026-06-07 10:59:16.01",7358,9678,0,0,0,0,"Input","Input","Input","Input",0,"4,678,678,5000  ","",0,-0.6830633,-0.06853043,-0.006794579,-0.002042824,0,0,-0.3415316,0,0,0,0,0,0,0,0,0,0,0,5,0,0,-1,0,0,11,0,0,0,0,0,0,0,0,0,0,0,0,0,0,0,0,0,0,0,0,0,0,0,0,0,0,0,0
"2026-06-07 12:00:05.23",131,"CR800.Std.32.05","01/06/2020",29708,"1025","009.007","1025","CPU:CR800_Tlk_inlet_v1.1.CR8","2026-06-04 09:12:24.9",1992,22673,0,2.930023,13.37676,3.373308,0,0,"CPU:CR800_Tlk_inlet_v1.1.CR8 -- Compiled in SequentialMode.  ",0,0,0,0,0,0,2097152,37572,"305  ",0,180,33800,36145,42673,0,0,"2026-06-07 11:59:04.01",7354,9678,0,0,0,0,"Input","Input","Input","Input",0,"4,678,678,5000  ","",0,-0.6830604,-0.06853043,-0.00679457,-0.002042814,0,0,-0.3415302,0,0,0,0,0,0,0,0,0,0,0,5,0,0,-2,0,0,11,0,0,0,0,0,0,0,0,0,0,0,0,0,0,0,0,0,0,0,0,0,0,0,0,0,0,0,0
"2026-06-07 13:00:05.49",132,"CR800.Std.32.05","01/06/2020",29708,"1025","009.007","1025","CPU:CR800_Tlk_inlet_v1.1.CR8","2026-06-04 09:12:24.9",1992,22673,0,3.485798,13.56587,3.373308,0,0,"CPU:CR800_Tlk_inlet_v1.1.CR8 -- Compiled in SequentialMode.  ",0,0,0,0,0,0,2097152,37572,"305  ",0,180,33800,36102,42673,0,0,"2026-06-07 12:58:52.01",7350,9678,0,0,0,0,"Input","Input","Input","Input",0,"4,678,678,5000  ","",0,-0.6830604,-0.06853043,-0.00679457,-0.002042814,0,0,-0.3415302,0,0,0,0,0,0,0,0,0,0,0,5,0,0,-2,0,0,11,0,0,0,0,0,0,0,0,0,0,0,0,0,0,0,0,0,0,0,0,0,0,0,0,0,0,0,0
"2026-06-07 14:00:05.37",133,"CR800.Std.32.05","01/06/2020",29708,"1025","009.007","1025","CPU:CR800_Tlk_inlet_v1.1.CR8","2026-06-04 09:12:24.9",1992,22673,0,4.53635,14.0419,3.372633,0,0,"CPU:CR800_Tlk_inlet_v1.1.CR8 -- Compiled in SequentialMode.  ",0,0,0,0,0,0,2097152,37572,"305  ",0,180,33800,36095,42673,0,0,"2026-06-07 13:58:40.01",7354,9678,0,0,0,0,"Input","Input","Input","Input",0,"4,678,678,5000  ","",0,-0.6829471,-0.06852809,-0.006794523,-0.002042811,0,0,-0.3414731,0,0,0,0,0,0,0,0,0,0,0,5,0,0,-2,0,0,11,0,0,0,0,0,0,0,0,0,0,0,0,0,0,0,0,0,0,0,0,0,0,0,0,0,0,0,0
"2026-06-07 15:00:53.89",135,"CR800.Std.32.05","01/06/2020",29708,"1025","009.007","1025","CPU:CR800_Tlk_inlet_v1.1.CR8","2026-06-04 09:12:24.9",1992,22673,0,6.41605,13.8109,3.373308,0,0,"CPU:CR800_Tlk_inlet_v1.1.CR8 -- Compiled in SequentialMode.  ",0,0,0,0,0,0,2097152,37572,"304  ",0,180,33800,32999,42673,0,0,"2026-06-07 15:00:00.05",7358,9678,0,0,0,0,"Input","Input","Input","Input",0,"4,678,678,5000  ","",0,-0.6828055,-0.06850851,-0.006792626,-0.002042315,0,0,-0.3413941,0,0,0,0,0,0,0,0,0,0,0,5,0,0,-2,0,0,11,0,0,0,0,0,0,0,0,0,0,0,0,0,0,0,0,0,0,0,0,0,0,0,0,0,0,0,0
"2026-06-07 16:00:05.86",136,"CR800.Std.32.05","01/06/2020",29708,"1025","009.007","1025","CPU:CR800_Tlk_inlet_v1.1.CR8","2026-06-04 09:12:24.9",1992,22673,0,5.65694,13.55011,3.372633,0,0,"CPU:CR800_Tlk_inlet_v1.1.CR8 -- Compiled in SequentialMode.  ",0,0,0,0,0,0,2097152,37572,"305  ",0,180,33800,36100,42673,0,0,"2026-06-07 15:59:48.01",7361,9678,0,0,0,0,"Input","Input","Input","Input",0,"4,678,678,5000  ","",0,-0.6828268,-0.0685216,-0.006793435,-0.002042369,0,0,-0.3414134,0,0,0,0,0,0,0,0,0,0,0,5,0,0,-1,0,0,11,0,0,0,0,0,0,0,0,0,0,0,0,0,0,0,0,0,0,0,0,0,0,0,0,0,0,0,0
"2026-06-07 17:00:05.46",137,"CR800.Std.32.05","01/06/2020",29708,"1025","009.007","1025","CPU:CR800_Tlk_inlet_v1.1.CR8","2026-06-04 09:12:24.9",1992,22673,0,4.622204,13.59652,3.373308,0,0,"CPU:CR800_Tlk_inlet_v1.1.CR8 -- Compiled in SequentialMode.  ",0,0,0,0,0,0,2097152,37572,"305  ",0,180,33800,36080,42673,0,0,"2026-06-07 16:59:36.01",7363,9678,0,0,0,0,"Input","Input","Input","Input",0,"4,678,678,5000  ","",0,-0.6829276,-0.0685304,-0.00679456,-0.002042805,0,0,-0.3414597,0,0,0,0,0,0,0,0,0,0,0,5,0,0,-2,0,0,11,0,0,0,0,0,0,0,0,0,0,0,0,0,0,0,0,0,0,0,0,0,0,0,0,0,0,0,0
"2026-06-07 18:00:05.44",138,"CR800.Std.32.05","01/06/2020",29708,"1025","009.007","1025","CPU:CR800_Tlk_inlet_v1.1.CR8","2026-06-04 09:12:24.9",1992,22673,0,4.127426,13.40228,3.371958,0,0,"CPU:CR800_Tlk_inlet_v1.1.CR8 -- Compiled in SequentialMode.  ",0,0,0,0,0,0,2097152,37572,"305  ",0,180,33800,36082,42673,0,0,"2026-06-07 17:59:24.01",7363,9678,0,0,0,0,"Input","Input","Input","Input",0,"4,678,678,5000  ","",0,-0.6829434,-0.0685304,-0.006794563,-0.002042811,0,0,-0.3414717,0,0,0,0,0,0,0,0,0,0,0,5,0,0,-1,0,0,11,0,0,0,0,0,0,0,0,0,0,0,0,0,0,0,0,0,0,0,0,0,0,0,0,0,0,0,0
"2026-06-07 19:00:05.39",139,"CR800.Std.32.05","01/06/2020",29708,"1025","009.007","1025","CPU:CR800_Tlk_inlet_v1.1.CR8","2026-06-04 09:12:24.9",1992,22673,0,3.612316,13.36005,3.371283,0,0,"CPU:CR800_Tlk_inlet_v1.1.CR8 -- Compiled in SequentialMode.  ",0,0,0,0,0,0,2097152,37572,"305  ",0,180,33800,36093,42673,0,0,"2026-06-07 18:59:12.01",7354,9678,0,0,0,0,"Input","Input","Input","Input",0,"4,678,678,5000  ","",0,-0.6830593,-0.0685304,-0.006794563,-0.002042811,0,0,-0.3415256,0,0,0,0,0,0,0,0,0,0,0,5,0,0,-1,0,0,11,0,0,0,0,0,0,0,0,0,0,0,0,0,0,0,0,0,0,0,0,0,0,0,0,0,0,0,0
"2026-06-07 20:00:25.56",141,"CR800.Std.32.05","01/06/2020",29708,"1025","009.007","1025","CPU:CR800_Tlk_inlet_v1.1.CR8","2026-06-04 09:12:24.9",1992,22673,0,3.056541,13.1209,3.370608,0,0,"CPU:CR800_Tlk_inlet_v1.1.CR8 -- Compiled in SequentialMode.  ",0,0,0,0,0,0,2097152,37572,"304  ",0,180,33800,36091,42673,0,0,"2026-06-07 19:59:00.05",7350,9678,0,0,0,0,"Input","Input","Input","Input",0,"4,678,678,5000  ","",0,-0.6830599,-0.0685304,-0.006794563,-0.002042811,0,0,-0.34153,0,0,0,0,0,0,0,0,0,0,0,5,0,0,-2,0,0,11,0,0,0,0,0,0,0,0,0,0,0,0,0,0,0,0,0,0,0,0,0,0,0,0,0,0,0,0
"2026-06-07 21:00:28.19",143,"CR800.Std.32.05","01/06/2020",29708,"1025","009.007","1025","CPU:CR800_Tlk_inlet_v1.1.CR8","2026-06-04 09:12:24.9",1992,22673,0,1.861397,13.06179,3.367233,0,0,"CPU:CR800_Tlk_inlet_v1.1.CR8 -- Compiled in SequentialMode.  ",0,0,0,0,0,0,2097152,37572,"304  ",0,180,33800,36093,42673,0,0,"2026-06-07 21:00:20.01",7363,9678,0,0,0,0,"Input","Input","Input","Input",0,"4,678,678,5000  ","",0,-0.6831702,-0.0685304,-0.006794563,-0.002042811,0,0,-0.34157,0,0,0,0,0,0,0,0,0,0,0,5,0,0,-2,0,0,11,0,0,0,0,0,0,0,0,0,0,0,0,0,0,0,0,0,0,0,0,0,0,0,0,0,0,0,0
"2026-06-07 22:00:05.51",144,"CR800.Std.32.05","01/06/2020",29708,"1025","009.007","1025","CPU:CR800_Tlk_inlet_v1.1.CR8","2026-06-04 09:12:24.9",1992,22673,0,1.032253,13.02468,3.365882,0,0,"CPU:CR800_Tlk_inlet_v1.1.CR8 -- Compiled in SequentialMode.  ",0,0,0,0,0,0,2097152,37572,"305  ",0,180,33800,36093,42673,0,0,"2026-06-07 21:58:36.01",7356,10138,0,0,0,0,"Input","Input","Input","Input",0,"4,678,678,5000  ","",0,-0.6832703,-0.06853943,-0.00679543,-0.002043044,0,0,-0.3416343,0,0,0,0,0,0,0,0,0,0,0,5,0,0,-2,0,0,11,0,0,0,0,0,0,0,0,0,0,0,0,0,0,0,0,0,0,0,0,0,0,0,0,0,0,0,0
"2026-06-07 23:00:24.94",146,"CR800.Std.32.05","01/06/2020",29708,"1025","009.007","1025","CPU:CR800_Tlk_inlet_v1.1.CR8","2026-06-04 09:12:24.9",1992,22673,0,0.2234421,12.93621,3.365207,0,0,"CPU:CR800_Tlk_inlet_v1.1.CR8 -- Compiled in SequentialMode.  ",0,0,0,0,0,0,2097152,37572,"304  ",0,180,33800,36141,42673,0,0,"2026-06-07 22:59:56.01",7361,10138,0,0,0,0,"Input","Input","Input","Input",0,"4,678,678,5000  ","",0,-0.6832933,-0.06854215,-0.00679573,-0.002043162,0,0,-0.3416467,0,0,0,0,0,0,0,0,0,0,0,5,0,0,-2,0,0,11,0,0,0,0,0,0,0,0,0,0,0,0,0,0,0,0,0,0,0,0,0,0,0,0,0,0,0,0
"2026-06-08 00:00:05.18",147,"CR800.Std.32.05","01/06/2020",29708,"1025","009.007","1025","CPU:CR800_Tlk_inlet_v1.1.CR8","2026-06-04 09:12:24.9",1992,22673,0,-0.691555,12.90495,3.362507,0,0,"CPU:CR800_Tlk_inlet_v1.1.CR8 -- Compiled in SequentialMode.  ",0,0,0,0,0,0,2097152,37572,"305  ",0,180,33800,36087,42673,0,0,"2026-06-07 23:59:44.01",7361,10138,0,0,0,0,"Input","Input","Input","Input",0,"4,678,678,5000  ","",0,-0.6834068,-0.06854472,-0.006795826,-0.002043184,0,0,-0.3417033,0,0,0,0,0,0,0,0,0,0,0,5,0,0,-2,0,0,11,0,0,0,0,0,0,0,0,0,0,0,0,0,0,0,0,0,0,0,0,0,0,0,0,0,0,0,0
"2026-06-08 01:00:05.16",148,"CR800.Std.32.05","01/06/2020",29708,"1025","009.007","1025","CPU:CR800_Tlk_inlet_v1.1.CR8","2026-06-04 09:12:24.9",1992,22673,0,-1.651737,12.8504,3.361832,0,0,"CPU:CR800_Tlk_inlet_v1.1.CR8 -- Compiled in SequentialMode.  ",0,0,0,0,0,0,2097152,37572,"305  ",0,180,33800,36093,42673,0,0,"2026-06-08 00:59:32.01",7350,10138,0,0,0,0,"Input","Input","Input","Input",0,"4,678,678,5000  ","",0,-0.683477,-0.06855297,-0.006796684,-0.002043409,0,0,-0.3417498,0,0,0,0,0,0,0,0,0,0,0,5,0,0,-2,0,0,11,0,0,0,0,0,0,0,0,0,0,0,0,0,0,0,0,0,0,0,0,0,0,0,0,0,0,0,0
"2026-06-08 02:00:05.45",149,"CR800.Std.32.05","01/06/2020",29708,"1025","009.007","1025","CPU:CR800_Tlk_inlet_v1.1.CR8","2026-06-04 09:12:24.9",1992,22673,0,-2.399548,12.84601,3.360482,0,0,"CPU:CR800_Tlk_inlet_v1.1.CR8 -- Compiled in SequentialMode.  ",0,0,0,0,0,0,2097152,37572,"305  ",0,180,33800,36080,42673,0,0,"2026-06-08 01:59:20.01",7348,10138,0,0,0,0,"Input","Input","Input","Input",0,"4,678,678,5000  ","",0,-0.6835269,-0.06855389,-0.006796894,-0.002043512,0,0,-0.3417635,0,0,0,0,0,0,0,0,0,0,0,5,0,0,-2,0,0,11,0,0,0,0,0,0,0,0,0,0,0,0,0,0,0,0,0,0,0,0,0,0,0,0,0,0,0,0
"2026-06-08 03:00:05.14",150,"CR800.Std.32.05","01/06/2020",29708,"1025","009.007","1025","CPU:CR800_Tlk_inlet_v1.1.CR8","2026-06-04 09:12:24.9",1992,22673,0,-3.041176,12.84044,3.358457,0,0,"CPU:CR800_Tlk_inlet_v1.1.CR8 -- Compiled in SequentialMode.  ",0,0,0,0,0,0,2097152,37572,"305  ",0,180,33800,36158,42673,0,0,"2026-06-08 02:59:08.01",7356,10138,0,0,0,0,"Input","Input","Input","Input",0,"4,678,678,5000  ","",0,-0.6835269,-0.06855891,-0.006797109,-0.002043541,0,0,-0.3417635,0,0,0,0,0,0,0,0,0,0,0,5,0,0,-2,0,0,11,0,0,0,0,0,0,0,0,0,0,0,0,0,0,0,0,0,0,0,0,0,0,0,0,0,0,0,0
"2026-06-08 04:00:05.11",151,"CR800.Std.32.05","01/06/2020",29708,"1025","009.007","1025","CPU:CR800_Tlk_inlet_v1.1.CR8","2026-06-04 09:12:24.9",1992,22673,0,-3.66473,12.84601,3.356431,0,0,"CPU:CR800_Tlk_inlet_v1.1.CR8 -- Compiled in SequentialMode.  ",0,0,0,0,0,0,2097152,37572,"305  ",0,180,33800,36078,42673,0,0,"2026-06-08 03:58:56.01",7354,10138,0,0,0,0,"Input","Input","Input","Input",0,"4,678,678,5000  ","",0,-0.6835269,-0.06856542,-0.006797993,-0.002043827,0,0,-0.3417635,0,0,0,0,0,0,0,0,0,0,0,5,0,0,-2,0,0,11,0,0,0,0,0,0,0,0,0,0,0,0,0,0,0,0,0,0,0,0,0,0,0,0,0,0,0,0
"2026-06-08 05:00:05.32",152,"CR800.Std.32.05","01/06/2020",29708,"1025","009.007","1025","CPU:CR800_Tlk_inlet_v1.1.CR8","2026-06-04 09:12:24.9",1992,22673,0,-4.05106,12.8377,3.355081,0,0,"CPU:CR800_Tlk_inlet_v1.1.CR8 -- Compiled in SequentialMode.  ",0,0,0,0,0,0,2097152,37572,"305  ",0,180,33800,36082,42673,0,0,"2026-06-08 04:58:44.01",7343,10138,0,0,0,0,"Input","Input","Input","Input",0,"4,678,678,5000  ","",0,-0.6836705,-0.06856686,-0.006798155,-0.002043877,0,0,-0.3418369,0,0,0,0,0,0,0,0,0,0,0,5,0,0,-2,0,0,11,0,0,0,0,0,0,0,0,0,0,0,0,0,0,0,0,0,0,0,0,0,0,0,0,0,0,0,0
"2026-06-08 06:00:05.29",153,"CR800.Std.32.05","01/06/2020",29708,"1025","009.007","1025","CPU:CR800_Tlk_inlet_v1.1.CR8","2026-06-04 09:12:24.9",1992,22673,0,-4.376392,12.81699,3.352381,0,0,"CPU:CR800_Tlk_inlet_v1.1.CR8 -- Compiled in SequentialMode.  ",0,0,0,0,0,0,2097152,37572,"305  ",0,180,33800,36067,42673,0,0,"2026-06-08 06:00:04.01",7343,10138,0,0,0,0,"Input","Input","Input","Input",0,"4,678,678,5000  ","",0,-0.6837606,-0.06856719,-0.006798279,-0.002043928,0,0,-0.3418793,0,0,0,0,0,0,0,0,0,0,0,5,0,0,-2,0,0,11,0,0,0,0,0,0,0,0,0,0,0,0,0,0,0,0,0,0,0,0,0,0,0,0,0,0,0,0
"2026-06-08 07:00:05.82",154,"CR800.Std.32.05","01/06/2020",29708,"1025","009.007","1025","CPU:CR800_Tlk_inlet_v1.1.CR8","2026-06-04 09:12:24.9",1992,22673,0,-4.353802,12.8671,3.353056,0,0,"CPU:CR800_Tlk_inlet_v1.1.CR8 -- Compiled in SequentialMode.  ",0,0,0,0,0,0,2097152,37572,"305  ",0,180,33800,36069,42673,0,0,"2026-06-08 06:59:52.01",7343,10138,0,0,0,0,"Input","Input","Input","Input",0,"4,678,678,5000  ","",0,-0.6837606,-0.06856588,-0.006798122,-0.002043892,0,0,-0.3418803,0,0,0,0,0,0,0,0,0,0,0,5,0,0,-2,0,0,11,0,0,0,0,0,0,0,0,0,0,0,0,0,0,0,0,0,0,0,0,0,0,0,0,0,0,0,0
"2026-06-08 08:00:05.43",155,"CR800.Std.32.05","01/06/2020",29708,"1025","009.007","1025","CPU:CR800_Tlk_inlet_v1.1.CR8","2026-06-04 09:12:24.9",1992,22673,0,-4.159504,12.96732,3.351706,0,0,"CPU:CR800_Tlk_inlet_v1.1.CR8 -- Compiled in SequentialMode.  ",0,0,0,0,0,0,2097152,37572,"305  ",0,180,33800,36078,42673,0,0,"2026-06-08 07:59:40.01",7339,10138,0,0,0,0,"Input","Input","Input","Input",0,"4,678,678,5000  ","",0,-0.6837606,-0.06856582,-0.006798108,-0.002043887,0,0,-0.3418784,0,0,0,0,0,0,0,0,0,0,0,5,0,0,-2,0,0,11,0,0,0,0,0,0,0,0,0,0,0,0,0,0,0,0,0,0,0,0,0,0,0,0,0,0,0,0
"2026-06-08 09:00:05.76",156,"CR800.Std.32.05","01/06/2020",29708,"1025","009.007","1025","CPU:CR800_Tlk_inlet_v1.1.CR8","2026-06-04 09:12:24.9",1992,22673,0,-3.407173,13.20788,3.353056,0,0,"CPU:CR800_Tlk_inlet_v1.1.CR8 -- Compiled in SequentialMode.  ",0,0,0,0,0,0,2097152,37572,"305  ",0,180,33800,36085,42673,0,0,"2026-06-08 08:59:28.01",7350,10138,0,0,0,0,"Input","Input","Input","Input",0,"4,678,678,5000  ","",0,-0.6835307,-0.06856567,-0.006798064,-0.002043864,0,0,-0.3417649,0,0,0,0,0,0,0,0,0,0,0,5,0,0,-2,0,0,11,0,0,0,0,0,0,0,0,0,0,0,0,0,0,0,0,0,0,0,0,0,0,0,0,0,0,0,0
"2026-06-08 10:00:05.56",157,"CR800.Std.32.05","01/06/2020",29708,"1025","009.007","1025","CPU:CR800_Tlk_inlet_v1.1.CR8","2026-06-04 09:12:24.9",1992,22673,0,-2.121662,13.60854,3.357106,0,0,"CPU:CR800_Tlk_inlet_v1.1.CR8 -- Compiled in SequentialMode.  ",0,0,0,0,0,0,2097152,37572,"305  ",0,180,33800,36089,42673,0,0,"2026-06-08 09:59:16.01",7354,10138,0,0,0,0,"Input","Input","Input","Input",0,"4,678,678,5000  ","",0,-0.6835272,-0.06855394,-0.006796911,-0.002043527,0,0,-0.3417636,0,0,0,0,0,0,0,0,0,0,0,5,0,0,-2,0,0,11,0,0,0,0,0,0,0,0,0,0,0,0,0,0,0,0,0,0,0,0,0,0,0,0,0,0,0,0
"2026-06-08 11:00:05.58",158,"CR800.Std.32.05","01/06/2020",29708,"1025","009.007","1025","CPU:CR800_Tlk_inlet_v1.1.CR8","2026-06-04 09:12:24.9",1992,22673,0,-1.075626,14.17944,3.359131,0,0,"CPU:CR800_Tlk_inlet_v1.1.CR8 -- Compiled in SequentialMode.  ",0,0,0,0,0,0,2097152,37572,"305  ",0,180,33800,36095,42673,0,0,"2026-06-08 10:59:04.01",7356,10138,0,0,0,0,"Input","Input","Input","Input",0,"4,678,678,5000  ","",0,-0.6834121,-0.06854367,-0.006795937,-0.002043249,0,0,-0.3417023,0,0,0,0,0,0,0,0,0,0,0,5,0,0,-2,0,0,11,0,0,0,0,0,0,0,0,0,0,0,0,0,0,0,0,0,0,0,0,0,0,0,0,0,0,0,0
"2026-06-08 12:00:05.51",159,"CR800.Std.32.05","01/06/2020",29708,"1025","009.007","1025","CPU:CR800_Tlk_inlet_v1.1.CR8","2026-06-04 09:12:24.9",1992,22673,0,0.09692383,14.17708,3.359807,0,0,"CPU:CR800_Tlk_inlet_v1.1.CR8 -- Compiled in SequentialMode.  ",0,0,0,0,0,0,2097152,37572,"305  ",0,180,33800,36117,42673,0,0,"2026-06-08 11:58:52.01",7356,10138,0,0,0,0,"Input","Input","Input","Input",0,"4,678,678,5000  ","",0,-0.6832976,-0.06854218,-0.006795734,-0.002043164,0,0,-0.3416482,0,0,0,0,0,0,0,0,0,0,0,5,0,0,-2,0,0,11,0,0,0,0,0,0,0,0,0,0,0,0,0,0,0,0,0,0,0,0,0,0,0,0,0,0,0,0
"2026-06-08 13:00:53.95",162,"CR800.Std.32.05","01/06/2020",29708,"1025","009.007","1025","CPU:CR800_Tlk_inlet_v1.1.CR8","2026-06-04 09:12:24.9",1992,22673,0,1.416325,14.13498,3.361156,0,0,"CPU:CR800_Tlk_inlet_v1.1.CR8 -- Compiled in SequentialMode.  ",0,0,0,0,0,0,2097152,37572,"303  ",0,180,33800,32994,42673,0,0,"2026-06-08 13:00:12.01",7356,10138,0,0,0,0,"Input","Input","Input","Input",0,"4,678,678,5000  ","",0,-0.6831526,-0.06853314,-0.006795131,-0.002043043,0,0,-0.3415745,0,0,0,0,0,0,0,0,0,0,0,5,0,0,-2,0,0,11,0,0,0,0,0,0,0,0,0,0,0,0,0,0,0,0,0,0,0,0,0,0,0,0,0,0,0,0
"2026-06-08 14:00:05.35",163,"CR800.Std.32.05","01/06/2020",29708,"1025","009.007","1025","CPU:CR800_Tlk_inlet_v1.1.CR8","2026-06-04 09:12:24.9",1992,22673,0,2.950356,14.08316,3.361156,0,0,"CPU:CR800_Tlk_inlet_v1.1.CR8 -- Compiled in SequentialMode.  ",0,0,0,0,0,0,2097152,37572,"305  ",0,180,33800,36111,42673,0,0,"2026-06-08 14:00:00.05",7350,10138,0,0,0,0,"Input","Input","Input","Input",0,"4,678,678,5000  ","",0,-0.6830609,-0.06853043,-0.00679457,-0.002042814,0,0,-0.3415304,0,0,0,0,0,0,0,0,0,0,0,5,0,0,-2,0,0,11,0,0,0,0,0,0,0,0,0,0,0,0,0,0,0,0,0,0,0,0,0,0,0,0,0,0,0,0
"2026-06-08 15:00:31.03",165,"CR800.Std.32.05","01/06/2020",29708,"1025","009.007","1025","CPU:CR800_Tlk_inlet_v1.1.CR8","2026-06-04 09:12:24.9",1992,22673,0,3.079136,14.10539,3.361832,0,0,"CPU:CR800_Tlk_inlet_v1.1.CR8 -- Compiled in SequentialMode.  ",0,0,0,0,0,0,2097152,37572,"304  ",0,180,33800,33018,42673,0,0,"2026-06-08 14:59:48.01",7348,10138,0,0,0,0,"Input","Input","Input","Input",0,"4,678,678,5000  ","",0,-0.6830604,-0.06853043,-0.00679457,-0.002042814,0,0,-0.3415302,0,0,0,0,0,0,0,0,0,0,0,5,0,0,-2,0,0,11,0,0,0,0,0,0,0,0,0,0,0,0,0,0,0,0,0,0,0,0,0,0,0,0,0,0,0,0
"2026-06-08 16:00:05.43",166,"CR800.Std.32.05","01/06/2020",29708,"1025","009.007","1025","CPU:CR800_Tlk_inlet_v1.1.CR8","2026-06-04 09:12:24.9",1992,22673,0,2.930023,14.07758,3.362507,0,0,"CPU:CR800_Tlk_inlet_v1.1.CR8 -- Compiled in SequentialMode.  ",0,0,0,0,0,0,2097152,37572,"305  ",0,180,33800,36074,42673,0,0,"2026-06-08 15:59:36.01",7350,10138,0,0,0,0,"Input","Input","Input","Input",0,"4,678,678,5000  ","",0,-0.6830604,-0.06853043,-0.00679457,-0.002042814,0,0,-0.3415302,0,0,0,0,0,0,0,0,0,0,0,5,0,0,-2,0,0,11,0,0,0,0,0,0,0,0,0,0,0,0,0,0,0,0,0,0,0,0,0,0,0,0,0,0,0,0
"2026-06-08 17:00:05.49",167,"CR800.Std.32.05","01/06/2020",29708,"1025","009.007","1025","CPU:CR800_Tlk_inlet_v1.1.CR8","2026-06-04 09:12:24.9",1992,22673,0,2.609211,14.1332,3.361832,0,0,"CPU:CR800_Tlk_inlet_v1.1.CR8 -- Compiled in SequentialMode.  ",0,0,0,0,0,0,2097152,37572,"305  ",0,180,33800,36072,42673,0,0,"2026-06-08 16:59:24.01",7348,10138,0,0,0,0,"Input","Input","Input","Input",0,"4,678,678,5000  ","",0,-0.6830604,-0.06853043,-0.00679457,-0.002042814,0,0,-0.3415302,0,0,0,0,0,0,0,0,0,0,0,5,0,0,-1,0,0,11,0,0,0,0,0,0,0,0,0,0,0,0,0,0,0,0,0,0,0,0,0,0,0,0,0,0,0,0
"2026-06-08 18:00:25.18",169,"CR800.Std.32.05","01/06/2020",29708,"1025","009.007","1025","CPU:CR800_Tlk_inlet_v1.1.CR8","2026-06-04 09:12:24.9",1992,22673,0,2.245472,14.12327,3.361832,0,0,"CPU:CR800_Tlk_inlet_v1.1.CR8 -- Compiled in SequentialMode.  ",0,0,0,0,0,0,2097152,37572,"304  ",0,180,33800,36106,42673,0,0,"2026-06-08 17:59:12.01",7352,10138,0,0,0,0,"Input","Input","Input","Input",0,"4,678,678,5000  ","",0,-0.6831064,-0.06853043,-0.00679457,-0.002042814,0,0,-0.3415609,0,0,0,0,0,0,0,0,0,0,0,5,0,0,-2,0,0,11,0,0,0,0,0,0,0,0,0,0,0,0,0,0,0,0,0,0,0,0,0,0,0,0,0,0,0,0
"2026-06-08 19:00:06.48",170,"CR800.Std.32.05","01/06/2020",29708,"1025","009.007","1025","CPU:CR800_Tlk_inlet_v1.1.CR8","2026-06-04 09:12:24.9",1992,22673,0,2.75832,14.0164,3.361832,0,0,"CPU:CR800_Tlk_inlet_v1.1.CR8 -- Compiled in SequentialMode.  ",0,0,0,0,0,0,2097152,37572,"305  ",0,180,33800,36080,42673,0,0,"2026-06-08 18:59:00.05",7350,10138,0,0,0,0,"Input","Input","Input","Input",0,"4,678,678,5000  ","",0,-0.6830604,-0.06853043,-0.00679457,-0.002042814,0,0,-0.3415302,0,0,0,0,0,0,0,0,0,0,0,5,0,0,-2,0,0,11,0,0,0,0,0,0,0,0,0,0,0,0,0,0,0,0,0,0,0,0,0,0,0,0,0,0,0,0
"2026-06-08 20:00:05.59",171,"CR800.Std.32.05","01/06/2020",29708,"1025","009.007","1025","CPU:CR800_Tlk_inlet_v1.1.CR8","2026-06-04 09:12:24.9",1992,22673,0,2.288395,13.6058,3.362507,0,0,"CPU:CR800_Tlk_inlet_v1.1.CR8 -- Compiled in SequentialMode.  ",0,0,0,0,0,0,2097152,37572,"305  ",0,180,33800,36076,42673,0,0,"2026-06-08 19:58:48.01",7352,10138,0,0,0,0,"Input","Input","Input","Input",0,"4,678,678,5000  ","",0,-0.6831005,-0.06853043,-0.00679457,-0.002042814,0,0,-0.3415349,0,0,0,0,0,0,0,0,0,0,0,5,0,0,-2,0,0,11,0,0,0,0,0,0,0,0,0,0,0,0,0,0,0,0,0,0,0,0,0,0,0,0,0,0,0,0
"2026-06-08 21:00:06.88",172,"CR800.Std.32.05","01/06/2020",29708,"1025","009.007","1025","CPU:CR800_Tlk_inlet_v1.1.CR8","2026-06-04 09:12:24.9",1992,22673,0,0.7136993,13.40324,3.358457,0,0,"CPU:CR800_Tlk_inlet_v1.1.CR8 -- Compiled in SequentialMode.  ",0,0,0,0,0,0,2097152,37572,"305  ",0,180,33800,36087,42673,0,0,"2026-06-08 20:58:36.01",7354,10138,0,0,0,0,"Input","Input","Input","Input",0,"4,678,678,5000  ","",0,-0.6832795,-0.06854177,-0.006795588,-0.002043073,0,0,-0.3416402,0,0,0,0,0,0,0,0,0,0,0,5,0,0,-2,0,0,11,0,0,0,0,0,0,0,0,0,0,0,0,0,0,0,0,0,0,0,0,0,0,0,0,0,0,0,0
"2026-06-08 22:00:05.48",173,"CR800.Std.32.05","01/06/2020",29708,"1025","009.007","1025","CPU:CR800_Tlk_inlet_v1.1.CR8","2026-06-04 09:12:24.9",1992,22673,0,-0.7344818,13.11635,3.357106,0,0,"CPU:CR800_Tlk_inlet_v1.1.CR8 -- Compiled in SequentialMode.  ",0,0,0,0,0,0,2097152,37572,"305  ",0,180,33800,36091,42673,0,0,"2026-06-08 21:59:56.01",7358,10138,0,0,0,0,"Input","Input","Input","Input",0,"4,678,678,5000  ","",0,-0.683404,-0.06854315,-0.006795907,-0.00204322,0,0,-0.3417028,0,0,0,0,0,0,0,0,0,0,0,5,0,0,-2,0,0,11,0,0,0,0,0,0,0,0,0,0,0,0,0,0,0,0,0,0,0,0,0,0,0,0,0,0,0,0
"2026-06-08 23:00:05.83",174,"CR800.Std.32.05","01/06/2020",29708,"1025","009.007","1025","CPU:CR800_Tlk_inlet_v1.1.CR8","2026-06-04 09:12:24.9",1992,22673,0,-1.757923,13.06264,3.354406,0,0,"CPU:CR800_Tlk_inlet_v1.1.CR8 -- Compiled in SequentialMode.  ",0,0,0,0,0,0,2097152,37572,"305  ",0,180,33800,36128,42673,0,0,"2026-06-08 22:59:44.01",7352,10138,0,0,0,0,"Input","Input","Input","Input",0,"4,678,678,5000  ","",0,-0.6835085,-0.06855234,-0.00679646,-0.002043298,0,0,-0.3417557,0,0,0,0,0,0,0,0,0,0,0,5,0,0,-2,0,0,11,0,0,0,0,0,0,0,0,0,0,0,0,0,0,0,0,0,0,0,0,0,0,0,0,0,0,0,0
"2026-06-09 00:00:05.43",175,"CR800.Std.32.05","01/06/2020",29708,"1025","009.007","1025","CPU:CR800_Tlk_inlet_v1.1.CR8","2026-06-04 09:12:24.9",1992,22673,0,-2.955326,13.05195,3.351031,0,0,"CPU:CR800_Tlk_inlet_v1.1.CR8 -- Compiled in SequentialMode.  ",0,0,0,0,0,0,2097152,37572,"305  ",0,180,33800,36082,42673,0,0,"2026-06-08 23:59:32.01",7348,10138,0,0,0,0,"Input","Input","Input","Input",0,"4,678,678,5000  ","",0,-0.6835269,-0.06855389,-0.006796894,-0.002043512,0,0,-0.3417635,0,0,0,0,0,0,0,0,0,0,0,5,0,0,-2,0,0,11,0,0,0,0,0,0,0,0,0,0,0,0,0,0,0,0,0,0,0,0,0,0,0,0,0,0,0,0
"2026-06-09 01:00:05.12",176,"CR800.Std.32.05","01/06/2020",29708,"1025","009.007","1025","CPU:CR800_Tlk_inlet_v1.1.CR8","2026-06-04 09:12:24.9",1992,22673,0,-3.816097,13.00742,3.348331,0,0,"CPU:CR800_Tlk_inlet_v1.1.CR8 -- Compiled in SequentialMode.  ",0,0,0,0,0,0,2097152,37572,"305  ",0,180,33800,36093,42673,0,0,"2026-06-09 00:59:20.01",7350,10138,0,0,0,0,"Input","Input","Input","Input",0,"4,678,678,5000  ","",0,-0.6835269,-0.06856521,-0.006797964,-0.002043821,0,0,-0.3417665,0,0,0,0,0,0,0,0,0,0,0,5,0,0,-2,0,0,11,0,0,0,0,0,0,0,0,0,0,0,0,0,0,0,0,0,0,0,0,0,0,0,0,0,0,0,0
"2026-06-09 02:00:05.45",177,"CR800.Std.32.05","01/06/2020",29708,"1025","009.007","1025","CPU:CR800_Tlk_inlet_v1.1.CR8","2026-06-04 09:12:24.9",1992,22673,0,-4.396725,12.98953,3.348331,0,0,"CPU:CR800_Tlk_inlet_v1.1.CR8 -- Compiled in SequentialMode.  ",0,0,0,0,0,0,2097152,37572,"305  ",0,180,33800,36104,42673,0,0,"2026-06-09 01:59:08.01",7339,10138,0,0,0,0,"Input","Input","Input","Input",0,"4,678,678,5000  ","",0,-0.6837581,-0.06856586,-0.006798109,-0.002043882,0,0,-0.3418795,0,0,0,0,0,0,0,0,0,0,0,5,0,0,-2,0,0,11,0,0,0,0,0,0,0,0,0,0,0,0,0,0,0,0,0,0,0,0,0,0,0,0,0,0,0,0
"2026-06-09 03:00:05.24",178,"CR800.Std.32.05","01/06/2020",29708,"1025","009.007","1025","CPU:CR800_Tlk_inlet_v1.1.CR8","2026-06-04 09:12:24.9",1992,22673,0,-4.787579,12.94505,3.34563,0,0,"CPU:CR800_Tlk_inlet_v1.1.CR8 -- Compiled in SequentialMode.  ",0,0,0,0,0,0,2097152,37572,"305  ",0,180,33800,36095,42673,0,0,"2026-06-09 02:58:56.01",7348,10138,0,0,0,0,"Input","Input","Input","Input",0,"4,678,678,5000  ","",0,-0.6837606,-0.06857198,-0.006798596,-0.00204401,0,0,-0.3418803,0,0,0,0,0,0,0,0,0,0,0,5,0,0,-2,0,0,11,0,0,0,0,0,0,0,0,0,0,0,0,0,0,0,0,0,0,0,0,0,0,0,0,0,0,0,0
"2026-06-09 04:00:05.12",179,"CR800.Std.32.05","01/06/2020",29708,"1025","009.007","1025","CPU:CR800_Tlk_inlet_v1.1.CR8","2026-06-04 09:12:24.9",1992,22673,0,-4.981873,12.94505,3.34293,0,0,"CPU:CR800_Tlk_inlet_v1.1.CR8 -- Compiled in SequentialMode.  ",0,0,0,0,0,0,2097152,37572,"305  ",0,180,33800,36091,42673,0,0,"2026-06-09 03:58:44.01",7343,10138,0,0,0,0,"Input","Input","Input","Input",0,"4,678,678,5000  ","",0,-0.6837606,-0.06857724,-0.006799169,-0.002044179,0,0,-0.3418803,0,0,0,0,0,0,0,0,0,0,0,5,0,0,-2,0,0,11,0,0,0,0,0,0,0,0,0,0,0,0,0,0,0,0,0,0,0,0,0,0,0,0,0,0,0,0
"2026-08-03 05:17:52.27",394,"CR800.Std.32.05","01/06/2020",29708,"1025","009.007","1025","CPU:CR800_Tlk_inlet_v1.1.CR8","2026-06-04 09:12:24.9",1992,22673,0,9.660328,12.75622,3.39626,0,0,"CPU:CR800_Tlk_inlet_v1.1.CR8 -- Compiled in SequentialMode.  ",0,0,0,0,0,0,2097152,37572,"304  ",0,180,33800,33107,58953,0,0,"2026-08-03 05:16:40.01",7356,10957,0,0,0,0,"Input","Input","Input","Input",0,"4,678,678,5000  ","",0,-0.6825938,-0.06850693,-0.006792238,-0.002042111,0,0,-0.3412969,0,0,0,0,0,0,0,0,0,0,0,5,0,0,-1,0,0,11,0,0,0,0,0,0,0,0,0,0,0,0,0,0,0,0,0,0,0,0,0,0,0,0,0,0,0,0
"2026-08-03 06:00:57.39",396,"CR800.Std.32.05","01/06/2020",29708,"1025","009.007","1025","CPU:CR800_Tlk_inlet_v1.1.CR8","2026-06-04 09:12:24.9",1992,22673,0,9.547367,12.77289,3.39626,0,0,"CPU:CR800_Tlk_inlet_v1.1.CR8 -- Compiled in SequentialMode.  ",0,0,0,0,0,0,2097152,37572,"304  ",0,180,33800,32981,58953,0,0,"2026-08-03 05:59:36.01",7352,10957,0,0,0,0,"Input","Input","Input","Input",0,"4,678,678,5000  ","",0,-0.6825938,-0.06850693,-0.006792238,-0.002042111,0,0,-0.3412969,0,0,0,0,0,0,0,0,0,0,0,5,0,0,-2,0,0,11,0,0,0,0,0,0,0,0,0,0,0,0,0,0,0,0,0,0,0,0,0,0,0,0,0,0,0,0
"2026-08-03 07:00:08.84",397,"CR800.Std.32.05","01/06/2020",29708,"1025","009.007","1025","CPU:CR800_Tlk_inlet_v1.1.CR8","2026-06-04 09:12:24.9",1992,22673,0,9.615147,12.78401,3.39626,0,0,"CPU:CR800_Tlk_inlet_v1.1.CR8 -- Compiled in SequentialMode.  ",0,0,0,0,0,0,2097152,37572,"305  ",0,180,33800,36100,58953,0,0,"2026-08-03 06:59:24.01",7350,10957,0,0,0,0,"Input","Input","Input","Input",0,"4,678,678,5000  ","",0,-0.6825938,-0.06850693,-0.006792238,-0.002042111,0,0,-0.3412969,0,0,0,0,0,0,0,0,0,0,0,5,0,0,-1,0,0,11,0,0,0,0,0,0,0,0,0,0,0,0,0,0,0,0,0,0,0,0,0,0,0,0,0,0,0,0
"2026-08-03 08:22:08.04",398,"CR800.Std.32.05","01/06/2020",29708,"1025","009.007","1025","CPU:CR800_Tlk_inlet_v1.1.CR8","2026-06-04 09:12:24.9",1992,22673,0,10.13251,12.73398,3.39491,0,0,"CPU:CR800_Tlk_inlet_v1.1.CR8 -- Compiled in SequentialMode.  ",0,0,0,0,0,0,2097152,37572,"305  ",0,180,33800,33159,58953,0,0,"2026-08-03 08:20:40.01",7354,10957,0,0,0,0,"Input","Input","Input","Input",0,"4,678,678,5000  ","",0,-0.6825938,-0.06850693,-0.006792238,-0.002042111,0,0,-0.3412969,0,0,0,0,0,0,0,0,0,0,0,5,0,0,-1,0,0,11,0,0,0,0,0,0,0,0,0,0,0,0,0,0,0,0,0,0,0,0,0,0,0,0,0,0,0,0
"2026-08-03 09:00:09.29",399,"CR800.Std.32.05","01/06/2020",29708,"1025","009.007","1025","CPU:CR800_Tlk_inlet_v1.1.CR8","2026-06-04 09:12:24.9",1992,22673,0,10.67473,12.78799,3.395585,0,0,"CPU:CR800_Tlk_inlet_v1.1.CR8 -- Compiled in SequentialMode.  ",0,0,0,0,0,0,2097152,37572,"305  ",0,180,33800,36067,58953,0,0,"2026-08-03 08:59:00.05",7348,10957,0,0,0,0,"Input","Input","Input","Input",0,"4,678,678,5000  ","",0,-0.6825266,-0.06850478,-0.006792048,-0.002042081,0,0,-0.3412479,0,0,0,0,0,0,0,0,0,0,0,5,0,0,-1,0,0,11,0,0,0,0,0,0,0,0,0,0,0,0,0,0,0,0,0,0,0,0,0,0,0,0,0,0,0,0
"2026-08-03 10:00:28.83",401,"CR800.Std.32.05","01/06/2020",29708,"1025","009.007","1025","CPU:CR800_Tlk_inlet_v1.1.CR8","2026-06-04 09:12:24.9",1992,22673,0,12.16358,12.80881,3.395585,0,0,"CPU:CR800_Tlk_inlet_v1.1.CR8 -- Compiled in SequentialMode.  ",0,0,0,0,0,0,2097152,37572,"304  ",0,180,33800,36080,58953,0,0,"2026-08-03 10:00:20.01",7417,10957,0,0,0,0,"Input","Input","Input","Input",0,"4,678,678,5000  ","",0,-0.6824199,-0.068496,-0.006791307,-0.002041878,0,0,-0.3412021,0,0,0,0,0,0,0,0,0,0,0,5,0,0,-1,0,0,11,0,0,0,0,0,0,0,0,0,0,0,0,0,0,0,0,0,0,0,0,0,0,0,0,0,0,0,0
"2026-08-03 11:00:09.29",402,"CR800.Std.32.05","01/06/2020",29708,"1025","009.007","1025","CPU:CR800_Tlk_inlet_v1.1.CR8","2026-06-04 09:12:24.9",1992,22673,0,14.34828,13.06532,3.39491,0,0,"CPU:CR800_Tlk_inlet_v1.1.CR8 -- Compiled in SequentialMode.  ",0,0,0,0,0,0,2097152,37572,"305  ",0,180,33800,36061,58953,0,0,"2026-08-03 11:00:08.01",7348,10957,0,0,0,0,"Input","Input","Input","Input",0,"4,678,678,5000  ","",0,-0.6821786,-0.06848352,-0.006789931,-0.00204143,0,0,-0.3410883,0,0,0,0,0,0,0,0,0,0,0,5,0,0,-1,0,0,11,0,0,0,0,0,0,0,0,0,0,0,0,0,0,0,0,0,0,0,0,0,0,0,0,0,0,0,0
"2026-08-03 12:00:09.02",403,"CR800.Std.32.05","01/06/2020",29708,"1025","009.007","1025","CPU:CR800_Tlk_inlet_v1.1.CR8","2026-06-04 09:12:24.9",1992,22673,0,16.21668,13.20854,3.395585,0,0,"CPU:CR800_Tlk_inlet_v1.1.CR8 -- Compiled in SequentialMode.  ",0,0,0,0,0,0,2097152,37572,"305  ",0,180,33800,36072,58953,0,0,"2026-08-03 11:59:56.01",7345,10957,0,0,0,0,"Input","Input","Input","Input",0,"4,678,678,5000  ","",0,-0.6821285,-0.06848351,-0.006789918,-0.002041416,0,0,-0.3410643,0,0,0,0,0,0,0,0,0,0,0,5,0,0,-1,0,0,11,0,0,0,0,0,0,0,0,0,0,0,0,0,0,0,0,0,0,0,0,0,0,0,0,0,0,0,0
"2026-08-03 13:00:09.23",404,"CR800.Std.32.05","01/06/2020",29708,"1025","009.007","1025","CPU:CR800_Tlk_inlet_v1.1.CR8","2026-06-04 09:12:24.9",1992,22673,0,17.03679,12.93419,3.398285,0,0,"CPU:CR800_Tlk_inlet_v1.1.CR8 -- Compiled in SequentialMode.  ",0,0,0,0,0,0,2097152,37572,"305  ",0,180,33800,36061,58953,0,0,"2026-08-03 12:59:44.01",7352,10957,0,0,0,0,"Input","Input","Input","Input",0,"4,678,678,5000  ","",0,-0.6820129,-0.06848351,-0.006789918,-0.002041416,0,0,-0.341007,0,0,0,0,0,0,0,0,0,0,0,5,0,0,0,0,0,11,0,0,0,0,0,0,0,0,0,0,0,0,0,0,0,0,0,0,0,0,0,0,0,0,0,0,0,0
"2026-08-03 14:00:09.18",405,"CR800.Std.32.05","01/06/2020",29708,"1025","009.007","1025","CPU:CR800_Tlk_inlet_v1.1.CR8","2026-06-04 09:12:24.9",1992,22673,0,16.83571,12.86786,3.398285,0,0,"CPU:CR800_Tlk_inlet_v1.1.CR8 -- Compiled in SequentialMode.  ",0,0,0,0,0,0,2097152,37572,"305  ",0,180,33800,36054,58953,0,0,"2026-08-03 13:59:32.01",7148,10957,0,0,0,0,"Input","Input","Input","Input",0,"4,678,678,5000  ","",0,-0.6820498,-0.06848351,-0.006789918,-0.002041416,0,0,-0.3410253,0,0,0,0,0,0,0,0,0,0,0,5,0,0,0,0,0,11,0,0,0,0,0,0,0,0,0,0,0,0,0,0,0,0,0,0,0,0,0,0,0,0,0,0,0,0
"2026-08-03 15:00:13.09",406,"CR800.Std.32.05","01/06/2020",29708,"1025","009.007","1025","CPU:CR800_Tlk_inlet_v1.1.CR8","2026-06-04 09:12:24.9",1992,22673,0,16.76116,12.82943,3.399635,0,0,"CPU:CR800_Tlk_inlet_v1.1.CR8 -- Compiled in SequentialMode.  ",0,0,0,0,0,0,2097152,37572,"305  ",0,180,33800,36054,58953,0,0,"2026-08-03 14:59:20.01",7148,10957,0,0,0,0,"Input","Input","Input","Input",0,"4,678,678,5000  ","",0,-0.6820456,-0.06848351,-0.006789918,-0.002041416,0,0,-0.3410324,0,0,0,0,0,0,0,0,0,0,0,5,0,0,0,0,0,11,0,0,0,0,0,0,0,0,0,0,0,0,0,0,0,0,0,0,0,0,0,0,0,0,0,0,0,0
"2026-08-03 16:00:58.35",409,"CR800.Std.32.05","01/06/2020",29708,"1025","009.007","1025","CPU:CR800_Tlk_inlet_v1.1.CR8","2026-06-04 09:12:24.9",1992,22673,0,16.56234,12.8583,3.399635,0,0,"CPU:CR800_Tlk_inlet_v1.1.CR8 -- Compiled in SequentialMode.  ",0,0,0,0,0,0,2097152,37572,"303  ",0,180,33800,32977,58953,0,0,"2026-08-03 16:00:40.01",7341,10957,0,0,0,0,"Input","Input","Input","Input",0,"4,678,678,5000  ","",0,-0.6821156,-0.06848351,-0.006789918,-0.002041416,0,0,-0.3410572,0,0,0,0,0,0,0,0,0,0,0,5,0,0,-1,0,0,11,0,0,0,0,0,0,0,0,0,0,0,0,0,0,0,0,0,0,0,0,0,0,0,0,0,0,0,0
"2026-08-03 17:00:09.34",410,"CR800.Std.32.05","01/06/2020",29708,"1025","009.007","1025","CPU:CR800_Tlk_inlet_v1.1.CR8","2026-06-04 09:12:24.9",1992,22673,0,15.82357,12.81417,3.399635,0,0,"CPU:CR800_Tlk_inlet_v1.1.CR8 -- Compiled in SequentialMode.  ",0,0,0,0,0,0,2097152,37572,"305  ",0,180,33800,36063,58953,0,0,"2026-08-03 16:58:56.01",7150,10957,0,0,0,0,"Input","Input","Input","Input",0,"4,678,678,5000  ","",0,-0.6821281,-0.06848351,-0.006789918,-0.002041416,0,0,-0.341064,0,0,0,0,0,0,0,0,0,0,0,5,0,0,0,0,0,11,0,0,0,0,0,0,0,0,0,0,0,0,0,0,0,0,0,0,0,0,0,0,0,0,0,0,0,0
"2026-08-03 18:00:10.13",411,"CR800.Std.32.05","01/06/2020",29708,"1025","009.007","1025","CPU:CR800_Tlk_inlet_v1.1.CR8","2026-06-04 09:12:24.9",1992,22673,0,15.43272,12.81972,3.399635,0,0,"CPU:CR800_Tlk_inlet_v1.1.CR8 -- Compiled in SequentialMode.  ",0,0,0,0,0,0,2097152,37572,"305  ",0,180,33800,36093,58953,0,0,"2026-08-03 17:58:44.01",7296,10957,0,0,0,0,"Input","Input","Input","Input",0,"4,678,678,5000  ","",0,-0.6821281,-0.06848351,-0.006789918,-0.002041416,0,0,-0.341064,0,0,0,0,0,0,0,0,0,0,0,5,0,0,0,0,0,11,0,0,0,0,0,0,0,0,0,0,0,0,0,0,0,0,0,0,0,0,0,0,0,0,0,0,0,0
"2026-08-03 19:00:09.5",412,"CR800.Std.32.05","01/06/2020",29708,"1025","009.007","1025","CPU:CR800_Tlk_inlet_v1.1.CR8","2026-06-04 09:12:24.9",1992,22673,0,16.16697,12.93081,3.402336,0,0,"CPU:CR800_Tlk_inlet_v1.1.CR8 -- Compiled in SequentialMode.  ",0,0,0,0,0,0,2097152,37572,"305  ",0,180,33800,36069,58953,0,0,"2026-08-03 19:00:04.01",7150,10957,0,0,0,0,"Input","Input","Input","Input",0,"4,678,678,5000  ","",0,-0.6821281,-0.06848351,-0.006789918,-0.002041416,0,0,-0.341064,0,0,0,0,0,0,0,0,0,0,0,5,0,0,0,0,0,11,0,0,0,0,0,0,0,0,0,0,0,0,0,0,0,0,0,0,0,0,0,0,0,0,0,0,0,0
"2026-08-03 20:00:09.18",413,"CR800.Std.32.05","01/06/2020",29708,"1025","009.007","1025","CPU:CR800_Tlk_inlet_v1.1.CR8","2026-06-04 09:12:24.9",1992,22673,0,17.2356,12.83985,3.403011,0,0,"CPU:CR800_Tlk_inlet_v1.1.CR8 -- Compiled in SequentialMode.  ",0,0,0,0,0,0,2097152,37572,"305  ",0,180,33800,36080,58953,0,0,"2026-08-03 19:59:52.01",7350,10957,0,0,0,0,"Input","Input","Input","Input",0,"4,678,678,5000  ","",0,-0.682016,-0.06848351,-0.006789918,-0.002041416,0,0,-0.3410073,0,0,0,0,0,0,0,0,0,0,0,5,0,0,-1,0,0,11,0,0,0,0,0,0,0,0,0,0,0,0,0,0,0,0,0,0,0,0,0,0,0,0,0,0,0,0
"2026-08-03 21:00:10.97",414,"CR800.Std.32.05","01/06/2020",29708,"1025","009.007","1025","CPU:CR800_Tlk_inlet_v1.1.CR8","2026-06-04 09:12:24.9",1992,22673,0,18.12349,12.81754,3.405711,0,0,"CPU:CR800_Tlk_inlet_v1.1.CR8 -- Compiled in SequentialMode.  ",0,0,0,0,0,0,2097152,37572,"305  ",0,180,33800,36067,58953,0,0,"2026-08-03 20:59:40.01",7152,10957,0,0,0,0,"Input","Input","Input","Input",0,"4,678,678,5000  ","",0,-0.682012,-0.06848254,-0.006789822,-0.002041398,0,0,-0.3409949,0,0,0,0,0,0,0,0,0,0,0,5,0,0,0,0,0,11,0,0,0,0,0,0,0,0,0,0,0,0,0,0,0,0,0,0,0,0,0,0,0,0,0,0,0,0
"2026-08-03 22:00:28.83",416,"CR800.Std.32.05","01/06/2020",29708,"1025","009.007","1025","CPU:CR800_Tlk_inlet_v1.1.CR8","2026-06-04 09:12:24.9",1992,22673,0,18.94585,12.77649,3.407737,0,0,"CPU:CR800_Tlk_inlet_v1.1.CR8 -- Compiled in SequentialMode.  ",0,0,0,0,0,0,2097152,37572,"304  ",0,180,33800,36080,58953,0,0,"2026-08-03 21:59:28.01",7298,10957,0,0,0,0,"Input","Input","Input","Input",0,"4,678,678,5000  ","",0,-0.6818958,-0.06846198,-0.006787692,-0.002040746,0,0,-0.3409479,0,0,0,0,0,0,0,0,0,0,0,5,0,0,0,0,0,11,0,0,0,0,0,0,0,0,0,0,0,0,0,0,0,0,0,0,0,0,0,0,0,0,0,0,0,0
"2026-08-03 23:00:09.3",417,"CR800.Std.32.05","01/06/2020",29708,"1025","009.007","1025","CPU:CR800_Tlk_inlet_v1.1.CR8","2026-06-04 09:12:24.9",1992,22673,0,16.41323,12.78567,3.402336,0,0,"CPU:CR800_Tlk_inlet_v1.1.CR8 -- Compiled in SequentialMode.  ",0,0,0,0,0,0,2097152,37572,"305  ",0,180,33800,36087,58953,0,0,"2026-08-03 22:59:16.01",7150,10957,0,0,0,0,"Input","Input","Input","Input",0,"4,678,678,5000  ","",0,-0.6820973,-0.06848348,-0.006789902,-0.002041399,0,0,-0.3410484,0,0,0,0,0,0,0,0,0,0,0,5,0,0,0,0,0,11,0,0,0,0,0,0,0,0,0,0,0,0,0,0,0,0,0,0,0,0,0,0,0,0,0,0,0,0
"2026-08-04 00:00:09.24",418,"CR800.Std.32.05","01/06/2020",29708,"1025","009.007","1025","CPU:CR800_Tlk_inlet_v1.1.CR8","2026-06-04 09:12:24.9",1992,22673,0,13.58917,12.78968,3.396935,0,0,"CPU:CR800_Tlk_inlet_v1.1.CR8 -- Compiled in SequentialMode.  ",0,0,0,0,0,0,2097152,37572,"305  ",0,180,33800,36065,58953,0,0,"2026-08-03 23:59:04.01",7356,10957,0,0,0,0,"Input","Input","Input","Input",0,"4,678,678,5000  ","",0,-0.6822919,-0.06848348,-0.006789912,-0.002041413,0,0,-0.3411407,0,0,0,0,0,0,0,0,0,0,0,5,0,0,-1,0,0,11,0,0,0,0,0,0,0,0,0,0,0,0,0,0,0,0,0,0,0,0,0,0,0,0,0,0,0,0
"2026-08-04 01:00:09.27",419,"CR800.Std.32.05","01/06/2020",29708,"1025","009.007","1025","CPU:CR800_Tlk_inlet_v1.1.CR8","2026-06-04 09:12:24.9",1992,22673,0,11.49485,12.77617,3.39356,0,0,"CPU:CR800_Tlk_inlet_v1.1.CR8 -- Compiled in SequentialMode.  ",0,0,0,0,0,0,2097152,37572,"305  ",0,180,33800,36076,58953,0,0,"2026-08-04 00:58:52.01",7352,10957,0,0,0,0,"Input","Input","Input","Input",0,"4,678,678,5000  ","",0,-0.6824734,-0.06849961,-0.006791536,-0.002041901,0,0,-0.3412376,0,0,0,0,0,0,0,0,0,0,0,5,0,0,-1,0,0,11,0,0,0,0,0,0,0,0,0,0,0,0,0,0,0,0,0,0,0,0,0,0,0,0,0,0,0,0
"2026-08-04 02:00:09.16",420,"CR800.Std.32.05","01/06/2020",29708,"1025","009.007","1025","CPU:CR800_Tlk_inlet_v1.1.CR8","2026-06-04 09:12:24.9",1992,22673,0,10.67473,12.76094,3.391535,0,0,"CPU:CR800_Tlk_inlet_v1.1.CR8 -- Compiled in SequentialMode.  ",0,0,0,0,0,0,2097152,37572,"305  ",0,180,33800,36171,58953,0,0,"2026-08-04 01:58:40.01",7352,10957,0,0,0,0,"Input","Input","Input","Input",0,"4,678,678,5000  ","",0,-0.6825349,-0.06850617,-0.006792078,-0.002042051,0,0,-0.3412624,0,0,0,0,0,0,0,0,0,0,0,5,0,0,-1,0,0,11,0,0,0,0,0,0,0,0,0,0,0,0,0,0,0,0,0,0,0,0,0,0,0,0,0,0,0,0
"2026-08-04 03:00:09.14",421,"CR800.Std.32.05","01/06/2020",29708,"1025","009.007","1025","CPU:CR800_Tlk_inlet_v1.1.CR8","2026-06-04 09:12:24.9",1992,22673,0,11.03847,12.7596,3.399635,0,0,"CPU:CR800_Tlk_inlet_v1.1.CR8 -- Compiled in SequentialMode.  ",0,0,0,0,0,0,2097152,37572,"305  ",0,180,33800,36091,58953,0,0,"2026-08-04 03:00:00.05",7345,10957,0,0,0,0,"Input","Input","Input","Input",0,"4,678,678,5000  ","",0,-0.6824775,-0.06850528,-0.006791994,-0.002042019,0,0,-0.3412388,0,0,0,0,0,0,0,0,0,0,0,5,0,0,-1,0,0,11,0,0,0,0,0,0,0,0,0,0,0,0,0,0,0,0,0,0,0,0,0,0,0,0,0,0,0,0
"2026-08-04 04:00:57.94",424,"CR800.Std.32.05","01/06/2020",29708,"1025","009.007","1025","CPU:CR800_Tlk_inlet_v1.1.CR8","2026-06-04 09:12:24.9",1992,22673,0,10.56177,12.72651,3.40166,0,0,"CPU:CR800_Tlk_inlet_v1.1.CR8 -- Compiled in SequentialMode.  ",0,0,0,0,0,0,2097152,37572,"303  ",0,180,33800,33122,58953,0,0,"2026-08-04 03:59:48.01",7343,10957,0,0,0,0,"Input","Input","Input","Input",0,"4,678,678,5000  ","",0,-0.6824882,-0.06850692,-0.006792226,-0.002042101,0,0,-0.341274,0,0,0,0,0,0,0,0,0,0,0,5,0,0,-1,0,0,11,0,0,0,0,0,0,0,0,0,0,0,0,0,0,0,0,0,0,0,0,0,0,0,0,0,0,0,0
"2026-08-04 05:00:28.76",426,"CR800.Std.32.05","01/06/2020",29708,"1025","009.007","1025","CPU:CR800_Tlk_inlet_v1.1.CR8","2026-06-04 09:12:24.9",1992,22673,0,10.51659,12.73263,3.400986,0,0,"CPU:CR800_Tlk_inlet_v1.1.CR8 -- Compiled in SequentialMode.  ",0,0,0,0,0,0,2097152,37572,"304  ",0,180,33800,36098,58953,0,0,"2026-08-04 04:59:36.01",7352,10957,0,0,0,0,"Input","Input","Input","Input",0,"4,678,678,5000  ","",0,-0.6825127,-0.06850396,-0.006791981,-0.002042041,0,0,-0.3412772,0,0,0,0,0,0,0,0,0,0,0,5,0,0,-1,0,0,11,0,0,0,0,0,0,0,0,0,0,0,0,0,0,0,0,0,0,0,0,0,0,0,0,0,0,0,0
"2026-08-04 06:00:08.97",427,"CR800.Std.32.05","01/06/2020",29708,"1025","009.007","1025","CPU:CR800_Tlk_inlet_v1.1.CR8","2026-06-04 09:12:24.9",1992,22673,0,10.67473,12.75443,3.400986,0,0,"CPU:CR800_Tlk_inlet_v1.1.CR8 -- Compiled in SequentialMode.  ",0,0,0,0,0,0,2097152,37572,"305  ",0,180,33800,36089,58953,0,0,"2026-08-04 05:59:24.01",7345,10957,0,0,0,0,"Input","Input","Input","Input",0,"4,678,678,5000  ","",0,-0.6825174,-0.06850459,-0.006792191,-0.002042109,0,0,-0.341246,0,0,0,0,0,0,0,0,0,0,0,5,0,0,-1,0,0,11,0,0,0,0,0,0,0,0,0,0,0,0,0,0,0,0,0,0,0,0,0,0,0,0,0,0,0,0
"2026-08-04 07:00:09.18",428,"CR800.Std.32.05","01/06/2020",29708,"1025","009.007","1025","CPU:CR800_Tlk_inlet_v1.1.CR8","2026-06-04 09:12:24.9",1992,22673,0,11.24407,12.73181,3.398961,0,0,"CPU:CR800_Tlk_inlet_v1.1.CR8 -- Compiled in SequentialMode.  ",0,0,0,0,0,0,2097152,37572,"305  ",0,180,33800,36082,58953,0,0,"2026-08-04 06:59:12.01",7350,10957,0,0,0,0,"Input","Input","Input","Input",0,"4,678,678,5000  ","",0,-0.6824775,-0.06850175,-0.006791627,-0.002041925,0,0,-0.3412358,0,0,0,0,0,0,0,0,0,0,0,5,0,0,-1,0,0,11,0,0,0,0,0,0,0,0,0,0,0,0,0,0,0,0,0,0,0,0,0,0,0,0,0,0,0,0
"2026-08-04 08:00:09.55",429,"CR800.Std.32.05","01/06/2020",29708,"1025","009.007","1025","CPU:CR800_Tlk_inlet_v1.1.CR8","2026-06-04 09:12:24.9",1992,22673,0,11.93314,12.75404,3.398961,0,0,"CPU:CR800_Tlk_inlet_v1.1.CR8 -- Compiled in SequentialMode.  ",0,0,0,0,0,0,2097152,37572,"305  ",0,180,33800,36091,58953,0,0,"2026-08-04 07:59:00.05",7348,10957,0,0,0,0,"Input","Input","Input","Input",0,"4,678,678,5000  ","",0,-0.6824775,-0.06849887,-0.006791513,-0.002041914,0,0,-0.3412355,0,0,0,0,0,0,0,0,0,0,0,5,0,0,-1,0,0,11,0,0,0,0,0,0,0,0,0,0,0,0,0,0,0,0,0,0,0,0,0,0,0,0,0,0,0,0
"2026-08-04 09:00:09.24",430,"CR800.Std.32.05","01/06/2020",29708,"1025","009.007","1025","CPU:CR800_Tlk_inlet_v1.1.CR8","2026-06-04 09:12:24.9",1992,22673,0,13.32936,12.74603,3.398285,0,0,"CPU:CR800_Tlk_inlet_v1.1.CR8 -- Compiled in SequentialMode.  ",0,0,0,0,0,0,2097152,37572,"305  ",0,180,33800,36065,58953,0,0,"2026-08-04 08:58:48.01",7356,10957,0,0,0,0,"Input","Input","Input","Input",0,"4,678,678,5000  ","",0,-0.6823493,-0.06848489,-0.006790218,-0.002041559,0,0,-0.341169,0,0,0,0,0,0,0,0,0,0,0,5,0,0,-1,0,0,11,0,0,0,0,0,0,0,0,0,0,0,0,0,0,0,0,0,0,0,0,0,0,0,0,0,0,0,0
"2026-08-04 10:00:28.94",432,"CR800.Std.32.05","01/06/2020",29708,"1025","009.007","1025","CPU:CR800_Tlk_inlet_v1.1.CR8","2026-06-04 09:12:24.9",1992,22673,0,14.68264,12.83658,3.398285,0,0,"CPU:CR800_Tlk_inlet_v1.1.CR8 -- Compiled in SequentialMode.  ",0,0,0,0,0,0,2097152,37572,"304  ",0,180,33800,36082,58953,0,0,"2026-08-04 10:00:08.01",7350,10957,0,0,0,0,"Input","Input","Input","Input",0,"4,678,678,5000  ","",0,-0.6821367,-0.06848351,-0.006789918,-0.002041416,0,0,-0.3410712,0,0,0,0,0,0,0,0,0,0,0,5,0,0,-1,0,0,11,0,0,0,0,0,0,0,0,0,0,0,0,0,0,0,0,0,0,0,0,0,0,0,0,0,0,0,0
"2026-08-04 11:00:09.17",433,"CR800.Std.32.05","01/06/2020",29708,"1025","009.007","1025","CPU:CR800_Tlk_inlet_v1.1.CR8","2026-06-04 09:12:24.9",1992,22673,0,16.21668,12.92526,3.398285,0,0,"CPU:CR800_Tlk_inlet_v1.1.CR8 -- Compiled in SequentialMode.  ",0,0,0,0,0,0,2097152,37572,"305  ",0,180,33800,36117,58953,0,0,"2026-08-04 10:59:56.01",7348,10957,0,0,0,0,"Input","Input","Input","Input",0,"4,678,678,5000  ","",0,-0.6821285,-0.06848351,-0.006789918,-0.002041416,0,0,-0.3410643,0,0,0,0,0,0,0,0,0,0,0,5,0,0,0,0,0,11,0,0,0,0,0,0,0,0,0,0,0,0,0,0,0,0,0,0,0,0,0,0,0,0,0,0,0,0
"2026-08-04 12:00:09.48",434,"CR800.Std.32.05","01/06/2020",29708,"1025","009.007","1025","CPU:CR800_Tlk_inlet_v1.1.CR8","2026-06-04 09:12:24.9",1992,22673,0,17.99471,12.92862,3.399635,0,0,"CPU:CR800_Tlk_inlet_v1.1.CR8 -- Compiled in SequentialMode.  ",0,0,0,0,0,0,2097152,37572,"305  ",0,180,33800,36108,58953,0,0,"2026-08-04 11:59:44.01",7296,10957,0,0,0,0,"Input","Input","Input","Input",0,"4,678,678,5000  ","",0,-0.6820124,-0.06847888,-0.00678969,-0.002041382,0,0,-0.3410037,0,0,0,0,0,0,0,0,0,0,0,5,0,0,0,0,0,11,0,0,0,0,0,0,0,0,0,0,0,0,0,0,0,0,0,0,0,0,0,0,0,0,0,0,0,0
"2026-08-04 13:00:09.07",435,"CR800.Std.32.05","01/06/2020",29708,"1025","009.007","1025","CPU:CR800_Tlk_inlet_v1.1.CR8","2026-06-04 09:12:24.9",1992,22673,0,18.55952,12.9765,3.403686,0,0,"CPU:CR800_Tlk_inlet_v1.1.CR8 -- Compiled in SequentialMode.  ",0,0,0,0,0,0,2097152,37572,"305  ",0,180,33800,36115,58953,0,0,"2026-08-04 12:59:32.01",7345,10957,0,0,0,0,"Input","Input","Input","Input",0,"4,678,678,5000  ","",0,-0.6819007,-0.06847506,-0.006788841,-0.002041084,0,0,-0.3409538,0,0,0,0,0,0,0,0,0,0,0,5,0,0,-1,0,0,11,0,0,0,0,0,0,0,0,0,0,0,0,0,0,0,0,0,0,0,0,0,0,0,0,0,0,0,0
"2026-08-04 14:00:09.38",436,"CR800.Std.32.05","01/06/2020",29708,"1025","009.007","1025","CPU:CR800_Tlk_inlet_v1.1.CR8","2026-06-04 09:12:24.9",1992,22673,0,20.02352,13.03723,3.408411,0,0,"CPU:CR800_Tlk_inlet_v1.1.CR8 -- Compiled in SequentialMode.  ",0,0,0,0,0,0,2097152,37572,"305  ",0,180,33800,36069,58953,0,0,"2026-08-04 13:59:20.01",7150,10957,0,0,0,0,"Input","Input","Input","Input",0,"4,678,678,5000  ","",0,-0.681863,-0.06846073,-0.006787708,-0.002040762,0,0,-0.3409261,0,0,0,0,0,0,0,0,0,0,0,5,0,0,0,0,0,11,0,0,0,0,0,0,0,0,0,0,0,0,0,0,0,0,0,0,0,0,0,0,0,0,0,0,0,0
"2026-08-04 15:00:15.07",437,"CR800.Std.32.05","01/06/2020",29708,"1025","009.007","1025","CPU:CR800_Tlk_inlet_v1.1.CR8","2026-06-04 09:12:24.9",1992,22673,0,21.67051,13.14439,3.410437,0,0,"CPU:CR800_Tlk_inlet_v1.1.CR8 -- Compiled in SequentialMode.  ",0,0,0,0,0,0,2097152,37572,"305  ",0,180,33800,36078,58953,0,0,"2026-08-04 14:59:08.01",7291,10957,0,0,0,0,"Input","Input","Input","Input",0,"4,678,678,5000  ","",0,-0.6816786,-0.06846006,-0.006787592,-0.002040716,0,0,-0.3408375,0,0,0,0,0,0,0,0,0,0,0,5,0,0,0,0,0,11,0,0,0,0,0,0,0,0,0,0,0,0,0,0,0,0,0,0,0,0,0,0,0,0,0,0,0,0
"2026-08-04 16:00:09.23",438,"CR800.Std.32.05","01/06/2020",29708,"1025","009.007","1025","CPU:CR800_Tlk_inlet_v1.1.CR8","2026-06-04 09:12:24.9",1992,22673,0,21.23221,13.11106,3.412462,0,0,"CPU:CR800_Tlk_inlet_v1.1.CR8 -- Compiled in SequentialMode.  ",0,0,0,0,0,0,2097152,37572,"305  ",0,180,33800,36054,58953,0,0,"2026-08-04 15:58:56.01",7296,10957,0,0,0,0,"Input","Input","Input","Input",0,"4,678,678,5000  ","",0,-0.6816772,-0.06846006,-0.006787592,-0.002040716,0,0,-0.3408371,0,0,0,0,0,0,0,0,0,0,0,5,0,0,0,0,0,11,0,0,0,0,0,0,0,0,0,0,0,0,0,0,0,0,0,0,0,0,0,0,0,0,0,0,0,0
"2026-08-04 17:00:09.22",439,"CR800.Std.32.05","01/06/2020",29708,"1025","009.007","1025","CPU:CR800_Tlk_inlet_v1.1.CR8","2026-06-04 09:12:24.9",1992,22673,0,20.61092,13.10634,3.410437,0,0,"CPU:CR800_Tlk_inlet_v1.1.CR8 -- Compiled in SequentialMode.  ",0,0,0,0,0,0,2097152,37572,"305  ",0,180,33800,36072,58953,0,0,"2026-08-04 16:58:44.01",7293,10957,0,0,0,0,"Input","Input","Input","Input",0,"4,678,678,5000  ","",0,-0.681712,-0.06846006,-0.006787592,-0.002040716,0,0,-0.3408579,0,0,0,0,0,0,0,0,0,0,0,5,0,0,0,0,0,11,0,0,0,0,0,0,0,0,0,0,0,0,0,0,0,0,0,0,0,0,0,0,0,0,0,0,0,0
"2026-08-04 18:00:10.52",440,"CR800.Std.32.05","01/06/2020",29708,"1025","009.007","1025","CPU:CR800_Tlk_inlet_v1.1.CR8","2026-06-04 09:12:24.9",1992,22673,0,21.09666,13.31059,3.411787,0,0,"CPU:CR800_Tlk_inlet_v1.1.CR8 -- Compiled in SequentialMode.  ",0,0,0,0,0,0,2097152,37572,"305  ",0,180,33800,36239,58953,0,0,"2026-08-04 18:00:04.01",7152,10957,0,0,0,0,"Input","Input","Input","Input",0,"4,678,678,5000  ","",0,-0.6816649,-0.06846018,-0.006787627,-0.002040731,0,0,-0.3408349,0,0,0,0,0,0,0,0,0,0,0,5,0,0,0,0,0,11,0,0,0,0,0,0,0,0,0,0,0,0,0,0,0,0,0,0,0,0,0,0,0,0,0,0,0,0
"2026-08-04 19:00:09.35",441,"CR800.Std.32.05","01/06/2020",29708,"1025","009.007","1025","CPU:CR800_Tlk_inlet_v1.1.CR8","2026-06-04 09:12:24.9",1992,22673,0,21.94614,13.18288,3.413137,0,0,"CPU:CR800_Tlk_inlet_v1.1.CR8 -- Compiled in SequentialMode.  ",0,0,0,0,0,0,2097152,37572,"305  ",0,180,33800,36117,58953,0,0,"2026-08-04 18:59:52.01",7150,10957,0,0,0,0,"Input","Input","Input","Input",0,"4,678,678,5000  ","",0,-0.6816633,-0.06846006,-0.006787592,-0.002040716,0,0,-0.3408317,0,0,0,0,0,0,0,0,0,0,0,5,0,0,0,0,0,11,0,0,0,0,0,0,0,0,0,0,0,0,0,0,0,0,0,0,0,0,0,0,0,0,0,0,0,0
"2026-08-04 20:00:09.47",442,"CR800.Std.32.05","01/06/2020",29708,"1025","009.007","1025","CPU:CR800_Tlk_inlet_v1.1.CR8","2026-06-04 09:12:24.9",1992,22673,0,21.34066,13.04966,3.411787,0,0,"CPU:CR800_Tlk_inlet_v1.1.CR8 -- Compiled in SequentialMode.  ",0,0,0,0,0,0,2097152,37572,"305  ",0,180,33800,36059,58953,0,0,"2026-08-04 19:59:40.01",7152,10957,0,0,0,0,"Input","Input","Input","Input",0,"4,678,678,5000  ","",0,-0.6816633,-0.06846006,-0.006787592,-0.002040716,0,0,-0.3408355,0,0,0,0,0,0,0,0,0,0,0,5,0,0,0,0,0,11,0,0,0,0,0,0,0,0,0,0,0,0,0,0,0,0,0,0,0,0,0,0,0,0,0,0,0,0
"2026-08-04 21:00:31.21",444,"CR800.Std.32.05","01/06/2020",29708,"1025","009.007","1025","CPU:CR800_Tlk_inlet_v1.1.CR8","2026-06-04 09:12:24.9",1992,22673,0,19.73207,12.9927,3.408411,0,0,"CPU:CR800_Tlk_inlet_v1.1.CR8 -- Compiled in SequentialMode.  ",0,0,0,0,0,0,2097152,37572,"304  ",0,180,33800,32977,58953,0,0,"2026-08-04 20:59:28.01",7150,10957,0,0,0,0,"Input","Input","Input","Input",0,"4,678,678,5000  ","",0,-0.6818817,-0.06846006,-0.006787592,-0.002040716,0,0,-0.3409419,0,0,0,0,0,0,0,0,0,0,0,5,0,0,0,0,0,11,0,0,0,0,0,0,0,0,0,0,0,0,0,0,0,0,0,0,0,0,0,0,0,0,0,0,0,0
"2026-08-04 22:00:29.29",446,"CR800.Std.32.05","01/06/2020",29708,"1025","009.007","1025","CPU:CR800_Tlk_inlet_v1.1.CR8","2026-06-04 09:12:24.9",1992,22673,0,20.02352,12.947,3.410437,0,0,"CPU:CR800_Tlk_inlet_v1.1.CR8 -- Compiled in SequentialMode.  ",0,0,0,0,0,0,2097152,37572,"304  ",0,180,33800,36061,58953,0,0,"2026-08-04 21:59:16.01",7152,10957,0,0,0,0,"Input","Input","Input","Input",0,"4,678,678,5000  ","",0,-0.6818276,-0.06846006,-0.006787592,-0.002040716,0,0,-0.3409193,0,0,0,0,0,0,0,0,0,0,0,5,0,0,0,0,0,11,0,0,0,0,0,0,0,0,0,0,0,0,0,0,0,0,0,0,0,0,0,0,0,0,0,0,0,0
"2026-08-04 23:00:09.51",447,"CR800.Std.32.05","01/06/2020",29708,"1025","009.007","1025","CPU:CR800_Tlk_inlet_v1.1.CR8","2026-06-04 09:12:24.9",1992,22673,0,18.97297,12.91529,3.408411,0,0,"CPU:CR800_Tlk_inlet_v1.1.CR8 -- Compiled in SequentialMode.  ",0,0,0,0,0,0,2097152,37572,"305  ",0,180,33800,36059,58953,0,0,"2026-08-04 22:59:04.01",7350,10957,0,0,0,0,"Input","Input","Input","Input",0,"4,678,678,5000  ","",0,-0.6818954,-0.0684639,-0.006787728,-0.00204073,0,0,-0.3409478,0,0,0,0,0,0,0,0,0,0,0,5,0,0,-1,0,0,11,0,0,0,0,0,0,0,0,0,0,0,0,0,0,0,0,0,0,0,0,0,0,0,0,0,0,0,0
"2026-08-05 00:00:09.44",448,"CR800.Std.32.05","01/06/2020",29708,"1025","009.007","1025","CPU:CR800_Tlk_inlet_v1.1.CR8","2026-06-04 09:12:24.9",1992,22673,0,15.84842,12.89172,3.40166,0,0,"CPU:CR800_Tlk_inlet_v1.1.CR8 -- Compiled in SequentialMode.  ",0,0,0,0,0,0,2097152,37572,"305  ",0,180,33800,36091,58953,0,0,"2026-08-04 23:58:52.01",7350,10957,0,0,0,0,"Input","Input","Input","Input",0,"4,678,678,5000  ","",0,-0.6821191,-0.06848348,-0.006789909,-0.002041407,0,0,-0.3410605,0,0,0,0,0,0,0,0,0,0,0,5,0,0,-1,0,0,11,0,0,0,0,0,0,0,0,0,0,0,0,0,0,0,0,0,0,0,0,0,0,0,0,0,0,0,0
"2026-08-05 01:00:09.07",449,"CR800.Std.32.05","01/06/2020",29708,"1025","009.007","1025","CPU:CR800_Tlk_inlet_v1.1.CR8","2026-06-04 09:12:24.9",1992,22673,0,12.25621,12.85207,3.39491,0,0,"CPU:CR800_Tlk_inlet_v1.1.CR8 -- Compiled in SequentialMode.  ",0,0,0,0,0,0,2097152,37572,"305  ",0,180,33800,36095,58953,0,0,"2026-08-05 00:58:40.01",7345,10957,0,0,0,0,"Input","Input","Input","Input",0,"4,678,678,5000  ","",0,-0.6823923,-0.06850008,-0.006791163,-0.002041687,0,0,-0.3412156,0,0,0,0,0,0,0,0,0,0,0,5,0,0,-1,0,0,11,0,0,0,0,0,0,0,0,0,0,0,0,0,0,0,0,0,0,0,0,0,0,0,0,0,0,0,0
"2026-08-05 02:00:09.16",450,"CR800.Std.32.05","01/06/2020",29708,"1025","009.007","1025","CPU:CR800_Tlk_inlet_v1.1.CR8","2026-06-04 09:12:24.9",1992,22673,0,10.87807,12.80961,3.39491,0,0,"CPU:CR800_Tlk_inlet_v1.1.CR8 -- Compiled in SequentialMode.  ",0,0,0,0,0,0,2097152,37572,"305  ",0,180,33800,36126,58953,0,0,"2026-08-05 02:00:00.05",7345,10957,0,0,0,0,"Input","Input","Input","Input",0,"4,678,678,5000  ","",0,-0.6824773,-0.06850541,-0.00679196,-0.002042009,0,0,-0.341254,0,0,0,0,0,0,0,0,0,0,0,5,0,0,-1,0,0,11,0,0,0,0,0,0,0,0,0,0,0,0,0,0,0,0,0,0,0,0,0,0,0,0,0,0,0,0
"2026-08-05 03:00:08.96",451,"CR800.Std.32.05","01/06/2020",29708,"1025","009.007","1025","CPU:CR800_Tlk_inlet_v1.1.CR8","2026-06-04 09:12:24.9",1992,22673,0,10.38103,12.75581,3.403011,0,0,"CPU:CR800_Tlk_inlet_v1.1.CR8 -- Compiled in SequentialMode.  ",0,0,0,0,0,0,2097152,37572,"305  ",0,180,33800,36065,58953,0,0,"2026-08-05 02:59:48.01",7354,10957,0,0,0,0,"Input","Input","Input","Input",0,"4,678,678,5000  ","",0,-0.6825763,-0.06850693,-0.006792238,-0.002042111,0,0,-0.3412957,0,0,0,0,0,0,0,0,0,0,0,5,0,0,-1,0,0,11,0,0,0,0,0,0,0,0,0,0,0,0,0,0,0,0,0,0,0,0,0,0,0,0,0,0,0,0
"2026-08-05 04:00:57.67",454,"CR800.Std.32.05","01/06/2020",29708,"1025","009.007","1025","CPU:CR800_Tlk_inlet_v1.1.CR8","2026-06-04 09:12:24.9",1992,22673,0,10.10992,12.73954,3.404361,0,0,"CPU:CR800_Tlk_inlet_v1.1.CR8 -- Compiled in SequentialMode.  ",0,0,0,0,0,0,2097152,37572,"303  ",0,180,33800,32962,58953,0,0,"2026-08-05 03:59:36.01",7352,10957,0,0,0,0,"Input","Input","Input","Input",0,"4,678,678,5000  ","",0,-0.6825938,-0.06850693,-0.006792238,-0.002042111,0,0,-0.3412969,0,0,0,0,0,0,0,0,0,0,0,5,0,0,-1,0,0,11,0,0,0,0,0,0,0,0,0,0,0,0,0,0,0,0,0,0,0,0,0,0,0,0,0,0,0,0
"2026-08-05 05:00:09.15",455,"CR800.Std.32.05","01/06/2020",29708,"1025","009.007","1025","CPU:CR800_Tlk_inlet_v1.1.CR8","2026-06-04 09:12:24.9",1992,22673,0,10.15511,12.75622,3.402336,0,0,"CPU:CR800_Tlk_inlet_v1.1.CR8 -- Compiled in SequentialMode.  ",0,0,0,0,0,0,2097152,37572,"305  ",0,180,33800,36091,58953,0,0,"2026-08-05 04:59:24.01",7356,10957,0,0,0,0,"Input","Input","Input","Input",0,"4,678,678,5000  ","",0,-0.6825938,-0.0685067,-0.006792185,-0.002042093,0,0,-0.3412969,0,0,0,0,0,0,0,0,0,0,0,5,0,0,-1,0,0,11,0,0,0,0,0,0,0,0,0,0,0,0,0,0,0,0,0,0,0,0,0,0,0,0,0,0,0,0
"2026-08-05 06:00:09.09",456,"CR800.Std.32.05","01/06/2020",29708,"1025","009.007","1025","CPU:CR800_Tlk_inlet_v1.1.CR8","2026-06-04 09:12:24.9",1992,22673,0,10.60696,12.72201,3.40166,0,0,"CPU:CR800_Tlk_inlet_v1.1.CR8 -- Compiled in SequentialMode.  ",0,0,0,0,0,0,2097152,37572,"305  ",0,180,33800,36106,58953,0,0,"2026-08-05 05:59:12.01",7352,10957,0,0,0,0,"Input","Input","Input","Input",0,"4,678,678,5000  ","",0,-0.6825338,-0.06850445,-0.006792079,-0.002042085,0,0,-0.3412736,0,0,0,0,0,0,0,0,0,0,0,5,0,0,-1,0,0,11,0,0,0,0,0,0,0,0,0,0,0,0,0,0,0,0,0,0,0,0,0,0,0,0,0,0,0,0
"2026-08-05 07:00:09.3",457,"CR800.Std.32.05","01/06/2020",29708,"1025","009.007","1025","CPU:CR800_Tlk_inlet_v1.1.CR8","2026-06-04 09:12:24.9",1992,22673,0,11.42707,12.72626,3.399635,0,0,"CPU:CR800_Tlk_inlet_v1.1.CR8 -- Compiled in SequentialMode.  ",0,0,0,0,0,0,2097152,37572,"305  ",0,180,33800,36069,58953,0,0,"2026-08-05 06:59:00.05",7404,10957,0,0,0,0,"Input","Input","Input","Input",0,"4,678,678,5000  ","",0,-0.6824775,-0.06850003,-0.006791705,-0.002041966,0,0,-0.3412379,0,0,0,0,0,0,0,0,0,0,0,5,0,0,-1,0,0,11,0,0,0,0,0,0,0,0,0,0,0,0,0,0,0,0,0,0,0,0,0,0,0,0,0,0,0,0
"2026-08-05 08:00:09.02",458,"CR800.Std.32.05","01/06/2020",29708,"1025","009.007","1025","CPU:CR800_Tlk_inlet_v1.1.CR8","2026-06-04 09:12:24.9",1992,22673,0,12.37143,12.74643,3.398961,0,0,"CPU:CR800_Tlk_inlet_v1.1.CR8 -- Compiled in SequentialMode.  ",0,0,0,0,0,0,2097152,37572,"305  ",0,180,33800,36082,58953,0,0,"2026-08-05 07:58:48.01",7417,10957,0,0,0,0,"Input","Input","Input","Input",0,"4,678,678,5000  ","",0,-0.6823661,-0.06849799,-0.006791305,-0.002041843,0,0,-0.34119,0,0,0,0,0,0,0,0,0,0,0,5,0,0,-1,0,0,11,0,0,0,0,0,0,0,0,0,0,0,0,0,0,0,0,0,0,0,0,0,0,0,0,0,0,0,0
"2026-08-05 09:00:09.6",459,"CR800.Std.32.05","01/06/2020",29708,"1025","009.007","1025","CPU:CR800_Tlk_inlet_v1.1.CR8","2026-06-04 09:12:24.9",1992,22673,0,13.63662,12.72877,3.398285,0,0,"CPU:CR800_Tlk_inlet_v1.1.CR8 -- Compiled in SequentialMode.  ",0,0,0,0,0,0,2097152,37572,"305  ",0,180,33800,36137,58953,0,0,"2026-08-05 09:00:08.01",7408,10957,0,0,0,0,"Input","Input","Input","Input",0,"4,678,678,5000  ","",0,-0.6823004,-0.06848356,-0.006789948,-0.002041441,0,0,-0.3411537,0,0,0,0,0,0,0,0,0,0,0,5,0,0,-1,0,0,11,0,0,0,0,0,0,0,0,0,0,0,0,0,0,0,0,0,0,0,0,0,0,0,0,0,0,0,0
"2026-08-05 10:00:10.1",460,"CR800.Std.32.05","01/06/2020",29708,"1025","009.007","1025","CPU:CR800_Tlk_inlet_v1.1.CR8","2026-06-04 09:12:24.9",1992,22673,0,14.37313,12.71517,3.398285,0,0,"CPU:CR800_Tlk_inlet_v1.1.CR8 -- Compiled in SequentialMode.  ",0,0,0,0,0,0,2097152,37572,"305  ",0,180,33800,36082,58953,0,0,"2026-08-05 09:59:56.01",7345,10957,0,0,0,0,"Input","Input","Input","Input",0,"4,678,678,5000  ","",0,-0.6821704,-0.06848351,-0.006789918,-0.002041416,0,0,-0.3410863,0,0,0,0,0,0,0,0,0,0,0,5,0,0,-1,0,0,11,0,0,0,0,0,0,0,0,0,0,0,0,0,0,0,0,0,0,0,0,0,0,0,0,0,0,0,0
"2026-08-05 11:00:09.64",461,"CR800.Std.32.05","01/06/2020",29708,"1025","009.007","1025","CPU:CR800_Tlk_inlet_v1.1.CR8","2026-06-04 09:12:24.9",1992,22673,0,14.94924,12.78085,3.399635,0,0,"CPU:CR800_Tlk_inlet_v1.1.CR8 -- Compiled in SequentialMode.  ",0,0,0,0,0,0,2097152,37572,"305  ",0,180,33800,36054,58953,0,0,"2026-08-05 10:59:44.01",7345,10957,0,0,0,0,"Input","Input","Input","Input",0,"4,678,678,5000  ","",0,-0.6821285,-0.06848351,-0.006789918,-0.002041416,0,0,-0.3410646,0,0,0,0,0,0,0,0,0,0,0,5,0,0,-1,0,0,11,0,0,0,0,0,0,0,0,0,0,0,0,0,0,0,0,0,0,0,0,0,0,0,0,0,0,0,0
"2026-08-05 12:00:09.25",462,"CR800.Std.32.05","01/06/2020",29708,"1025","009.007","1025","CPU:CR800_Tlk_inlet_v1.1.CR8","2026-06-04 09:12:24.9",1992,22673,0,16.61205,12.89749,3.400311,0,0,"CPU:CR800_Tlk_inlet_v1.1.CR8 -- Compiled in SequentialMode.  ",0,0,0,0,0,0,2097152,37572,"305  ",0,180,33800,36082,58953,0,0,"2026-08-05 11:59:32.01",7150,10957,0,0,0,0,"Input","Input","Input","Input",0,"4,678,678,5000  ","",0,-0.6821285,-0.06848351,-0.006789918,-0.002041416,0,0,-0.3410584,0,0,0,0,0,0,0,0,0,0,0,5,0,0,0,0,0,11,0,0,0,0,0,0,0,0,0,0,0,0,0,0,0,0,0,0,0,0,0,0,0,0,0,0,0,0
"2026-08-05 13:00:09.2",463,"CR800.Std.32.05","01/06/2020",29708,"1025","009.007","1025","CPU:CR800_Tlk_inlet_v1.1.CR8","2026-06-04 09:12:24.9",1992,22673,0,18.74026,12.87111,3.405036,0,0,"CPU:CR800_Tlk_inlet_v1.1.CR8 -- Compiled in SequentialMode.  ",0,0,0,0,0,0,2097152,37572,"305  ",0,180,33800,36078,58953,0,0,"2026-08-05 12:59:20.01",7296,10957,0,0,0,0,"Input","Input","Input","Input",0,"4,678,678,5000  ","",0,-0.6819057,-0.06846802,-0.00678901,-0.00204126,0,0,-0.3409527,0,0,0,0,0,0,0,0,0,0,0,5,0,0,0,0,0,11,0,0,0,0,0,0,0,0,0,0,0,0,0,0,0,0,0,0,0,0,0,0,0,0,0,0,0,0
"2026-08-05 14:00:09.45",464,"CR800.Std.32.05","01/06/2020",29708,"1025","009.007","1025","CPU:CR800_Tlk_inlet_v1.1.CR8","2026-06-04 09:12:24.9",1992,22673,0,19.49485,12.84867,3.406386,0,0,"CPU:CR800_Tlk_inlet_v1.1.CR8 -- Compiled in SequentialMode.  ",0,0,0,0,0,0,2097152,37572,"305  ",0,180,33800,36128,58953,0,0,"2026-08-05 13:59:08.01",7152,10957,0,0,0,0,"Input","Input","Input","Input",0,"4,678,678,5000  ","",0,-0.6818958,-0.06846006,-0.006787601,-0.002040725,0,0,-0.3409479,0,0,0,0,0,0,0,0,0,0,0,5,0,0,0,0,0,11,0,0,0,0,0,0,0,0,0,0,0,0,0,0,0,0,0,0,0,0,0,0,0,0,0,0,0,0
"2026-08-05 15:00:15.77",465,"CR800.Std.32.05","01/06/2020",29708,"1025","009.007","1025","CPU:CR800_Tlk_inlet_v1.1.CR8","2026-06-04 09:12:24.9",1992,22673,0,20.50248,12.90745,3.410437,0,0,"CPU:CR800_Tlk_inlet_v1.1.CR8 -- Compiled in SequentialMode.  ",0,0,0,0,0,0,2097152,37572,"305  ",0,180,33800,36085,58953,0,0,"2026-08-05 14:58:56.01",7298,10957,0,0,0,0,"Input","Input","Input","Input",0,"4,678,678,5000  ","",0,-0.681752,-0.06846006,-0.006787592,-0.002040716,0,0,-0.3408784,0,0,0,0,0,0,0,0,0,0,0,5,0,0,0,0,0,11,0,0,0,0,0,0,0,0,0,0,0,0,0,0,0,0,0,0,0,0,0,0,0,0,0,0,0,0
"2026-08-05 16:00:10.68",466,"CR800.Std.32.05","01/06/2020",29708,"1025","009.007","1025","CPU:CR800_Tlk_inlet_v1.1.CR8","2026-06-04 09:12:24.9",1992,22673,0,22.30761,13.24954,3.413137,0,0,"CPU:CR800_Tlk_inlet_v1.1.CR8 -- Compiled in SequentialMode.  ",0,0,0,0,0,0,2097152,37572,"305  ",0,180,33800,36260,58953,0,0,"2026-08-05 15:58:44.01",7291,10957,0,0,0,0,"Input","Input","Input","Input",0,"4,678,678,5000  ","",0,-0.6816653,-0.06846006,-0.006787592,-0.002040716,0,0,-0.340833,0,0,0,0,0,0,0,0,0,0,0,5,0,0,0,0,0,11,0,0,0,0,0,0,0,0,0,0,0,0,0,0,0,0,0,0,0,0,0,0,0,0,0,0,0,0
"2026-08-05 17:00:09.9",467,"CR800.Std.32.05","01/06/2020",29708,"1025","009.007","1025","CPU:CR800_Tlk_inlet_v1.1.CR8","2026-06-04 09:12:24.9",1992,22673,0,24.16021,13.39229,3.417862,0,0,"CPU:CR800_Tlk_inlet_v1.1.CR8 -- Compiled in SequentialMode.  ",0,0,0,0,0,0,2097152,37572,"305  ",0,180,33800,36056,58953,0,0,"2026-08-05 17:00:04.01",7298,10957,0,0,0,0,"Input","Input","Input","Input",0,"4,678,678,5000  ","",0,-0.6815784,-0.06845856,-0.006787503,-0.002040705,0,0,-0.3407812,0,0,0,0,0,0,0,0,0,0,0,5,0,0,0,0,0,11,0,0,0,0,0,0,0,0,0,0,0,0,0,0,0,0,0,0,0,0,0,0,0,0,0,0,0,0
"2026-08-05 18:00:09.55",468,"CR800.Std.32.05","01/06/2020",29708,"1025","009.007","1025","CPU:CR800_Tlk_inlet_v1.1.CR8","2026-06-04 09:12:24.9",1992,22673,0,26.77642,13.20044,3.422588,0,0,"CPU:CR800_Tlk_inlet_v1.1.CR8 -- Compiled in SequentialMode.  ",0,0,0,0,0,0,2097152,37572,"305  ",0,180,33800,36263,58953,0,0,"2026-08-05 17:59:52.01",7154,10957,0,0,0,0,"Input","Input","Input","Input",0,"4,678,678,5000  ","",0,-0.681425,-0.06843677,-0.006785342,-0.002040077,0,0,-0.3407162,0,0,0,0,0,0,0,0,0,0,0,5,0,0,0,0,0,11,0,0,0,0,0,0,0,0,0,0,0,0,0,0,0,0,0,0,0,0,0,0,0,0,0,0,0,0
"2026-08-05 19:00:29.18",470,"CR800.Std.32.05","01/06/2020",29708,"1025","009.007","1025","CPU:CR800_Tlk_inlet_v1.1.CR8","2026-06-04 09:12:24.9",1992,22673,0,26.00601,13.17284,3.421238,0,0,"CPU:CR800_Tlk_inlet_v1.1.CR8 -- Compiled in SequentialMode.  ",0,0,0,0,0,0,2097152,37572,"304  ",0,180,33800,36050,58953,0,0,"2026-08-05 18:59:40.01",7152,10957,0,0,0,0,"Input","Input","Input","Input",0,"4,678,678,5000  ","",0,-0.6814309,-0.06844005,-0.006785604,-0.002040102,0,0,-0.3407213,0,0,0,0,0,0,0,0,0,0,0,5,0,0,0,0,0,11,0,0,0,0,0,0,0,0,0,0,0,0,0,0,0,0,0,0,0,0,0,0,0,0,0,0,0,0
"2026-08-05 20:00:09.43",471,"CR800.Std.32.05","01/06/2020",29708,"1025","009.007","1025","CPU:CR800_Tlk_inlet_v1.1.CR8","2026-06-04 09:12:24.9",1992,22673,0,24.13083,13.04187,3.416512,0,0,"CPU:CR800_Tlk_inlet_v1.1.CR8 -- Compiled in SequentialMode.  ",0,0,0,0,0,0,2097152,37572,"305  ",0,180,33800,36245,58953,0,0,"2026-08-05 19:59:28.01",7150,10957,0,0,0,0,"Input","Input","Input","Input",0,"4,678,678,5000  ","",0,-0.6815695,-0.06845884,-0.006787258,-0.002040539,0,0,-0.3407733,0,0,0,0,0,0,0,0,0,0,0,5,0,0,0,0,0,11,0,0,0,0,0,0,0,0,0,0,0,0,0,0,0,0,0,0,0,0,0,0,0,0,0,0,0,0
"2026-08-05 21:00:11.12",472,"CR800.Std.32.05","01/06/2020",29708,"1025","009.007","1025","CPU:CR800_Tlk_inlet_v1.1.CR8","2026-06-04 09:12:24.9",1992,22673,0,21.72473,12.99415,3.412462,0,0,"CPU:CR800_Tlk_inlet_v1.1.CR8 -- Compiled in SequentialMode.  ",0,0,0,0,0,0,2097152,37572,"305  ",0,180,33800,36243,58953,0,0,"2026-08-05 20:59:16.01",7152,10957,0,0,0,0,"Input","Input","Input","Input",0,"4,678,678,5000  ","",0,-0.6816631,-0.06846003,-0.006787588,-0.002040714,0,0,-0.3408315,0,0,0,0,0,0,0,0,0,0,0,5,0,0,0,0,0,11,0,0,0,0,0,0,0,0,0,0,0,0,0,0,0,0,0,0,0,0,0,0,0,0,0,0,0,0
"2026-08-05 22:00:09.6",473,"CR800.Std.32.05","01/06/2020",29708,"1025","009.007","1025","CPU:CR800_Tlk_inlet_v1.1.CR8","2026-06-04 09:12:24.9",1992,22673,0,19.9964,12.96932,3.409762,0,0,"CPU:CR800_Tlk_inlet_v1.1.CR8 -- Compiled in SequentialMode.  ",0,0,0,0,0,0,2097152,37572,"305  ",0,180,33800,36072,58953,0,0,"2026-08-05 21:59:04.01",7350,10957,0,0,0,0,"Input","Input","Input","Input",0,"4,678,678,5000  ","",0,-0.6818326,-0.06846003,-0.006787588,-0.002040714,0,0,-0.3409325,0,0,0,0,0,0,0,0,0,0,0,5,0,0,-1,0,0,11,0,0,0,0,0,0,0,0,0,0,0,0,0,0,0,0,0,0,0,0,0,0,0,0,0,0,0,0
"2026-08-05 23:00:10.02",474,"CR800.Std.32.05","01/06/2020",29708,"1025","009.007","1025","CPU:CR800_Tlk_inlet_v1.1.CR8","2026-06-04 09:12:24.9",1992,22673,0,17.945,12.93931,3.406386,0,0,"CPU:CR800_Tlk_inlet_v1.1.CR8 -- Compiled in SequentialMode.  ",0,0,0,0,0,0,2097152,37572,"305  ",0,180,33800,36063,58953,0,0,"2026-08-05 22:58:52.01",7293,10957,0,0,0,0,"Input","Input","Input","Input",0,"4,678,678,5000  ","",0,-0.6819949,-0.06848272,-0.006789655,-0.002041252,0,0,-0.3409981,0,0,0,0,0,0,0,0,0,0,0,5,0,0,0,0,0,11,0,0,0,0,0,0,0,0,0,0,0,0,0,0,0,0,0,0,0,0,0,0,0,0,0,0,0,0
"2026-08-06 00:00:09.77",475,"CR800.Std.32.05","01/06/2020",29708,"1025","009.007","1025","CPU:CR800_Tlk_inlet_v1.1.CR8","2026-06-04 09:12:24.9",1992,22673,0,15.97042,12.90857,3.402336,0,0,"CPU:CR800_Tlk_inlet_v1.1.CR8 -- Compiled in SequentialMode.  ",0,0,0,0,0,0,2097152,37572,"305  ",0,180,33800,36078,58953,0,0,"2026-08-05 23:58:40.01",7154,10957,0,0,0,0,"Input","Input","Input","Input",0,"4,678,678,5000  ","",0,-0.6821272,-0.06848348,-0.006789912,-0.002041412,0,0,-0.3410638,0,0,0,0,0,0,0,0,0,0,0,5,0,0,0,0,0,11,0,0,0,0,0,0,0,0,0,0,0,0,0,0,0,0,0,0,0,0,0,0,0,0,0,0,0,0
"2026-08-06 01:00:09.47",476,"CR800.Std.32.05","01/06/2020",29708,"1025","009.007","1025","CPU:CR800_Tlk_inlet_v1.1.CR8","2026-06-04 09:12:24.9",1992,22673,0,14.37313,12.88745,3.400986,0,0,"CPU:CR800_Tlk_inlet_v1.1.CR8 -- Compiled in SequentialMode.  ",0,0,0,0,0,0,2097152,37572,"305  ",0,180,33800,36076,58953,0,0,"2026-08-06 01:00:00.05",7352,10957,0,0,0,0,"Input","Input","Input","Input",0,"4,678,678,5000  ","",0,-0.682197,-0.06848348,-0.006789912,-0.002041413,0,0,-0.3411075,0,0,0,0,0,0,0,0,0,0,0,5,0,0,-1,0,0,11,0,0,0,0,0,0,0,0,0,0,0,0,0,0,0,0,0,0,0,0,0,0,0,0,0,0,0,0
"2026-08-06 02:00:09.7",477,"CR800.Std.32.05","01/06/2020",29708,"1025","009.007","1025","CPU:CR800_Tlk_inlet_v1.1.CR8","2026-06-04 09:12:24.9",1992,22673,0,12.65158,12.85185,3.39761,0,0,"CPU:CR800_Tlk_inlet_v1.1.CR8 -- Compiled in SequentialMode.  ",0,0,0,0,0,0,2097152,37572,"305  ",0,180,33800,36156,58953,0,0,"2026-08-06 01:59:48.01",7352,10957,0,0,0,0,"Input","Input","Input","Input",0,"4,678,678,5000  ","",0,-0.6823599,-0.06849504,-0.006790959,-0.002041676,0,0,-0.3411802,0,0,0,0,0,0,0,0,0,0,0,5,0,0,-1,0,0,11,0,0,0,0,0,0,0,0,0,0,0,0,0,0,0,0,0,0,0,0,0,0,0,0,0,0,0,0
"2026-08-06 03:00:09.41",478,"CR800.Std.32.05","01/06/2020",29708,"1025","009.007","1025","CPU:CR800_Tlk_inlet_v1.1.CR8","2026-06-04 09:12:24.9",1992,22673,0,11.72528,12.80961,3.400311,0,0,"CPU:CR800_Tlk_inlet_v1.1.CR8 -- Compiled in SequentialMode.  ",0,0,0,0,0,0,2097152,37572,"305  ",0,180,33800,36087,58953,0,0,"2026-08-06 02:59:36.01",7345,10957,0,0,0,0,"Input","Input","Input","Input",0,"4,678,678,5000  ","",0,-0.6824771,-0.06849879,-0.006791468,-0.002041882,0,0,-0.341234,0,0,0,0,0,0,0,0,0,0,0,5,0,0,-1,0,0,11,0,0,0,0,0,0,0,0,0,0,0,0,0,0,0,0,0,0,0,0,0,0,0,0,0,0,0,0
"2026-08-06 04:00:09.74",479,"CR800.Std.32.05","01/06/2020",29708,"1025","009.007","1025","CPU:CR800_Tlk_inlet_v1.1.CR8","2026-06-04 09:12:24.9",1992,22673,0,11.08366,12.80961,3.403686,0,0,"CPU:CR800_Tlk_inlet_v1.1.CR8 -- Compiled in SequentialMode.  ",0,0,0,0,0,0,2097152,37572,"305  ",0,180,33800,36165,58953,0,0,"2026-08-06 03:59:24.01",7354,10957,0,0,0,0,"Input","Input","Input","Input",0,"4,678,678,5000  ","",0,-0.6824773,-0.06850269,-0.006791787,-0.002041973,0,0,-0.3412381,0,0,0,0,0,0,0,0,0,0,0,5,0,0,-1,0,0,11,0,0,0,0,0,0,0,0,0,0,0,0,0,0,0,0,0,0,0,0,0,0,0,0,0,0,0,0
"2026-08-06 05:00:29.31",481,"CR800.Std.32.05","01/06/2020",29708,"1025","009.007","1025","CPU:CR800_Tlk_inlet_v1.1.CR8","2026-06-04 09:12:24.9",1992,22673,0,10.90066,12.76516,3.403011,0,0,"CPU:CR800_Tlk_inlet_v1.1.CR8 -- Compiled in SequentialMode.  ",0,0,0,0,0,0,2097152,37572,"304  ",0,180,33800,36100,58953,0,0,"2026-08-06 04:59:12.01",7345,10957,0,0,0,0,"Input","Input","Input","Input",0,"4,678,678,5000  ","",0,-0.6824778,-0.06850119,-0.006791909,-0.002042039,0,0,-0.3412388,0,0,0,0,0,0,0,0,0,0,0,5,0,0,-1,0,0,11,0,0,0,0,0,0,0,0,0,0,0,0,0,0,0,0,0,0,0,0,0,0,0,0,0,0,0,0
"2026-08-06 06:00:09.24",482,"CR800.Std.32.05","01/06/2020",29708,"1025","009.007","1025","CPU:CR800_Tlk_inlet_v1.1.CR8","2026-06-04 09:12:24.9",1992,22673,0,10.81029,12.7768,3.402336,0,0,"CPU:CR800_Tlk_inlet_v1.1.CR8 -- Compiled in SequentialMode.  ",0,0,0,0,0,0,2097152,37572,"305  ",0,180,33800,36067,58953,0,0,"2026-08-06 05:59:00.05",7350,10957,0,0,0,0,"Input","Input","Input","Input",0,"4,678,678,5000  ","",0,-0.6825,-0.06850169,-0.006791771,-0.002041977,0,0,-0.3412419,0,0,0,0,0,0,0,0,0,0,0,5,0,0,-1,0,0,11,0,0,0,0,0,0,0,0,0,0,0,0,0,0,0,0,0,0,0,0,0,0,0,0,0,0,0,0
"2026-08-06 07:00:09.2",483,"CR800.Std.32.05","01/06/2020",29708,"1025","009.007","1025","CPU:CR800_Tlk_inlet_v1.1.CR8","2026-06-04 09:12:24.9",1992,22673,0,11.06107,12.74293,3.40166,0,0,"CPU:CR800_Tlk_inlet_v1.1.CR8 -- Compiled in SequentialMode.  ",0,0,0,0,0,0,2097152,37572,"305  ",0,180,33800,36061,58953,0,0,"2026-08-06 06:58:48.01",7352,10957,0,0,0,0,"Input","Input","Input","Input",0,"4,678,678,5000  ","",0,-0.6824775,-0.06850363,-0.00679184,-0.00204199,0,0,-0.34124,0,0,0,0,0,0,0,0,0,0,0,5,0,0,-1,0,0,11,0,0,0,0,0,0,0,0,0,0,0,0,0,0,0,0,0,0,0,0,0,0,0,0,0,0,0,0
"2026-08-06 08:00:09.5",484,"CR800.Std.32.05","01/06/2020",29708,"1025","009.007","1025","CPU:CR800_Tlk_inlet_v1.1.CR8","2026-06-04 09:12:24.9",1992,22673,0,12.5341,12.72988,3.402336,0,0,"CPU:CR800_Tlk_inlet_v1.1.CR8 -- Compiled in SequentialMode.  ",0,0,0,0,0,0,2097152,37572,"305  ",0,180,33800,36061,58953,0,0,"2026-08-06 08:00:08.01",7363,10957,0,0,0,0,"Input","Input","Input","Input",0,"4,678,678,5000  ","",0,-0.6823715,-0.06849615,-0.006791412,-0.002041907,0,0,-0.3411868,0,0,0,0,0,0,0,0,0,0,0,5,0,0,-1,0,0,11,0,0,0,0,0,0,0,0,0,0,0,0,0,0,0,0,0,0,0,0,0,0,0,0,0,0,0,0
"2026-08-06 09:00:09.53",485,"CR800.Std.32.05","01/06/2020",29708,"1025","009.007","1025","CPU:CR800_Tlk_inlet_v1.1.CR8","2026-06-04 09:12:24.9",1992,22673,0,14.1088,12.76091,3.40166,0,0,"CPU:CR800_Tlk_inlet_v1.1.CR8 -- Compiled in SequentialMode.  ",0,0,0,0,0,0,2097152,37572,"305  ",0,180,33800,36069,58953,0,0,"2026-08-06 08:59:56.01",7352,10957,0,0,0,0,"Input","Input","Input","Input",0,"4,678,678,5000  ","",0,-0.6822494,-0.06848354,-0.006789936,-0.002041432,0,0,-0.3411246,0,0,0,0,0,0,0,0,0,0,0,5,0,0,-1,0,0,11,0,0,0,0,0,0,0,0,0,0,0,0,0,0,0,0,0,0,0,0,0,0,0,0,0,0,0,0
"2026-08-06 10:00:09.58",486,"CR800.Std.32.05","01/06/2020",29708,"1025","009.007","1025","CPU:CR800_Tlk_inlet_v1.1.CR8","2026-06-04 09:12:24.9",1992,22673,0,15.92071,12.74197,3.400311,0,0,"CPU:CR800_Tlk_inlet_v1.1.CR8 -- Compiled in SequentialMode.  ",0,0,0,0,0,0,2097152,37572,"305  ",0,180,33800,36078,58953,0,0,"2026-08-06 09:59:44.01",7348,10957,0,0,0,0,"Input","Input","Input","Input",0,"4,678,678,5000  ","",0,-0.6821285,-0.06848351,-0.006789918,-0.002041416,0,0,-0.3410643,0,0,0,0,0,0,0,0,0,0,0,5,0,0,-1,0,0,11,0,0,0,0,0,0,0,0,0,0,0,0,0,0,0,0,0,0,0,0,0,0,0,0,0,0,0,0
"2026-08-06 11:00:09.46",487,"CR800.Std.32.05","01/06/2020",29708,"1025","009.007","1025","CPU:CR800_Tlk_inlet_v1.1.CR8","2026-06-04 09:12:24.9",1992,22673,0,16.33868,12.7864,3.40166,0,0,"CPU:CR800_Tlk_inlet_v1.1.CR8 -- Compiled in SequentialMode.  ",0,0,0,0,0,0,2097152,37572,"305  ",0,180,33800,36072,58953,0,0,"2026-08-06 10:59:32.01",7345,10957,0,0,0,0,"Input","Input","Input","Input",0,"4,678,678,5000  ","",0,-0.6821285,-0.06848351,-0.006789918,-0.002041416,0,0,-0.3410643,0,0,0,0,0,0,0,0,0,0,0,5,0,0,-1,0,0,11,0,0,0,0,0,0,0,0,0,0,0,0,0,0,0,0,0,0,0,0,0,0,0,0,0,0,0,0
"2026-08-06 12:00:10.26",488,"CR800.Std.32.05","01/06/2020",29708,"1025","009.007","1025","CPU:CR800_Tlk_inlet_v1.1.CR8","2026-06-04 09:12:24.9",1992,22673,0,17.2356,13.22866,3.403011,0,0,"CPU:CR800_Tlk_inlet_v1.1.CR8 -- Compiled in SequentialMode.  ",0,0,0,0,0,0,2097152,37572,"305  ",0,180,33800,36236,58953,0,0,"2026-08-06 11:59:20.01",7152,10957,0,0,0,0,"Input","Input","Input","Input",0,"4,678,678,5000  ","",0,-0.6820188,-0.06848351,-0.006789918,-0.002041416,0,0,-0.3410109,0,0,0,0,0,0,0,0,0,0,0,5,0,0,0,0,0,11,0,0,0,0,0,0,0,0,0,0,0,0,0,0,0,0,0,0,0,0,0,0,0,0,0,0,0,0
"2026-08-06 13:00:09.99",489,"CR800.Std.32.05","01/06/2020",29708,"1025","009.007","1025","CPU:CR800_Tlk_inlet_v1.1.CR8","2026-06-04 09:12:24.9",1992,22673,0,19.18081,13.17629,3.407061,0,0,"CPU:CR800_Tlk_inlet_v1.1.CR8 -- Compiled in SequentialMode.  ",0,0,0,0,0,0,2097152,37572,"305  ",0,180,33800,36256,58953,0,0,"2026-08-06 12:59:08.01",7296,10957,0,0,0,0,"Input","Input","Input","Input",0,"4,678,678,5000  ","",0,-0.6818967,-0.06846266,-0.00678819,-0.00204101,0,0,-0.3409484,0,0,0,0,0,0,0,0,0,0,0,5,0,0,0,0,0,11,0,0,0,0,0,0,0,0,0,0,0,0,0,0,0,0,0,0,0,0,0,0,0,0,0,0,0,0
"2026-08-06 14:00:09.3",490,"CR800.Std.32.05","01/06/2020",29708,"1025","009.007","1025","CPU:CR800_Tlk_inlet_v1.1.CR8","2026-06-04 09:12:24.9",1992,22673,0,21.06955,13.26107,3.412462,0,0,"CPU:CR800_Tlk_inlet_v1.1.CR8 -- Compiled in SequentialMode.  ",0,0,0,0,0,0,2097152,37572,"305  ",0,180,33800,36024,58953,0,0,"2026-08-06 13:58:56.01",7300,10957,0,0,0,0,"Input","Input","Input","Input",0,"4,678,678,5000  ","",0,-0.6816829,-0.06846006,-0.006787592,-0.002040717,0,0,-0.3408412,0,0,0,0,0,0,0,0,0,0,0,5,0,0,0,0,0,11,0,0,0,0,0,0,0,0,0,0,0,0,0,0,0,0,0,0,0,0,0,0,0,0,0,0,0,0
"2026-08-06 15:00:15.46",491,"CR800.Std.32.05","01/06/2020",29708,"1025","009.007","1025","CPU:CR800_Tlk_inlet_v1.1.CR8","2026-06-04 09:12:24.9",1992,22673,0,22.78432,13.42711,3.414487,0,0,"CPU:CR800_Tlk_inlet_v1.1.CR8 -- Compiled in SequentialMode.  ",0,0,0,0,0,0,2097152,37572,"305  ",0,180,33800,36054,58953,0,0,"2026-08-06 14:58:44.01",7150,10957,0,0,0,0,"Input","Input","Input","Input",0,"4,678,678,5000  ","",0,-0.6816633,-0.06846006,-0.006787592,-0.002040716,0,0,-0.3408317,0,0,0,0,0,0,0,0,0,0,0,5,0,0,0,0,0,11,0,0,0,0,0,0,0,0,0,0,0,0,0,0,0,0,0,0,0,0,0,0,0,0,0,0,0,0
"2026-08-06 16:00:09.52",492,"CR800.Std.32.05","01/06/2020",29708,"1025","009.007","1025","CPU:CR800_Tlk_inlet_v1.1.CR8","2026-06-04 09:12:24.9",1992,22673,0,23.03962,13.08851,3.415162,0,0,"CPU:CR800_Tlk_inlet_v1.1.CR8 -- Compiled in SequentialMode.  ",0,0,0,0,0,0,2097152,37572,"305  ",0,180,33800,36065,58953,0,0,"2026-08-06 16:00:04.01",7148,10957,0,0,0,0,"Input","Input","Input","Input",0,"4,678,678,5000  ","",0,-0.6816629,-0.06846006,-0.006787592,-0.002040716,0,0,-0.3408313,0,0,0,0,0,0,0,0,0,0,0,5,0,0,0,0,0,11,0,0,0,0,0,0,0,0,0,0,0,0,0,0,0,0,0,0,0,0,0,0,0,0,0,0,0,0
"2026-08-06 17:00:29.24",494,"CR800.Std.32.05","01/06/2020",29708,"1025","009.007","1025","CPU:CR800_Tlk_inlet_v1.1.CR8","2026-06-04 09:12:24.9",1992,22673,0,21.6434,13.08355,3.413812,0,0,"CPU:CR800_Tlk_inlet_v1.1.CR8 -- Compiled in SequentialMode.  ",0,0,0,0,0,0,2097152,37572,"304  ",0,180,33800,36063,58953,0,0,"2026-08-06 16:59:52.01",7298,10957,0,0,0,0,"Input","Input","Input","Input",0,"4,678,678,5000  ","",0,-0.6816875,-0.06846006,-0.006787592,-0.002040716,0,0,-0.3408397,0,0,0,0,0,0,0,0,0,0,0,5,0,0,0,0,0,11,0,0,0,0,0,0,0,0,0,0,0,0,0,0,0,0,0,0,0,0,0,0,0,0,0,0,0,0
"2026-08-06 18:00:09.4",495,"CR800.Std.32.05","01/06/2020",29708,"1025","009.007","1025","CPU:CR800_Tlk_inlet_v1.1.CR8","2026-06-04 09:12:24.9",1992,22673,0,22.05684,13.41624,3.415162,0,0,"CPU:CR800_Tlk_inlet_v1.1.CR8 -- Compiled in SequentialMode.  ",0,0,0,0,0,0,2097152,37572,"305  ",0,180,33800,36091,58953,0,0,"2026-08-06 17:59:40.01",7289,10957,0,0,0,0,"Input","Input","Input","Input",0,"4,678,678,5000  ","",0,-0.6816728,-0.06846006,-0.006787592,-0.002040716,0,0,-0.3408397,0,0,0,0,0,0,0,0,0,0,0,5,0,0,0,0,0,11,0,0,0,0,0,0,0,0,0,0,0,0,0,0,0,0,0,0,0,0,0,0,0,0,0,0,0,0
"2026-08-06 19:00:09.38",496,"CR800.Std.32.05","01/06/2020",29708,"1025","009.007","1025","CPU:CR800_Tlk_inlet_v1.1.CR8","2026-06-04 09:12:24.9",1992,22673,0,23.98624,13.17566,3.418538,0,0,"CPU:CR800_Tlk_inlet_v1.1.CR8 -- Compiled in SequentialMode.  ",0,0,0,0,0,0,2097152,37572,"305  ",0,180,33800,36072,58953,0,0,"2026-08-06 18:59:28.01",7150,10957,0,0,0,0,"Input","Input","Input","Input",0,"4,678,678,5000  ","",0,-0.6815711,-0.06846006,-0.006787592,-0.002040716,0,0,-0.3407797,0,0,0,0,0,0,0,0,0,0,0,5,0,0,0,0,0,11,0,0,0,0,0,0,0,0,0,0,0,0,0,0,0,0,0,0,0,0,0,0,0,0,0,0,0,0
"2026-08-06 20:00:09.62",497,"CR800.Std.32.05","01/06/2020",29708,"1025","009.007","1025","CPU:CR800_Tlk_inlet_v1.1.CR8","2026-06-04 09:12:24.9",1992,22673,0,23.63832,13.053,3.418538,0,0,"CPU:CR800_Tlk_inlet_v1.1.CR8 -- Compiled in SequentialMode.  ",0,0,0,0,0,0,2097152,37572,"305  ",0,180,33800,36065,58953,0,0,"2026-08-06 19:59:16.01",7150,10957,0,0,0,0,"Input","Input","Input","Input",0,"4,678,678,5000  ","",0,-0.6815706,-0.06846003,-0.006787588,-0.002040714,0,0,-0.3408,0,0,0,0,0,0,0,0,0,0,0,5,0,0,0,0,0,11,0,0,0,0,0,0,0,0,0,0,0,0,0,0,0,0,0,0,0,0,0,0,0,0,0,0,0,0
"2026-08-06 21:00:11.72",498,"CR800.Std.32.05","01/06/2020",29708,"1025","009.007","1025","CPU:CR800_Tlk_inlet_v1.1.CR8","2026-06-04 09:12:24.9",1992,22673,0,21.5598,13.02191,3.413812,0,0,"CPU:CR800_Tlk_inlet_v1.1.CR8 -- Compiled in SequentialMode.  ",0,0,0,0,0,0,2097152,37572,"305  ",0,180,33800,36056,58953,0,0,"2026-08-06 20:59:04.01",7150,10957,0,0,0,0,"Input","Input","Input","Input",0,"4,678,678,5000  ","",0,-0.6816631,-0.06846003,-0.006787588,-0.002040714,0,0,-0.3408326,0,0,0,0,0,0,0,0,0,0,0,5,0,0,0,0,0,11,0,0,0,0,0,0,0,0,0,0,0,0,0,0,0,0,0,0,0,0,0,0,0,0,0,0,0,0
"2026-08-06 22:00:10.2",499,"CR800.Std.32.05","01/06/2020",29708,"1025","009.007","1025","CPU:CR800_Tlk_inlet_v1.1.CR8","2026-06-04 09:12:24.9",1992,22673,0,20.02352,12.99726,3.411112,0,0,"CPU:CR800_Tlk_inlet_v1.1.CR8 -- Compiled in SequentialMode.  ",0,0,0,0,0,0,2097152,37572,"305  ",0,180,33800,36054,58953,0,0,"2026-08-06 21:58:52.01",7296,10957,0,0,0,0,"Input","Input","Input","Input",0,"4,678,678,5000  ","",0,-0.6818399,-0.06846003,-0.006787588,-0.002040714,0,0,-0.3409148,0,0,0,0,0,0,0,0,0,0,0,5,0,0,0,0,0,11,0,0,0,0,0,0,0,0,0,0,0,0,0,0,0,0,0,0,0,0,0,0,0,0,0,0,0,0
"2026-08-06 23:00:09.64",500,"CR800.Std.32.05","01/06/2020",29708,"1025","009.007","1025","CPU:CR800_Tlk_inlet_v1.1.CR8","2026-06-04 09:12:24.9",1992,22673,0,17.86819,12.96714,3.407061,0,0,"CPU:CR800_Tlk_inlet_v1.1.CR8 -- Compiled in SequentialMode.  ",0,0,0,0,0,0,2097152,37572,"305  ",0,180,33800,36256,58953,0,0,"2026-08-06 22:58:40.01",7406,10957,0,0,0,0,"Input","Input","Input","Input",0,"4,678,678,5000  ","",0,-0.6819975,-0.06848298,-0.006789719,-0.002041282,0,0,-0.3410006,0,0,0,0,0,0,0,0,0,0,0,5,0,0,-1,0,0,11,0,0,0,0,0,0,0,0,0,0,0,0,0,0,0,0,0,0,0,0,0,0,0,0,0,0,0,0
"2026-08-07 00:00:09.7",501,"CR800.Std.32.05","01/06/2020",29708,"1025","009.007","1025","CPU:CR800_Tlk_inlet_v1.1.CR8","2026-06-04 09:12:24.9",1992,22673,0,15.79872,12.94747,3.402336,0,0,"CPU:CR800_Tlk_inlet_v1.1.CR8 -- Compiled in SequentialMode.  ",0,0,0,0,0,0,2097152,37572,"305  ",0,180,33800,36241,58953,0,0,"2026-08-07 00:00:00.05",7348,10957,0,0,0,0,"Input","Input","Input","Input",0,"4,678,678,5000  ","",0,-0.6821281,-0.06848348,-0.006789912,-0.002041413,0,0,-0.341064,0,0,0,0,0,0,0,0,0,0,0,5,0,0,-1,0,0,11,0,0,0,0,0,0,0,0,0,0,0,0,0,0,0,0,0,0,0,0,0,0,0,0,0,0,0,0
"2026-08-07 01:00:09.32",502,"CR800.Std.32.05","01/06/2020",29708,"1025","009.007","1025","CPU:CR800_Tlk_inlet_v1.1.CR8","2026-06-04 09:12:24.9",1992,22673,0,14.06135,12.91611,3.400986,0,0,"CPU:CR800_Tlk_inlet_v1.1.CR8 -- Compiled in SequentialMode.  ",0,0,0,0,0,0,2097152,37572,"305  ",0,180,33800,36119,58953,0,0,"2026-08-07 00:59:48.01",7159,10957,0,0,0,0,"Input","Input","Input","Input",0,"4,678,678,5000  ","",0,-0.6822345,-0.06848348,-0.006789912,-0.002041413,0,0,-0.3411122,0,0,0,0,0,0,0,0,0,0,0,5,0,0,0,0,0,11,0,0,0,0,0,0,0,0,0,0,0,0,0,0,0,0,0,0,0,0,0,0,0,0,0,0,0,0
"2026-08-07 02:00:09.55",503,"CR800.Std.32.05","01/06/2020",29708,"1025","009.007","1025","CPU:CR800_Tlk_inlet_v1.1.CR8","2026-06-04 09:12:24.9",1992,22673,0,12.07095,12.87587,3.396935,0,0,"CPU:CR800_Tlk_inlet_v1.1.CR8 -- Compiled in SequentialMode.  ",0,0,0,0,0,0,2097152,37572,"305  ",0,180,33800,36061,58953,0,0,"2026-08-07 01:59:36.01",7345,10957,0,0,0,0,"Input","Input","Input","Input",0,"4,678,678,5000  ","",0,-0.6824593,-0.06850309,-0.006791526,-0.002041825,0,0,-0.3412214,0,0,0,0,0,0,0,0,0,0,0,5,0,0,-1,0,0,11,0,0,0,0,0,0,0,0,0,0,0,0,0,0,0,0,0,0,0,0,0,0,0,0,0,0,0,0
"2026-08-07 03:00:09.22",504,"CR800.Std.32.05","01/06/2020",29708,"1025","009.007","1025","CPU:CR800_Tlk_inlet_v1.1.CR8","2026-06-04 09:12:24.9",1992,22673,0,11.06107,12.85963,3.39491,0,0,"CPU:CR800_Tlk_inlet_v1.1.CR8 -- Compiled in SequentialMode.  ",0,0,0,0,0,0,2097152,37572,"305  ",0,180,33800,36126,58953,0,0,"2026-08-07 02:59:24.01",7345,10957,0,0,0,0,"Input","Input","Input","Input",0,"4,678,678,5000  ","",0,-0.6824773,-0.06850053,-0.006791715,-0.002041959,0,0,-0.3412386,0,0,0,0,0,0,0,0,0,0,0,5,0,0,-1,0,0,11,0,0,0,0,0,0,0,0,0,0,0,0,0,0,0,0,0,0,0,0,0,0,0,0,0,0,0,0
"2026-08-07 04:00:29.22",506,"CR800.Std.32.05","01/06/2020",29708,"1025","009.007","1025","CPU:CR800_Tlk_inlet_v1.1.CR8","2026-06-04 09:12:24.9",1992,22673,0,10.67473,12.84315,3.394235,0,0,"CPU:CR800_Tlk_inlet_v1.1.CR8 -- Compiled in SequentialMode.  ",0,0,0,0,0,0,2097152,37572,"304  ",0,180,33800,36121,58953,0,0,"2026-08-07 03:59:12.01",7202,10957,0,0,0,0,"Input","Input","Input","Input",0,"4,678,678,5000  ","",0,-0.6825089,-0.06850646,-0.006792118,-0.002042058,0,0,-0.3412613,0,0,0,0,0,0,0,0,0,0,0,5,0,0,-1,0,0,11,0,0,0,0,0,0,0,0,0,0,0,0,0,0,0,0,0,0,0,0,0,0,0,0,0,0,0,0
"2026-08-07 05:00:09.75",507,"CR800.Std.32.05","01/06/2020",29708,"1025","009.007","1025","CPU:CR800_Tlk_inlet_v1.1.CR8","2026-06-04 09:12:24.9",1992,22673,0,10.13251,12.85626,3.403686,0,0,"CPU:CR800_Tlk_inlet_v1.1.CR8 -- Compiled in SequentialMode.  ",0,0,0,0,0,0,2097152,37572,"305  ",0,180,33800,36078,58953,0,0,"2026-08-07 04:59:00.05",7352,10957,0,0,0,0,"Input","Input","Input","Input",0,"4,678,678,5000  ","",0,-0.6825938,-0.06850693,-0.006792238,-0.002042111,0,0,-0.3412969,0,0,0,0,0,0,0,0,0,0,0,5,0,0,-1,0,0,11,0,0,0,0,0,0,0,0,0,0,0,0,0,0,0,0,0,0,0,0,0,0,0,0,0,0,0,0
"2026-08-07 06:00:09.67",508,"CR800.Std.32.05","01/06/2020",29708,"1025","009.007","1025","CPU:CR800_Tlk_inlet_v1.1.CR8","2026-06-04 09:12:24.9",1992,22673,0,9.861408,12.8118,3.405711,0,0,"CPU:CR800_Tlk_inlet_v1.1.CR8 -- Compiled in SequentialMode.  ",0,0,0,0,0,0,2097152,37572,"305  ",0,180,33800,36130,58953,0,0,"2026-08-07 05:58:48.01",7356,10957,0,0,0,0,"Input","Input","Input","Input",0,"4,678,678,5000  ","",0,-0.6825938,-0.06850693,-0.006792238,-0.002042111,0,0,-0.3412969,0,0,0,0,0,0,0,0,0,0,0,5,0,0,-1,0,0,11,0,0,0,0,0,0,0,0,0,0,0,0,0,0,0,0,0,0,0,0,0,0,0,0,0,0,0,0
"2026-08-07 07:00:09.55",509,"CR800.Std.32.05","01/06/2020",29708,"1025","009.007","1025","CPU:CR800_Tlk_inlet_v1.1.CR8","2026-06-04 09:12:24.9",1992,22673,0,10.01955,12.79512,3.403011,0,0,"CPU:CR800_Tlk_inlet_v1.1.CR8 -- Compiled in SequentialMode.  ",0,0,0,0,0,0,2097152,37572,"305  ",0,180,33800,36093,58953,0,0,"2026-08-07 07:00:08.01",7350,10957,0,0,0,0,"Input","Input","Input","Input",0,"4,678,678,5000  ","",0,-0.6825938,-0.06850693,-0.006792238,-0.002042111,0,0,-0.3412969,0,0,0,0,0,0,0,0,0,0,0,5,0,0,-1,0,0,11,0,0,0,0,0,0,0,0,0,0,0,0,0,0,0,0,0,0,0,0,0,0,0,0,0,0,0,0
"2026-08-07 08:00:10.1",510,"CR800.Std.32.05","01/06/2020",29708,"1025","009.007","1025","CPU:CR800_Tlk_inlet_v1.1.CR8","2026-06-04 09:12:24.9",1992,22673,0,10.67473,12.81069,3.402336,0,0,"CPU:CR800_Tlk_inlet_v1.1.CR8 -- Compiled in SequentialMode.  ",0,0,0,0,0,0,2097152,37572,"305  ",0,180,33800,36069,58953,0,0,"2026-08-07 07:59:56.01",7354,10957,0,0,0,0,"Input","Input","Input","Input",0,"4,678,678,5000  ","",0,-0.6825467,-0.06850579,-0.006792097,-0.002042077,0,0,-0.3412483,0,0,0,0,0,0,0,0,0,0,0,5,0,0,-1,0,0,11,0,0,0,0,0,0,0,0,0,0,0,0,0,0,0,0,0,0,0,0,0,0,0,0,0,0,0,0
"2026-08-07 09:00:09.43",511,"CR800.Std.32.05","01/06/2020",29708,"1025","009.007","1025","CPU:CR800_Tlk_inlet_v1.1.CR8","2026-06-04 09:12:24.9",1992,22673,0,11.97832,12.77584,3.402336,0,0,"CPU:CR800_Tlk_inlet_v1.1.CR8 -- Compiled in SequentialMode.  ",0,0,0,0,0,0,2097152,37572,"305  ",0,180,33800,36074,58953,0,0,"2026-08-07 08:59:44.01",7352,10957,0,0,0,0,"Input","Input","Input","Input",0,"4,678,678,5000  ","",0,-0.6824589,-0.06849983,-0.006791524,-0.002041925,0,0,-0.3412339,0,0,0,0,0,0,0,0,0,0,0,5,0,0,-1,0,0,11,0,0,0,0,0,0,0,0,0,0,0,0,0,0,0,0,0,0,0,0,0,0,0,0,0,0,0,0
"2026-08-07 10:00:09.38",512,"CR800.Std.32.05","01/06/2020",29708,"1025","009.007","1025","CPU:CR800_Tlk_inlet_v1.1.CR8","2026-06-04 09:12:24.9",1992,22673,0,13.61176,12.81676,3.399635,0,0,"CPU:CR800_Tlk_inlet_v1.1.CR8 -- Compiled in SequentialMode.  ",0,0,0,0,0,0,2097152,37572,"305  ",0,180,33800,36039,58953,0,0,"2026-08-07 09:59:32.01",7354,10957,0,0,0,0,"Input","Input","Input","Input",0,"4,678,678,5000  ","",0,-0.6822617,-0.06848361,-0.006789973,-0.002041461,0,0,-0.3411504,0,0,0,0,0,0,0,0,0,0,0,5,0,0,-1,0,0,11,0,0,0,0,0,0,0,0,0,0,0,0,0,0,0,0,0,0,0,0,0,0,0,0,0,0,0,0
"2026-08-07 11:00:09.85",513,"CR800.Std.32.05","01/06/2020",29708,"1025","009.007","1025","CPU:CR800_Tlk_inlet_v1.1.CR8","2026-06-04 09:12:24.9",1992,22673,0,14.7075,12.83113,3.399635,0,0,"CPU:CR800_Tlk_inlet_v1.1.CR8 -- Compiled in SequentialMode.  ",0,0,0,0,0,0,2097152,37572,"305  ",0,180,33800,36072,58953,0,0,"2026-08-07 10:59:20.01",7402,10957,0,0,0,0,"Input","Input","Input","Input",0,"4,678,678,5000  ","",0,-0.6821409,-0.06848351,-0.006789918,-0.002041416,0,0,-0.3410682,0,0,0,0,0,0,0,0,0,0,0,5,0,0,-1,0,0,11,0,0,0,0,0,0,0,0,0,0,0,0,0,0,0,0,0,0,0,0,0,0,0,0,0,0,0,0
"2026-08-07 12:00:09.55",514,"CR800.Std.32.05","01/06/2020",29708,"1025","009.007","1025","CPU:CR800_Tlk_inlet_v1.1.CR8","2026-06-04 09:12:24.9",1992,22673,0,16.09242,13.4085,3.400986,0,0,"CPU:CR800_Tlk_inlet_v1.1.CR8 -- Compiled in SequentialMode.  ",0,0,0,0,0,0,2097152,37572,"305  ",0,180,33800,36063,58953,0,0,"2026-08-07 11:59:08.01",7339,10957,0,0,0,0,"Input","Input","Input","Input",0,"4,678,678,5000  ","",0,-0.6821285,-0.06848351,-0.006789918,-0.002041416,0,0,-0.3410643,0,0,0,0,0,0,0,0,0,0,0,5,0,0,-1,0,0,11,0,0,0,0,0,0,0,0,0,0,0,0,0,0,0,0,0,0,0,0,0,0,0,0,0,0,0,0
"2026-08-07 13:00:09.51",516,"CR800.Std.32.05","01/06/2020",29708,"1025","009.007","1025","CPU:CR800_Tlk_inlet_v1.1.CR8","2026-06-04 09:12:24.9",1992,22673,0,18.2003,13.22289,3.403686,0,0,"CPU:CR800_Tlk_inlet_v1.1.CR8 -- Compiled in SequentialMode.  ",0,0,0,0,0,0,2097152,37572,"305  ",0,180,33800,36046,58953,0,0,"2026-08-07 12:58:56.01",7298,10957,0,0,0,0,"Input","Input","Input","Input",0,"4,678,678,5000  ","",0,-0.6820095,-0.06848033,-0.006789736,-0.002041372,0,0,-0.3409858,0,0,0,0,0,0,0,0,0,0,0,5,0,0,0,0,0,11,0,0,0,0,0,0,0,0,0,0,0,0,0,0,0,0,0,0,0,0,0,0,0,0,0,0,0,0
"2026-08-07 14:00:09.47",517,"CR800.Std.32.05","01/06/2020",29708,"1025","009.007","1025","CPU:CR800_Tlk_inlet_v1.1.CR8","2026-06-04 09:12:24.9",1992,22673,0,17.86819,13.5839,3.404361,0,0,"CPU:CR800_Tlk_inlet_v1.1.CR8 -- Compiled in SequentialMode.  ",0,0,0,0,0,0,2097152,37572,"305  ",0,180,33800,36085,58953,0,0,"2026-08-07 13:58:44.01",7293,10957,0,0,0,0,"Input","Input","Input","Input",0,"4,678,678,5000  ","",0,-0.6820111,-0.06848348,-0.00678991,-0.002041409,0,0,-0.3410047,0,0,0,0,0,0,0,0,0,0,0,5,0,0,0,0,0,11,0,0,0,0,0,0,0,0,0,0,0,0,0,0,0,0,0,0,0,0,0,0,0,0,0,0,0,0
"2026-08-07 15:00:15.67",518,"CR800.Std.32.05","01/06/2020",29708,"1025","009.007","1025","CPU:CR800_Tlk_inlet_v1.1.CR8","2026-06-04 09:12:24.9",1992,22673,0,18.25,13.2447,3.406386,0,0,"CPU:CR800_Tlk_inlet_v1.1.CR8 -- Compiled in SequentialMode.  ",0,0,0,0,0,0,2097152,37572,"305  ",0,180,33800,36087,58953,0,0,"2026-08-07 15:00:04.01",7152,10957,0,0,0,0,"Input","Input","Input","Input",0,"4,678,678,5000  ","",0,-0.6819932,-0.06848113,-0.006789865,-0.002041409,0,0,-0.3409967,0,0,0,0,0,0,0,0,0,0,0,5,0,0,0,0,0,11,0,0,0,0,0,0,0,0,0,0,0,0,0,0,0,0,0,0,0,0,0,0,0,0,0,0,0,0
"2026-08-07 16:00:10.17",519,"CR800.Std.32.05","01/06/2020",29708,"1025","009.007","1025","CPU:CR800_Tlk_inlet_v1.1.CR8","2026-06-04 09:12:24.9",1992,22673,0,17.66486,13.4784,3.405711,0,0,"CPU:CR800_Tlk_inlet_v1.1.CR8 -- Compiled in SequentialMode.  ",0,0,0,0,0,0,2097152,37572,"305  ",0,180,33800,36069,58953,0,0,"2026-08-07 15:59:52.01",7348,10957,0,0,0,0,"Input","Input","Input","Input",0,"4,678,678,5000  ","",0,-0.6820118,-0.06848348,-0.006789909,-0.002041409,0,0,-0.3410059,0,0,0,0,0,0,0,0,0,0,0,5,0,0,-1,0,0,11,0,0,0,0,0,0,0,0,0,0,0,0,0,0,0,0,0,0,0,0,0,0,0,0,0,0,0,0
"2026-08-07 17:00:29.93",521,"CR800.Std.32.05","01/06/2020",29708,"1025","009.007","1025","CPU:CR800_Tlk_inlet_v1.1.CR8","2026-06-04 09:12:24.9",1992,22673,0,17.2356,13.59542,3.405711,0,0,"CPU:CR800_Tlk_inlet_v1.1.CR8 -- Compiled in SequentialMode.  ",0,0,0,0,0,0,2097152,37572,"304  ",0,180,33800,36108,58953,0,0,"2026-08-07 16:59:40.01",7354,10957,0,0,0,0,"Input","Input","Input","Input",0,"4,678,678,5000  ","",0,-0.6820276,-0.06848348,-0.006789912,-0.002041413,0,0,-0.3410159,0,0,0,0,0,0,0,0,0,0,0,5,0,0,-1,0,0,11,0,0,0,0,0,0,0,0,0,0,0,0,0,0,0,0,0,0,0,0,0,0,0,0,0,0,0,0
"2026-08-07 18:00:10.59",522,"CR800.Std.32.05","01/06/2020",29708,"1025","009.007","1025","CPU:CR800_Tlk_inlet_v1.1.CR8","2026-06-04 09:12:24.9",1992,22673,0,17.36212,13.13964,3.406386,0,0,"CPU:CR800_Tlk_inlet_v1.1.CR8 -- Compiled in SequentialMode.  ",0,0,0,0,0,0,2097152,37572,"305  ",0,180,33800,36039,58953,0,0,"2026-08-07 17:59:28.01",7293,10957,0,0,0,0,"Input","Input","Input","Input",0,"4,678,678,5000  ","",0,-0.682012,-0.06848348,-0.006789912,-0.002041413,0,0,-0.341006,0,0,0,0,0,0,0,0,0,0,0,5,0,0,0,0,0,11,0,0,0,0,0,0,0,0,0,0,0,0,0,0,0,0,0,0,0,0,0,0,0,0,0,0,0,0
"2026-08-07 19:00:09.86",523,"CR800.Std.32.05","01/06/2020",29708,"1025","009.007","1025","CPU:CR800_Tlk_inlet_v1.1.CR8","2026-06-04 09:12:24.9",1992,22673,0,15.06898,13.11966,3.400986,0,0,"CPU:CR800_Tlk_inlet_v1.1.CR8 -- Compiled in SequentialMode.  ",0,0,0,0,0,0,2097152,37572,"305  ",0,180,33800,36069,58953,0,0,"2026-08-07 18:59:16.01",7356,10957,0,0,0,0,"Input","Input","Input","Input",0,"4,678,678,5000  ","",0,-0.6821281,-0.06848348,-0.006789912,-0.002041413,0,0,-0.3410699,0,0,0,0,0,0,0,0,0,0,0,5,0,0,-1,0,0,11,0,0,0,0,0,0,0,0,0,0,0,0,0,0,0,0,0,0,0,0,0,0,0,0,0,0,0,0
"2026-08-07 20:00:09.88",524,"CR800.Std.32.05","01/06/2020",29708,"1025","009.007","1025","CPU:CR800_Tlk_inlet_v1.1.CR8","2026-06-04 09:12:24.9",1992,22673,0,13.75409,13.05046,3.398961,0,0,"CPU:CR800_Tlk_inlet_v1.1.CR8 -- Compiled in SequentialMode.  ",0,0,0,0,0,0,2097152,37572,"305  ",0,180,33800,36267,58953,0,0,"2026-08-07 19:59:04.01",7350,10957,0,0,0,0,"Input","Input","Input","Input",0,"4,678,678,5000  ","",0,-0.6823004,-0.06848348,-0.006789912,-0.002041413,0,0,-0.3411461,0,0,0,0,0,0,0,0,0,0,0,5,0,0,-1,0,0,11,0,0,0,0,0,0,0,0,0,0,0,0,0,0,0,0,0,0,0,0,0,0,0,0,0,0,0,0
"2026-08-07 21:00:33.33",526,"CR800.Std.32.05","01/06/2020",29708,"1025","009.007","1025","CPU:CR800_Tlk_inlet_v1.1.CR8","2026-06-04 09:12:24.9",1992,22673,0,12.71936,12.99634,3.398285,0,0,"CPU:CR800_Tlk_inlet_v1.1.CR8 -- Compiled in SequentialMode.  ",0,0,0,0,0,0,2097152,37572,"304  ",0,180,33800,32964,58953,0,0,"2026-08-07 21:00:24.01",7356,10957,0,0,0,0,"Input","Input","Input","Input",0,"4,678,678,5000  ","",0,-0.6823608,-0.06849362,-0.006790679,-0.00204158,0,0,-0.3411804,0,0,0,0,0,0,0,0,0,0,0,5,0,0,-1,0,0,11,0,0,0,0,0,0,0,0,0,0,0,0,0,0,0,0,0,0,0,0,0,0,0,0,0,0,0,0
"2026-08-07 22:00:09.58",527,"CR800.Std.32.05","01/06/2020",29708,"1025","009.007","1025","CPU:CR800_Tlk_inlet_v1.1.CR8","2026-06-04 09:12:24.9",1992,22673,0,11.17629,12.97633,3.39491,0,0,"CPU:CR800_Tlk_inlet_v1.1.CR8 -- Compiled in SequentialMode.  ",0,0,0,0,0,0,2097152,37572,"305  ",0,180,33800,36113,58953,0,0,"2026-08-07 21:58:40.01",7350,10957,0,0,0,0,"Input","Input","Input","Input",0,"4,678,678,5000  ","",0,-0.6824771,-0.06850576,-0.006791917,-0.002041953,0,0,-0.3412355,0,0,0,0,0,0,0,0,0,0,0,5,0,0,-1,0,0,11,0,0,0,0,0,0,0,0,0,0,0,0,0,0,0,0,0,0,0,0,0,0,0,0,0,0,0,0
"2026-08-07 23:00:09.58",528,"CR800.Std.32.05","01/06/2020",29708,"1025","009.007","1025","CPU:CR800_Tlk_inlet_v1.1.CR8","2026-06-04 09:12:24.9",1992,22673,0,10.10992,12.92851,3.39761,0,0,"CPU:CR800_Tlk_inlet_v1.1.CR8 -- Compiled in SequentialMode.  ",0,0,0,0,0,0,2097152,37572,"305  ",0,180,33800,36117,58953,0,0,"2026-08-07 23:00:00.05",7345,10957,0,0,0,0,"Input","Input","Input","Input",0,"4,678,678,5000  ","",0,-0.6825935,-0.06850693,-0.006792238,-0.002042111,0,0,-0.3412968,0,0,0,0,0,0,0,0,0,0,0,5,0,0,-1,0,0,11,0,0,0,0,0,0,0,0,0,0,0,0,0,0,0,0,0,0,0,0,0,0,0,0,0,0,0,0
"2026-08-08 00:00:09.55",529,"CR800.Std.32.05","01/06/2020",29708,"1025","009.007","1025","CPU:CR800_Tlk_inlet_v1.1.CR8","2026-06-04 09:12:24.9",1992,22673,0,9.479595,12.92296,3.405036,0,0,"CPU:CR800_Tlk_inlet_v1.1.CR8 -- Compiled in SequentialMode.  ",0,0,0,0,0,0,2097152,37572,"305  ",0,180,33800,36126,58953,0,0,"2026-08-07 23:59:48.01",7350,10957,0,0,0,0,"Input","Input","Input","Input",0,"4,678,678,5000  ","",0,-0.6825938,-0.06850693,-0.006792238,-0.002042111,0,0,-0.3412969,0,0,0,0,0,0,0,0,0,0,0,5,0,0,-1,0,0,11,0,0,0,0,0,0,0,0,0,0,0,0,0,0,0,0,0,0,0,0,0,0,0,0,0,0,0,0
"2026-08-08 01:00:29.05",531,"CR800.Std.32.05","01/06/2020",29708,"1025","009.007","1025","CPU:CR800_Tlk_inlet_v1.1.CR8","2026-06-04 09:12:24.9",1992,22673,0,8.878628,12.8785,3.403686,0,0,"CPU:CR800_Tlk_inlet_v1.1.CR8 -- Compiled in SequentialMode.  ",0,0,0,0,0,0,2097152,37572,"304  ",0,180,33800,36061,58953,0,0,"2026-08-08 00:59:36.01",7354,10957,0,0,0,0,"Input","Input","Input","Input",0,"4,678,678,5000  ","",0,-0.6825938,-0.06850693,-0.006792238,-0.002042111,0,0,-0.3412982,0,0,0,0,0,0,0,0,0,0,0,5,0,0,-2,0,0,11,0,0,0,0,0,0,0,0,0,0,0,0,0,0,0,0,0,0,0,0,0,0,0,0,0,0,0,0
"2026-08-08 02:00:09.42",532,"CR800.Std.32.05","01/06/2020",29708,"1025","009.007","1025","CPU:CR800_Tlk_inlet_v1.1.CR8","2026-06-04 09:12:24.9",1992,22673,0,8.345448,12.86742,3.40166,0,0,"CPU:CR800_Tlk_inlet_v1.1.CR8 -- Compiled in SequentialMode.  ",0,0,0,0,0,0,2097152,37572,"305  ",0,180,33800,36089,58953,0,0,"2026-08-08 01:59:24.01",7358,10957,0,0,0,0,"Input","Input","Input","Input",0,"4,678,678,5000  ","",0,-0.6825954,-0.06850693,-0.006792238,-0.002042111,0,0,-0.3413026,0,0,0,0,0,0,0,0,0,0,0,5,0,0,-1,0,0,11,0,0,0,0,0,0,0,0,0,0,0,0,0,0,0,0,0,0,0,0,0,0,0,0,0,0,0,0
"2026-08-08 03:00:09.38",533,"CR800.Std.32.05","01/06/2020",29708,"1025","009.007","1025","CPU:CR800_Tlk_inlet_v1.1.CR8","2026-06-04 09:12:24.9",1992,22673,0,7.904896,12.86205,3.399635,0,0,"CPU:CR800_Tlk_inlet_v1.1.CR8 -- Compiled in SequentialMode.  ",0,0,0,0,0,0,2097152,37572,"305  ",0,180,33800,36080,58953,0,0,"2026-08-08 02:59:12.01",7354,10957,0,0,0,0,"Input","Input","Input","Input",0,"4,678,678,5000  ","",0,-0.6826036,-0.06850821,-0.006792448,-0.002042177,0,0,-0.3413153,0,0,0,0,0,0,0,0,0,0,0,5,0,0,-2,0,0,11,0,0,0,0,0,0,0,0,0,0,0,0,0,0,0,0,0,0,0,0,0,0,0,0,0,0,0,0
"2026-08-08 04:00:09.36",534,"CR800.Std.32.05","01/06/2020",29708,"1025","009.007","1025","CPU:CR800_Tlk_inlet_v1.1.CR8","2026-06-04 09:12:24.9",1992,22673,0,7.575047,12.8534,3.39761,0,0,"CPU:CR800_Tlk_inlet_v1.1.CR8 -- Compiled in SequentialMode.  ",0,0,0,0,0,0,2097152,37572,"305  ",0,180,33800,36093,58953,0,0,"2026-08-08 03:59:00.05",7356,10957,0,0,0,0,"Input","Input","Input","Input",0,"4,678,678,5000  ","",0,-0.6827548,-0.06851481,-0.006792917,-0.002042305,0,0,-0.3413797,0,0,0,0,0,0,0,0,0,0,0,5,0,0,-2,0,0,11,0,0,0,0,0,0,0,0,0,0,0,0,0,0,0,0,0,0,0,0,0,0,0,0,0,0,0,0
"2026-08-08 05:00:09.57",535,"CR800.Std.32.05","01/06/2020",29708,"1025","009.007","1025","CPU:CR800_Tlk_inlet_v1.1.CR8","2026-06-04 09:12:24.9",1992,22673,0,7.398823,12.83215,3.39761,0,0,"CPU:CR800_Tlk_inlet_v1.1.CR8 -- Compiled in SequentialMode.  ",0,0,0,0,0,0,2097152,37572,"305  ",0,180,33800,36148,58953,0,0,"2026-08-08 04:58:48.01",7358,10957,0,0,0,0,"Input","Input","Input","Input",0,"4,678,678,5000  ","",0,-0.6827738,-0.06851652,-0.006793084,-0.002042348,0,0,-0.3414108,0,0,0,0,0,0,0,0,0,0,0,5,0,0,-1,0,0,11,0,0,0,0,0,0,0,0,0,0,0,0,0,0,0,0,0,0,0,0,0,0,0,0,0,0,0,0
"2026-08-08 06:00:09.26",536,"CR800.Std.32.05","01/06/2020",29708,"1025","009.007","1025","CPU:CR800_Tlk_inlet_v1.1.CR8","2026-06-04 09:12:24.9",1992,22673,0,7.24519,12.77723,3.39626,0,0,"CPU:CR800_Tlk_inlet_v1.1.CR8 -- Compiled in SequentialMode.  ",0,0,0,0,0,0,2097152,37572,"305  ",0,180,33800,36074,58953,0,0,"2026-08-08 06:00:08.01",7371,10957,0,0,0,0,"Input","Input","Input","Input",0,"4,678,678,5000  ","",0,-0.6828262,-0.06852008,-0.006793508,-0.002042495,0,0,-0.341412,0,0,0,0,0,0,0,0,0,0,0,5,0,0,-2,0,0,11,0,0,0,0,0,0,0,0,0,0,0,0,0,0,0,0,0,0,0,0,0,0,0,0,0,0,0,0
"2026-08-08 07:00:09.45",537,"CR800.Std.32.05","01/06/2020",29708,"1025","009.007","1025","CPU:CR800_Tlk_inlet_v1.1.CR8","2026-06-04 09:12:24.9",1992,22673,0,6.98312,12.78281,3.39491,0,0,"CPU:CR800_Tlk_inlet_v1.1.CR8 -- Compiled in SequentialMode.  ",0,0,0,0,0,0,2097152,37572,"305  ",0,180,33800,36072,58953,0,0,"2026-08-08 06:59:56.01",7367,10957,0,0,0,0,"Input","Input","Input","Input",0,"4,678,678,5000  ","",0,-0.6828269,-0.06852757,-0.006794213,-0.002042664,0,0,-0.3414134,0,0,0,0,0,0,0,0,0,0,0,5,0,0,-1,0,0,11,0,0,0,0,0,0,0,0,0,0,0,0,0,0,0,0,0,0,0,0,0,0,0,0,0,0,0,0
"2026-08-08 08:00:09.37",538,"CR800.Std.32.05","01/06/2020",29708,"1025","009.007","1025","CPU:CR800_Tlk_inlet_v1.1.CR8","2026-06-04 09:12:24.9",1992,22673,0,6.831753,12.73833,3.39356,0,0,"CPU:CR800_Tlk_inlet_v1.1.CR8 -- Compiled in SequentialMode.  ",0,0,0,0,0,0,2097152,37572,"305  ",0,180,33800,36093,58953,0,0,"2026-08-08 07:59:44.01",7365,10957,0,0,0,0,"Input","Input","Input","Input",0,"4,678,678,5000  ","",0,-0.6828269,-0.06852881,-0.006794352,-0.002042748,0,0,-0.3414134,0,0,0,0,0,0,0,0,0,0,0,5,0,0,-1,0,0,11,0,0,0,0,0,0,0,0,0,0,0,0,0,0,0,0,0,0,0,0,0,0,0,0,0,0,0,0
"2026-08-08 09:00:09.61",539,"CR800.Std.32.05","01/06/2020",29708,"1025","009.007","1025","CPU:CR800_Tlk_inlet_v1.1.CR8","2026-06-04 09:12:24.9",1992,22673,0,6.786564,12.77725,3.39356,0,0,"CPU:CR800_Tlk_inlet_v1.1.CR8 -- Compiled in SequentialMode.  ",0,0,0,0,0,0,2097152,37572,"305  ",0,180,33800,36082,58953,0,0,"2026-08-08 08:59:32.01",7369,10957,0,0,0,0,"Input","Input","Input","Input",0,"4,678,678,5000  ","",0,-0.6828269,-0.06852855,-0.006794301,-0.002042716,0,0,-0.3414134,0,0,0,0,0,0,0,0,0,0,0,5,0,0,-1,0,0,11,0,0,0,0,0,0,0,0,0,0,0,0,0,0,0,0,0,0,0,0,0,0,0,0,0,0,0,0
"2026-08-08 10:00:30",541,"CR800.Std.32.05","01/06/2020",29708,"1025","009.007","1025","CPU:CR800_Tlk_inlet_v1.1.CR8","2026-06-04 09:12:24.9",1992,22673,0,7.421413,12.73718,3.392885,0,0,"CPU:CR800_Tlk_inlet_v1.1.CR8 -- Compiled in SequentialMode.  ",0,0,0,0,0,0,2097152,37572,"304  ",0,180,33800,36072,58953,0,0,"2026-08-08 09:59:20.01",7361,10957,0,0,0,0,"Input","Input","Input","Input",0,"4,678,678,5000  ","",0,-0.6827778,-0.06851377,-0.006793106,-0.002042438,0,0,-0.3413942,0,0,0,0,0,0,0,0,0,0,0,5,0,0,-1,0,0,11,0,0,0,0,0,0,0,0,0,0,0,0,0,0,0,0,0,0,0,0,0,0,0,0,0,0,0,0
"2026-08-08 11:00:09.71",542,"CR800.Std.32.05","01/06/2020",29708,"1025","009.007","1025","CPU:CR800_Tlk_inlet_v1.1.CR8","2026-06-04 09:12:24.9",1992,22673,0,7.728672,12.72394,3.392885,0,0,"CPU:CR800_Tlk_inlet_v1.1.CR8 -- Compiled in SequentialMode.  ",0,0,0,0,0,0,2097152,37572,"305  ",0,180,33800,36098,58953,0,0,"2026-08-08 10:59:08.01",7352,10957,0,0,0,0,"Input","Input","Input","Input",0,"4,678,678,5000  ","",0,-0.68264,-0.06850965,-0.006792381,-0.002042159,0,0,-0.3413319,0,0,0,0,0,0,0,0,0,0,0,5,0,0,-2,0,0,11,0,0,0,0,0,0,0,0,0,0,0,0,0,0,0,0,0,0,0,0,0,0,0,0,0,0,0,0
"2026-08-08 12:00:09.43",543,"CR800.Std.32.05","01/06/2020",29708,"1025","009.007","1025","CPU:CR800_Tlk_inlet_v1.1.CR8","2026-06-04 09:12:24.9",1992,22673,0,7.950077,12.77339,3.39221,0,0,"CPU:CR800_Tlk_inlet_v1.1.CR8 -- Compiled in SequentialMode.  ",0,0,0,0,0,0,2097152,37572,"305  ",0,180,33800,36080,58953,0,0,"2026-08-08 11:58:56.01",7356,10957,0,0,0,0,"Input","Input","Input","Input",0,"4,678,678,5000  ","",0,-0.6826154,-0.06850715,-0.006792309,-0.002042152,0,0,-0.3413058,0,0,0,0,0,0,0,0,0,0,0,5,0,0,-1,0,0,11,0,0,0,0,0,0,0,0,0,0,0,0,0,0,0,0,0,0,0,0,0,0,0,0,0,0,0,0
"2026-08-08 13:00:09.72",544,"CR800.Std.32.05","01/06/2020",29708,"1025","009.007","1025","CPU:CR800_Tlk_inlet_v1.1.CR8","2026-06-04 09:12:24.9",1992,22673,0,9.213001,12.86186,3.390185,0,0,"CPU:CR800_Tlk_inlet_v1.1.CR8 -- Compiled in SequentialMode.  ",0,0,0,0,0,0,2097152,37572,"305  ",0,180,33800,36059,58953,0,0,"2026-08-08 12:58:44.01",7356,10957,0,0,0,0,"Input","Input","Input","Input",0,"4,678,678,5000  ","",0,-0.6825953,-0.06850696,-0.006792244,-0.002042115,0,0,-0.341297,0,0,0,0,0,0,0,0,0,0,0,5,0,0,-1,0,0,11,0,0,0,0,0,0,0,0,0,0,0,0,0,0,0,0,0,0,0,0,0,0,0,0,0,0,0,0
"2026-08-08 14:00:09.59",545,"CR800.Std.32.05","01/06/2020",29708,"1025","009.007","1025","CPU:CR800_Tlk_inlet_v1.1.CR8","2026-06-04 09:12:24.9",1992,22673,0,11.72528,13.12093,3.39221,0,0,"CPU:CR800_Tlk_inlet_v1.1.CR8 -- Compiled in SequentialMode.  ",0,0,0,0,0,0,2097152,37572,"305  ",0,180,33800,36050,58953,0,0,"2026-08-08 14:00:04.01",7204,10957,0,0,0,0,"Input","Input","Input","Input",0,"4,678,678,5000  ","",0,-0.6824818,-0.06849596,-0.006791422,-0.002041918,0,0,-0.34124,0,0,0,0,0,0,0,0,0,0,0,5,0,0,-1,0,0,11,0,0,0,0,0,0,0,0,0,0,0,0,0,0,0,0,0,0,0,0,0,0,0,0,0,0,0,0
"2026-08-08 15:00:35.82",546,"CR800.Std.32.05","01/06/2020",29708,"1025","009.007","1025","CPU:CR800_Tlk_inlet_v1.1.CR8","2026-06-04 09:12:24.9",1992,22673,0,13.99131,13.14456,3.392885,0,0,"CPU:CR800_Tlk_inlet_v1.1.CR8 -- Compiled in SequentialMode.  ",0,0,0,0,0,0,2097152,37572,"305  ",0,180,33800,32934,58953,0,0,"2026-08-08 14:59:52.01",7352,10957,0,0,0,0,"Input","Input","Input","Input",0,"4,678,678,5000  ","",0,-0.6822627,-0.06848359,-0.006789961,-0.002041452,0,0,-0.3411263,0,0,0,0,0,0,0,0,0,0,0,5,0,0,-1,0,0,11,0,0,0,0,0,0,0,0,0,0,0,0,0,0,0,0,0,0,0,0,0,0,0,0,0,0,0,0
"2026-08-08 16:00:09.51",547,"CR800.Std.32.05","01/06/2020",29708,"1025","009.007","1025","CPU:CR800_Tlk_inlet_v1.1.CR8","2026-06-04 09:12:24.9",1992,22673,0,14.42057,13.03694,3.391535,0,0,"CPU:CR800_Tlk_inlet_v1.1.CR8 -- Compiled in SequentialMode.  ",0,0,0,0,0,0,2097152,37572,"305  ",0,180,33800,36067,58953,0,0,"2026-08-08 15:59:40.01",7358,10957,0,0,0,0,"Input","Input","Input","Input",0,"4,678,678,5000  ","",0,-0.6821762,-0.06848351,-0.006789918,-0.002041416,0,0,-0.3411005,0,0,0,0,0,0,0,0,0,0,0,5,0,0,-1,0,0,11,0,0,0,0,0,0,0,0,0,0,0,0,0,0,0,0,0,0,0,0,0,0,0,0,0,0,0,0
"2026-08-08 17:00:10.23",548,"CR800.Std.32.05","01/06/2020",29708,"1025","009.007","1025","CPU:CR800_Tlk_inlet_v1.1.CR8","2026-06-04 09:12:24.9",1992,22673,0,14.1811,12.96035,3.395585,0,0,"CPU:CR800_Tlk_inlet_v1.1.CR8 -- Compiled in SequentialMode.  ",0,0,0,0,0,0,2097152,37572,"305  ",0,180,33800,36085,58953,0,0,"2026-08-08 16:59:28.01",7350,10957,0,0,0,0,"Input","Input","Input","Input",0,"4,678,678,5000  ","",0,-0.6822261,-0.06848351,-0.006789918,-0.002041416,0,0,-0.3411082,0,0,0,0,0,0,0,0,0,0,0,5,0,0,-1,0,0,11,0,0,0,0,0,0,0,0,0,0,0,0,0,0,0,0,0,0,0,0,0,0,0,0,0,0,0,0
"2026-08-08 18:00:10.28",549,"CR800.Std.32.05","01/06/2020",29708,"1025","009.007","1025","CPU:CR800_Tlk_inlet_v1.1.CR8","2026-06-04 09:12:24.9",1992,22673,0,14.80465,12.94234,3.39491,0,0,"CPU:CR800_Tlk_inlet_v1.1.CR8 -- Compiled in SequentialMode.  ",0,0,0,0,0,0,2097152,37572,"305  ",0,180,33800,36074,58953,0,0,"2026-08-08 17:59:16.01",7298,10957,0,0,0,0,"Input","Input","Input","Input",0,"4,678,678,5000  ","",0,-0.6821458,-0.06848351,-0.006789918,-0.002041416,0,0,-0.3410675,0,0,0,0,0,0,0,0,0,0,0,5,0,0,0,0,0,11,0,0,0,0,0,0,0,0,0,0,0,0,0,0,0,0,0,0,0,0,0,0,0,0,0,0,0,0
"2026-08-08 19:00:09.65",550,"CR800.Std.32.05","01/06/2020",29708,"1025","009.007","1025","CPU:CR800_Tlk_inlet_v1.1.CR8","2026-06-04 09:12:24.9",1992,22673,0,14.54031,12.84796,3.396935,0,0,"CPU:CR800_Tlk_inlet_v1.1.CR8 -- Compiled in SequentialMode.  ",0,0,0,0,0,0,2097152,37572,"305  ",0,180,33800,36056,58953,0,0,"2026-08-08 18:59:04.01",7356,10957,0,0,0,0,"Input","Input","Input","Input",0,"4,678,678,5000  ","",0,-0.6821712,-0.06848351,-0.006789918,-0.002041416,0,0,-0.3410787,0,0,0,0,0,0,0,0,0,0,0,5,0,0,-1,0,0,11,0,0,0,0,0,0,0,0,0,0,0,0,0,0,0,0,0,0,0,0,0,0,0,0,0,0,0,0
"2026-08-08 20:03:28",554,"CR800.Std.32.05","01/06/2020",29708,"1025","009.007","1025","CPU:CR800_Tlk_inlet_v1.1.CR8","2026-06-04 09:12:24.9",1992,22673,0,14.30083,12.78696,3.39761,0,0,"CPU:CR800_Tlk_inlet_v1.1.CR8 -- Compiled in SequentialMode.  ",0,0,0,0,0,0,2097152,37572,"303  ",0,180,33800,33125,58953,0,0,"2026-08-08 20:01:56.01",7352,10957,0,0,0,0,"Input","Input","Input","Input",0,"4,678,678,5000  ","",0,-0.6821755,-0.06848351,-0.006789918,-0.002041416,0,0,-0.3411045,0,0,0,0,0,0,0,0,0,0,0,5,0,0,-1,0,0,11,0,0,0,0,0,0,0,0,0,0,0,0,0,0,0,0,0,0,0,0,0,0,0,0,0,0,0,0
"2026-08-08 21:00:11.37",555,"CR800.Std.32.05","01/06/2020",29708,"1025","009.007","1025","CPU:CR800_Tlk_inlet_v1.1.CR8","2026-06-04 09:12:24.9",1992,22673,0,13.84898,12.76078,3.39761,0,0,"CPU:CR800_Tlk_inlet_v1.1.CR8 -- Compiled in SequentialMode.  ",0,0,0,0,0,0,2097152,37572,"305  ",0,180,33800,36050,58953,0,0,"2026-08-08 20:58:40.01",7354,15373,0,0,0,0,"Input","Input","Input","Input",0,"4,678,678,5000  ","",0,-0.6822438,-0.06848351,-0.006789918,-0.002041416,0,0,-0.3411222,0,0,0,0,0,0,0,0,0,0,0,5,0,0,-1,0,0,11,0,0,0,0,0,0,0,0,0,0,0,0,0,0,0,0,0,0,0,0,0,0,0,0,0,0,0,0
"2026-08-08 22:00:09.62",556,"CR800.Std.32.05","01/06/2020",29708,"1025","009.007","1025","CPU:CR800_Tlk_inlet_v1.1.CR8","2026-06-04 09:12:24.9",1992,22673,0,13.21187,12.76277,3.398285,0,0,"CPU:CR800_Tlk_inlet_v1.1.CR8 -- Compiled in SequentialMode.  ",0,0,0,0,0,0,2097152,37572,"305  ",0,180,33800,36069,58953,0,0,"2026-08-08 22:00:00.05",7354,15373,0,0,0,0,"Input","Input","Input","Input",0,"4,678,678,5000  ","",0,-0.6823521,-0.0684876,-0.006790199,-0.002041483,0,0,-0.341179,0,0,0,0,0,0,0,0,0,0,0,5,0,0,-1,0,0,11,0,0,0,0,0,0,0,0,0,0,0,0,0,0,0,0,0,0,0,0,0,0,0,0,0,0,0,0
"2026-08-08 23:00:09.42",557,"CR800.Std.32.05","01/06/2020",29708,"1025","009.007","1025","CPU:CR800_Tlk_inlet_v1.1.CR8","2026-06-04 09:12:24.9",1992,22673,0,12.04836,12.74161,3.39761,0,0,"CPU:CR800_Tlk_inlet_v1.1.CR8 -- Compiled in SequentialMode.  ",0,0,0,0,0,0,2097152,37572,"305  ",0,180,33800,36061,58953,0,0,"2026-08-08 22:59:48.01",7356,15373,0,0,0,0,"Input","Input","Input","Input",0,"4,678,678,5000  ","",0,-0.6823976,-0.06850032,-0.006791433,-0.002041824,0,0,-0.341215,0,0,0,0,0,0,0,0,0,0,0,5,0,0,-1,0,0,11,0,0,0,0,0,0,0,0,0,0,0,0,0,0,0,0,0,0,0,0,0,0,0,0,0,0,0,0
"2026-08-09 00:00:09.58",558,"CR800.Std.32.05","01/06/2020",29708,"1025","009.007","1025","CPU:CR800_Tlk_inlet_v1.1.CR8","2026-06-04 09:12:24.9",1992,22673,0,10.67473,12.72113,3.396935,0,0,"CPU:CR800_Tlk_inlet_v1.1.CR8 -- Compiled in SequentialMode.  ",0,0,0,0,0,0,2097152,37572,"305  ",0,180,33800,36067,58953,0,0,"2026-08-08 23:59:36.01",7350,15373,0,0,0,0,"Input","Input","Input","Input",0,"4,678,678,5000  ","",0,-0.6825193,-0.06850593,-0.006792027,-0.002042021,0,0,-0.3412515,0,0,0,0,0,0,0,0,0,0,0,5,0,0,-1,0,0,11,0,0,0,0,0,0,0,0,0,0,0,0,0,0,0,0,0,0,0,0,0,0,0,0,0,0,0,0
"2026-08-09 01:03:28.16",562,"CR800.Std.32.05","01/06/2020",29708,"1025","009.007","1025","CPU:CR800_Tlk_inlet_v1.1.CR8","2026-06-04 09:12:24.9",1992,22673,0,9.368885,12.66728,3.396935,0,0,"CPU:CR800_Tlk_inlet_v1.1.CR8 -- Compiled in SequentialMode.  ",0,0,0,0,0,0,2097152,37572,"303  ",0,180,33800,33127,58953,0,0,"2026-08-09 01:02:28.01",7354,15373,0,0,0,0,"Input","Input","Input","Input",0,"4,678,678,5000  ","",0,-0.6825938,-0.06850693,-0.006792238,-0.002042111,0,0,-0.3412969,0,0,0,0,0,0,0,0,0,0,0,5,0,0,-1,0,0,11,0,0,0,0,0,0,0,0,0,0,0,0,0,0,0,0,0,0,0,0,0,0,0,0,0,0,0,0
"2026-08-09 02:00:09.82",563,"CR800.Std.32.05","01/06/2020",29708,"1025","009.007","1025","CPU:CR800_Tlk_inlet_v1.1.CR8","2026-06-04 09:12:24.9",1992,22673,0,8.566853,12.72301,3.39626,0,0,"CPU:CR800_Tlk_inlet_v1.1.CR8 -- Compiled in SequentialMode.  ",0,0,0,0,0,0,2097152,37572,"305  ",0,180,33800,36067,58953,0,0,"2026-08-09 01:59:12.01",7354,15373,0,0,0,0,"Input","Input","Input","Input",0,"4,678,678,5000  ","",0,-0.6826,-0.06850693,-0.006792238,-0.002042111,0,0,-0.3413117,0,0,0,0,0,0,0,0,0,0,0,5,0,0,-1,0,0,11,0,0,0,0,0,0,0,0,0,0,0,0,0,0,0,0,0,0,0,0,0,0,0,0,0,0,0,0
"2026-08-09 03:00:29.25",565,"CR800.Std.32.05","01/06/2020",29708,"1025","009.007","1025","CPU:CR800_Tlk_inlet_v1.1.CR8","2026-06-04 09:12:24.9",1992,22673,0,8.015598,12.70064,3.39491,0,0,"CPU:CR800_Tlk_inlet_v1.1.CR8 -- Compiled in SequentialMode.  ",0,0,0,0,0,0,2097152,37572,"304  ",0,180,33800,36078,58953,0,0,"2026-08-09 02:59:00.05",7352,15373,0,0,0,0,"Input","Input","Input","Input",0,"4,678,678,5000  ","",0,-0.6825941,-0.06850693,-0.006792238,-0.002042111,0,0,-0.3412994,0,0,0,0,0,0,0,0,0,0,0,5,0,0,-2,0,0,11,0,0,0,0,0,0,0,0,0,0,0,0,0,0,0,0,0,0,0,0,0,0,0,0,0,0,0,0
"2026-08-09 04:00:09.38",566,"CR800.Std.32.05","01/06/2020",29708,"1025","009.007","1025","CPU:CR800_Tlk_inlet_v1.1.CR8","2026-06-04 09:12:24.9",1992,22673,0,7.532116,12.71934,3.394235,0,0,"CPU:CR800_Tlk_inlet_v1.1.CR8 -- Compiled in SequentialMode.  ",0,0,0,0,0,0,2097152,37572,"305  ",0,180,33800,36078,58953,0,0,"2026-08-09 03:58:48.01",7356,15373,0,0,0,0,"Input","Input","Input","Input",0,"4,678,678,5000  ","",0,-0.6827277,-0.06851579,-0.00679297,-0.002042282,0,0,-0.341363,0,0,0,0,0,0,0,0,0,0,0,5,0,0,-1,0,0,11,0,0,0,0,0,0,0,0,0,0,0,0,0,0,0,0,0,0,0,0,0,0,0,0,0,0,0,0
"2026-08-09 05:00:09.72",567,"CR800.Std.32.05","01/06/2020",29708,"1025","009.007","1025","CPU:CR800_Tlk_inlet_v1.1.CR8","2026-06-04 09:12:24.9",1992,22673,0,7.224857,12.68273,3.39356,0,0,"CPU:CR800_Tlk_inlet_v1.1.CR8 -- Compiled in SequentialMode.  ",0,0,0,0,0,0,2097152,37572,"305  ",0,180,33800,36087,58953,0,0,"2026-08-09 05:00:08.01",7369,15373,0,0,0,0,"Input","Input","Input","Input",0,"4,678,678,5000  ","",0,-0.6828269,-0.0685207,-0.006793502,-0.002042484,0,0,-0.3414129,0,0,0,0,0,0,0,0,0,0,0,5,0,0,-2,0,0,11,0,0,0,0,0,0,0,0,0,0,0,0,0,0,0,0,0,0,0,0,0,0,0,0,0,0,0,0
"2026-08-09 06:00:09.92",568,"CR800.Std.32.05","01/06/2020",29708,"1025","009.007","1025","CPU:CR800_Tlk_inlet_v1.1.CR8","2026-06-04 09:12:24.9",1992,22673,0,7.093822,12.71053,3.394235,0,0,"CPU:CR800_Tlk_inlet_v1.1.CR8 -- Compiled in SequentialMode.  ",0,0,0,0,0,0,2097152,37572,"305  ",0,180,33800,36102,58953,0,0,"2026-08-09 05:59:56.01",7365,15373,0,0,0,0,"Input","Input","Input","Input",0,"4,678,678,5000  ","",0,-0.6828269,-0.06852138,-0.006793531,-0.0020425,0,0,-0.3414134,0,0,0,0,0,0,0,0,0,0,0,5,0,0,-2,0,0,11,0,0,0,0,0,0,0,0,0,0,0,0,0,0,0,0,0,0,0,0,0,0,0,0,0,0,0,0
"2026-08-09 07:00:09.56",569,"CR800.Std.32.05","01/06/2020",29708,"1025","009.007","1025","CPU:CR800_Tlk_inlet_v1.1.CR8","2026-06-04 09:12:24.9",1992,22673,0,7.24519,12.70497,3.392885,0,0,"CPU:CR800_Tlk_inlet_v1.1.CR8 -- Compiled in SequentialMode.  ",0,0,0,0,0,0,2097152,37572,"305  ",0,180,33800,36089,58953,0,0,"2026-08-09 06:59:44.01",7363,15373,0,0,0,0,"Input","Input","Input","Input",0,"4,678,678,5000  ","",0,-0.6828269,-0.06851867,-0.006793507,-0.002042532,0,0,-0.3414119,0,0,0,0,0,0,0,0,0,0,0,5,0,0,-1,0,0,11,0,0,0,0,0,0,0,0,0,0,0,0,0,0,0,0,0,0,0,0,0,0,0,0,0,0,0,0
"2026-08-09 08:00:09.67",570,"CR800.Std.32.05","01/06/2020",29708,"1025","009.007","1025","CPU:CR800_Tlk_inlet_v1.1.CR8","2026-06-04 09:12:24.9",1992,22673,0,7.904896,12.67924,3.39221,0,0,"CPU:CR800_Tlk_inlet_v1.1.CR8 -- Compiled in SequentialMode.  ",0,0,0,0,0,0,2097152,37572,"305  ",0,180,33800,36078,58953,0,0,"2026-08-09 07:59:32.01",7358,15373,0,0,0,0,"Input","Input","Input","Input",0,"4,678,678,5000  ","",0,-0.6826301,-0.06851041,-0.006792626,-0.002042249,0,0,-0.34131,0,0,0,0,0,0,0,0,0,0,0,5,0,0,-2,0,0,11,0,0,0,0,0,0,0,0,0,0,0,0,0,0,0,0,0,0,0,0,0,0,0,0,0,0,0,0
"2026-08-09 09:00:09.64",571,"CR800.Std.32.05","01/06/2020",29708,"1025","009.007","1025","CPU:CR800_Tlk_inlet_v1.1.CR8","2026-06-04 09:12:24.9",1992,22673,0,9.190411,12.73955,3.392885,0,0,"CPU:CR800_Tlk_inlet_v1.1.CR8 -- Compiled in SequentialMode.  ",0,0,0,0,0,0,2097152,37572,"305  ",0,180,33800,36072,58953,0,0,"2026-08-09 08:59:20.01",7352,15373,0,0,0,0,"Input","Input","Input","Input",0,"4,678,678,5000  ","",0,-0.6825941,-0.06850696,-0.006792244,-0.002042115,0,0,-0.3412971,0,0,0,0,0,0,0,0,0,0,0,5,0,0,-1,0,0,11,0,0,0,0,0,0,0,0,0,0,0,0,0,0,0,0,0,0,0,0,0,0,0,0,0,0,0,0
"2026-08-09 10:00:29.32",573,"CR800.Std.32.05","01/06/2020",29708,"1025","009.007","1025","CPU:CR800_Tlk_inlet_v1.1.CR8","2026-06-04 09:12:24.9",1992,22673,0,10.40362,12.70541,3.391535,0,0,"CPU:CR800_Tlk_inlet_v1.1.CR8 -- Compiled in SequentialMode.  ",0,0,0,0,0,0,2097152,37572,"304  ",0,180,33800,36074,58953,0,0,"2026-08-09 09:59:08.01",7343,15373,0,0,0,0,"Input","Input","Input","Input",0,"4,678,678,5000  ","",0,-0.6825371,-0.06850526,-0.006792068,-0.002042078,0,0,-0.3412753,0,0,0,0,0,0,0,0,0,0,0,5,0,0,-1,0,0,11,0,0,0,0,0,0,0,0,0,0,0,0,0,0,0,0,0,0,0,0,0,0,0,0,0,0,0,0
"2026-08-09 11:00:09.9",574,"CR800.Std.32.05","01/06/2020",29708,"1025","009.007","1025","CPU:CR800_Tlk_inlet_v1.1.CR8","2026-06-04 09:12:24.9",1992,22673,0,11.49485,12.72626,3.39221,0,0,"CPU:CR800_Tlk_inlet_v1.1.CR8 -- Compiled in SequentialMode.  ",0,0,0,0,0,0,2097152,37572,"305  ",0,180,33800,36056,58953,0,0,"2026-08-09 10:58:56.01",7350,15373,0,0,0,0,"Input","Input","Input","Input",0,"4,678,678,5000  ","",0,-0.6824775,-0.06849877,-0.006791572,-0.002041939,0,0,-0.3412386,0,0,0,0,0,0,0,0,0,0,0,5,0,0,-1,0,0,11,0,0,0,0,0,0,0,0,0,0,0,0,0,0,0,0,0,0,0,0,0,0,0,0,0,0,0,0
"2026-08-09 12:00:09.74",575,"CR800.Std.32.05","01/06/2020",29708,"1025","009.007","1025","CPU:CR800_Tlk_inlet_v1.1.CR8","2026-06-04 09:12:24.9",1992,22673,0,12.02351,12.72482,3.39221,0,0,"CPU:CR800_Tlk_inlet_v1.1.CR8 -- Compiled in SequentialMode.  ",0,0,0,0,0,0,2097152,37572,"305  ",0,180,33800,36063,58953,0,0,"2026-08-09 11:58:44.01",7356,15373,0,0,0,0,"Input","Input","Input","Input",0,"4,678,678,5000  ","",0,-0.6823926,-0.06849549,-0.006791182,-0.002041829,0,0,-0.3412032,0,0,0,0,0,0,0,0,0,0,0,5,0,0,-1,0,0,11,0,0,0,0,0,0,0,0,0,0,0,0,0,0,0,0,0,0,0,0,0,0,0,0,0,0,0,0
"2026-08-09 13:00:09.68",576,"CR800.Std.32.05","01/06/2020",29708,"1025","009.007","1025","CPU:CR800_Tlk_inlet_v1.1.CR8","2026-06-04 09:12:24.9",1992,22673,0,12.48665,12.75744,3.392885,0,0,"CPU:CR800_Tlk_inlet_v1.1.CR8 -- Compiled in SequentialMode.  ",0,0,0,0,0,0,2097152,37572,"305  ",0,180,33800,36091,58953,0,0,"2026-08-09 13:00:04.01",7356,15373,0,0,0,0,"Input","Input","Input","Input",0,"4,678,678,5000  ","",0,-0.6823617,-0.06849331,-0.00679109,-0.002041792,0,0,-0.3411806,0,0,0,0,0,0,0,0,0,0,0,5,0,0,-1,0,0,11,0,0,0,0,0,0,0,0,0,0,0,0,0,0,0,0,0,0,0,0,0,0,0,0,0,0,0,0
"2026-08-09 14:00:09.43",577,"CR800.Std.32.05","01/06/2020",29708,"1025","009.007","1025","CPU:CR800_Tlk_inlet_v1.1.CR8","2026-06-04 09:12:24.9",1992,22673,0,13.21187,12.82966,3.394235,0,0,"CPU:CR800_Tlk_inlet_v1.1.CR8 -- Compiled in SequentialMode.  ",0,0,0,0,0,0,2097152,37572,"305  ",0,180,33800,36072,58953,0,0,"2026-08-09 13:59:52.01",7356,15373,0,0,0,0,"Input","Input","Input","Input",0,"4,678,678,5000  ","",0,-0.6823612,-0.06848396,-0.006790021,-0.002041465,0,0,-0.3411806,0,0,0,0,0,0,0,0,0,0,0,5,0,0,-1,0,0,11,0,0,0,0,0,0,0,0,0,0,0,0,0,0,0,0,0,0,0,0,0,0,0,0,0,0,0,0
"2026-08-09 15:00:16.39",578,"CR800.Std.32.05","01/06/2020",29708,"1025","009.007","1025","CPU:CR800_Tlk_inlet_v1.1.CR8","2026-06-04 09:12:24.9",1992,22673,0,13.61176,12.81686,3.394235,0,0,"CPU:CR800_Tlk_inlet_v1.1.CR8 -- Compiled in SequentialMode.  ",0,0,0,0,0,0,2097152,37572,"305  ",0,180,33800,36067,58953,0,0,"2026-08-09 14:59:40.01",7354,15373,0,0,0,0,"Input","Input","Input","Input",0,"4,678,678,5000  ","",0,-0.6822663,-0.06848351,-0.006789918,-0.002041416,0,0,-0.3411528,0,0,0,0,0,0,0,0,0,0,0,5,0,0,-1,0,0,11,0,0,0,0,0,0,0,0,0,0,0,0,0,0,0,0,0,0,0,0,0,0,0,0,0,0,0,0
"2026-08-09 16:00:11.68",579,"CR800.Std.32.05","01/06/2020",29708,"1025","009.007","1025","CPU:CR800_Tlk_inlet_v1.1.CR8","2026-06-04 09:12:24.9",1992,22673,0,14.75494,13.0038,3.394235,0,0,"CPU:CR800_Tlk_inlet_v1.1.CR8 -- Compiled in SequentialMode.  ",0,0,0,0,0,0,2097152,37572,"305  ",0,180,33800,36054,58953,0,0,"2026-08-09 15:59:28.01",7345,15373,0,0,0,0,"Input","Input","Input","Input",0,"4,678,678,5000  ","",0,-0.6821609,-0.06848351,-0.006789918,-0.002041416,0,0,-0.3410698,0,0,0,0,0,0,0,0,0,0,0,5,0,0,-1,0,0,11,0,0,0,0,0,0,0,0,0,0,0,0,0,0,0,0,0,0,0,0,0,0,0,0,0,0,0,0
"2026-08-09 17:00:10.77",580,"CR800.Std.32.05","01/06/2020",29708,"1025","009.007","1025","CPU:CR800_Tlk_inlet_v1.1.CR8","2026-06-04 09:12:24.9",1992,22673,0,15.52987,12.82528,3.39626,0,0,"CPU:CR800_Tlk_inlet_v1.1.CR8 -- Compiled in SequentialMode.  ",0,0,0,0,0,0,2097152,37572,"305  ",0,180,33800,36065,58953,0,0,"2026-08-09 16:59:16.01",7350,15373,0,0,0,0,"Input","Input","Input","Input",0,"4,678,678,5000  ","",0,-0.6821285,-0.06848351,-0.006789918,-0.002041416,0,0,-0.3410643,0,0,0,0,0,0,0,0,0,0,0,5,0,0,-1,0,0,11,0,0,0,0,0,0,0,0,0,0,0,0,0,0,0,0,0,0,0,0,0,0,0,0,0,0,0,0
"2026-08-09 18:00:34.6",582,"CR800.Std.32.05","01/06/2020",29708,"1025","009.007","1025","CPU:CR800_Tlk_inlet_v1.1.CR8","2026-06-04 09:12:24.9",1992,22673,0,14.80465,12.73641,3.395585,0,0,"CPU:CR800_Tlk_inlet_v1.1.CR8 -- Compiled in SequentialMode.  ",0,0,0,0,0,0,2097152,37572,"304  ",0,180,33800,32955,58953,0,0,"2026-08-09 17:59:04.01",7341,15373,0,0,0,0,"Input","Input","Input","Input",0,"4,678,678,5000  ","",0,-0.6821285,-0.06848351,-0.006789918,-0.002041416,0,0,-0.3410643,0,0,0,0,0,0,0,0,0,0,0,5,0,0,-1,0,0,11,0,0,0,0,0,0,0,0,0,0,0,0,0,0,0,0,0,0,0,0,0,0,0,0,0,0,0,0
